received prefix: 10.0.0.1
start time: 1741013257660
local preference: 289
end time: 1741013257663
Time: 3 ms
--------------------------------------------------
received prefix: 10.0.0.1
start time: 1741013257669
local preference: 289
end time: 1741013257670
Time: 1 ms
--------------------------------------------------
received prefix: 10.0.0.1
start time: 1741013257675
local preference: 289
end time: 1741013257676
Time: 1 ms
--------------------------------------------------
received prefix: 10.0.0.1
start time: 1741013257678
local preference: 289
end time: 1741013257679
Time: 1 ms
--------------------------------------------------
received prefix: 10.0.0.1
start time: 1741013257681
local preference: 289
end time: 1741013257681
Time: 0 ms
--------------------------------------------------
received prefix: 10.0.0.2
start time: 1741013257684
local preference: 289
end time: 1741013257685
Time: 1 ms
--------------------------------------------------
received prefix: 10.0.0.2
start time: 1741013257687
local preference: 289
end time: 1741013257687
Time: 0 ms
--------------------------------------------------
received prefix: 10.0.0.2
start time: 1741013257690
local preference: 289
end time: 1741013257692
Time: 2 ms
--------------------------------------------------
received prefix: 10.0.0.2
start time: 1741013257697
local preference: 289
end time: 1741013257697
Time: 0 ms
--------------------------------------------------
received prefix: 10.0.0.2
start time: 1741013257701
local preference: 289
end time: 1741013257702
Time: 1 ms
--------------------------------------------------
received prefix: 10.0.0.3
start time: 1741013257750
local preference: 289
end time: 1741013257751
Time: 1 ms
--------------------------------------------------
received prefix: 10.0.0.3
start time: 1741013257757
local preference: 289
end time: 1741013257757
Time: 0 ms
--------------------------------------------------
received prefix: 10.0.0.3
start time: 1741013257760
local preference: 289
end time: 1741013257760
Time: 0 ms
--------------------------------------------------
received prefix: 10.0.0.3
start time: 1741013257763
local preference: 289
end time: 1741013257763
Time: 0 ms
--------------------------------------------------
received prefix: 10.0.0.3
start time: 1741013257765
local preference: 289
end time: 1741013257766
Time: 1 ms
--------------------------------------------------
received prefix: 10.0.0.4
start time: 1741013257947
local preference: 288
end time: 1741013257948
Time: 1 ms
--------------------------------------------------
received prefix: 10.0.0.4
start time: 1741013257959
local preference: 288
end time: 1741013257960
Time: 1 ms
--------------------------------------------------
received prefix: 10.0.0.4
start time: 1741013257965
local preference: 288
end time: 1741013257966
Time: 1 ms
--------------------------------------------------
received prefix: 10.0.0.4
start time: 1741013257970
local preference: 288
end time: 1741013257971
Time: 1 ms
--------------------------------------------------
received prefix: 10.0.0.4
start time: 1741013257974
local preference: 288
end time: 1741013257975
Time: 1 ms
--------------------------------------------------
received prefix: 10.0.0.5
start time: 1741013258025
local preference: 289
end time: 1741013258026
Time: 1 ms
--------------------------------------------------
received prefix: 10.0.0.5
start time: 1741013258028
local preference: 289
end time: 1741013258029
Time: 1 ms
--------------------------------------------------
received prefix: 10.0.0.5
start time: 1741013258031
local preference: 289
end time: 1741013258032
Time: 1 ms
--------------------------------------------------
received prefix: 10.0.0.5
start time: 1741013258034
local preference: 289
end time: 1741013258035
Time: 1 ms
--------------------------------------------------
received prefix: 10.0.0.5
start time: 1741013258054
local preference: 289
end time: 1741013258057
Time: 3 ms
--------------------------------------------------
received prefix: 10.0.0.6
start time: 1741013258091
local preference: 289
end time: 1741013258091
Time: 0 ms
--------------------------------------------------
received prefix: 10.0.0.6
start time: 1741013258093
local preference: 289
end time: 1741013258094
Time: 1 ms
--------------------------------------------------
received prefix: 10.0.0.6
start time: 1741013258114
local preference: 289
end time: 1741013258116
Time: 2 ms
--------------------------------------------------
received prefix: 10.0.0.6
start time: 1741013258138
local preference: 289
end time: 1741013258139
Time: 1 ms
--------------------------------------------------
received prefix: 10.0.0.6
start time: 1741013258142
local preference: 289
end time: 1741013258142
Time: 0 ms
--------------------------------------------------
received prefix: 10.0.0.8
start time: 1741013258934
local preference: 289
end time: 1741013258935
Time: 1 ms
--------------------------------------------------
received prefix: 10.0.0.7
start time: 1741013260265
local preference: 289
end time: 1741013260266
Time: 1 ms
--------------------------------------------------
received prefix: 10.0.0.32
start time: 1741013286976
local preference: 289
end time: 1741013286976
Time: 0 ms
--------------------------------------------------
received prefix: 10.0.0.26
start time: 1741013287206
local preference: 289
end time: 1741013287207
Time: 1 ms
--------------------------------------------------
received prefix: 10.0.0.25
start time: 1741013287273
local preference: 289
end time: 1741013287274
Time: 1 ms
--------------------------------------------------
received prefix: 10.0.0.21
start time: 1741013287310
local preference: 289
end time: 1741013287311
Time: 1 ms
--------------------------------------------------
received prefix: 10.0.0.22
start time: 1741013287354
local preference: 289
end time: 1741013287355
Time: 1 ms
--------------------------------------------------
received prefix: 10.0.0.20
start time: 1741013287382
local preference: 289
end time: 1741013287383
Time: 1 ms
--------------------------------------------------
received prefix: 10.0.0.13
start time: 1741013287425
local preference: 290
end time: 1741013287426
Time: 1 ms
--------------------------------------------------
received prefix: 10.0.0.14
start time: 1741013287479
local preference: 289
end time: 1741013287479
Time: 0 ms
--------------------------------------------------
received prefix: 10.0.0.11
start time: 1741013287531
local preference: 290
end time: 1741013287532
Time: 1 ms
--------------------------------------------------
received prefix: 10.0.0.7
start time: 1741013287590
local preference: 289
end time: 1741013287590
Time: 0 ms
--------------------------------------------------
received prefix: 10.0.0.8
start time: 1741013287657
local preference: 289
end time: 1741013287658
Time: 1 ms
--------------------------------------------------
received prefix: 10.0.0.9
start time: 1741013287878
local preference: 289
end time: 1741013287879
Time: 1 ms
--------------------------------------------------
received prefix: 10.0.0.10
start time: 1741013287943
local preference: 289
end time: 1741013287944
Time: 1 ms
--------------------------------------------------
received prefix: 10.0.0.15
start time: 1741013288006
local preference: 289
end time: 1741013288007
Time: 1 ms
--------------------------------------------------
received prefix: 10.0.0.16
start time: 1741013288034
local preference: 289
end time: 1741013288034
Time: 0 ms
--------------------------------------------------
received prefix: 10.0.0.17
start time: 1741013288109
local preference: 289
end time: 1741013288110
Time: 1 ms
--------------------------------------------------
received prefix: 10.0.0.18
start time: 1741013288166
local preference: 289
end time: 1741013288168
Time: 2 ms
--------------------------------------------------
received prefix: 10.0.0.19
start time: 1741013288200
local preference: 289
end time: 1741013288201
Time: 1 ms
--------------------------------------------------
received prefix: 10.0.0.23
start time: 1741013288301
local preference: 289
end time: 1741013288301
Time: 0 ms
--------------------------------------------------
received prefix: 10.0.0.24
start time: 1741013288329
local preference: 289
end time: 1741013288330
Time: 1 ms
--------------------------------------------------
received prefix: 10.0.0.27
start time: 1741013288394
local preference: 289
end time: 1741013288395
Time: 1 ms
--------------------------------------------------
received prefix: 10.0.0.28
start time: 1741013288450
local preference: 289
end time: 1741013288450
Time: 0 ms
--------------------------------------------------
received prefix: 10.0.0.29
start time: 1741013288481
local preference: 289
end time: 1741013288482
Time: 1 ms
--------------------------------------------------
received prefix: 10.0.0.30
start time: 1741013288544
local preference: 289
end time: 1741013288545
Time: 1 ms
--------------------------------------------------
received prefix: 10.0.0.31
start time: 1741013288613
local preference: 289
end time: 1741013288614
Time: 1 ms
--------------------------------------------------
received prefix: 10.0.0.32
start time: 1741013291869
local preference: 289
end time: 1741013291870
Time: 1 ms
--------------------------------------------------
received prefix: 10.0.0.32
start time: 1741013291891
local preference: 289
end time: 1741013291892
Time: 1 ms
--------------------------------------------------
received prefix: 10.0.0.32
start time: 1741013291908
local preference: 289
end time: 1741013291909
Time: 1 ms
--------------------------------------------------
received prefix: 10.0.0.32
start time: 1741013291913
local preference: 289
end time: 1741013291914
Time: 1 ms
--------------------------------------------------
received prefix: 10.0.0.32
start time: 1741013291933
local preference: 289
end time: 1741013291934
Time: 1 ms
--------------------------------------------------
received prefix: 10.0.0.26
start time: 1741013291975
local preference: 289
end time: 1741013291976
Time: 1 ms
--------------------------------------------------
received prefix: 10.0.0.26
start time: 1741013292001
local preference: 289
end time: 1741013292002
Time: 1 ms
--------------------------------------------------
received prefix: 10.0.0.26
start time: 1741013292005
local preference: 289
end time: 1741013292005
Time: 0 ms
--------------------------------------------------
received prefix: 10.0.0.26
start time: 1741013292008
local preference: 289
end time: 1741013292009
Time: 1 ms
--------------------------------------------------
received prefix: 10.0.0.26
start time: 1741013292024
local preference: 289
end time: 1741013292025
Time: 1 ms
--------------------------------------------------
received prefix: 10.0.0.25
start time: 1741013292087
local preference: 289
end time: 1741013292087
Time: 0 ms
--------------------------------------------------
received prefix: 10.0.0.25
start time: 1741013292122
local preference: 289
end time: 1741013292123
Time: 1 ms
--------------------------------------------------
received prefix: 10.0.0.25
start time: 1741013292134
local preference: 289
end time: 1741013292135
Time: 1 ms
--------------------------------------------------
received prefix: 10.0.0.25
start time: 1741013292143
local preference: 289
end time: 1741013292143
Time: 0 ms
--------------------------------------------------
received prefix: 10.0.0.25
start time: 1741013292149
local preference: 289
end time: 1741013292149
Time: 0 ms
--------------------------------------------------
received prefix: 10.0.0.21
start time: 1741013292205
local preference: 289
end time: 1741013292205
Time: 0 ms
--------------------------------------------------
received prefix: 10.0.0.21
start time: 1741013292208
local preference: 289
end time: 1741013292209
Time: 1 ms
--------------------------------------------------
received prefix: 10.0.0.21
start time: 1741013292221
local preference: 289
end time: 1741013292221
Time: 0 ms
--------------------------------------------------
received prefix: 10.0.0.21
start time: 1741013292240
local preference: 289
end time: 1741013292242
Time: 2 ms
--------------------------------------------------
received prefix: 10.0.0.21
start time: 1741013292259
local preference: 289
end time: 1741013292260
Time: 1 ms
--------------------------------------------------
received prefix: 10.0.0.22
start time: 1741013292289
local preference: 289
end time: 1741013292290
Time: 1 ms
--------------------------------------------------
received prefix: 10.0.0.22
start time: 1741013292297
local preference: 289
end time: 1741013292298
Time: 1 ms
--------------------------------------------------
received prefix: 10.0.0.22
start time: 1741013292303
local preference: 289
end time: 1741013292303
Time: 0 ms
--------------------------------------------------
received prefix: 10.0.0.22
start time: 1741013292308
local preference: 289
end time: 1741013292310
Time: 2 ms
--------------------------------------------------
received prefix: 10.0.0.22
start time: 1741013292331
local preference: 289
end time: 1741013292332
Time: 1 ms
--------------------------------------------------
received prefix: 10.0.0.20
start time: 1741013292366
local preference: 289
end time: 1741013292367
Time: 1 ms
--------------------------------------------------
received prefix: 10.0.0.20
start time: 1741013292381
local preference: 289
end time: 1741013292384
Time: 3 ms
--------------------------------------------------
received prefix: 10.0.0.20
start time: 1741013292410
local preference: 289
end time: 1741013292411
Time: 1 ms
--------------------------------------------------
received prefix: 10.0.0.20
start time: 1741013292414
local preference: 289
end time: 1741013292415
Time: 1 ms
--------------------------------------------------
received prefix: 10.0.0.20
start time: 1741013292426
local preference: 289
end time: 1741013292427
Time: 1 ms
--------------------------------------------------
received prefix: 10.0.0.13
start time: 1741013292478
local preference: 290
end time: 1741013292479
Time: 1 ms
--------------------------------------------------
received prefix: 10.0.0.13
start time: 1741013292490
local preference: 290
end time: 1741013292491
Time: 1 ms
--------------------------------------------------
received prefix: 10.0.0.13
start time: 1741013292493
local preference: 290
end time: 1741013292494
Time: 1 ms
--------------------------------------------------
received prefix: 10.0.0.13
start time: 1741013292496
local preference: 290
end time: 1741013292497
Time: 1 ms
--------------------------------------------------
received prefix: 10.0.0.13
start time: 1741013292500
local preference: 289
end time: 1741013292501
Time: 1 ms
--------------------------------------------------
received prefix: 10.0.0.14
start time: 1741013292549
local preference: 289
end time: 1741013292551
Time: 2 ms
--------------------------------------------------
received prefix: 10.0.0.14
start time: 1741013292565
local preference: 289
end time: 1741013292566
Time: 1 ms
--------------------------------------------------
received prefix: 10.0.0.14
start time: 1741013292570
local preference: 289
end time: 1741013292570
Time: 0 ms
--------------------------------------------------
received prefix: 10.0.0.14
start time: 1741013292573
local preference: 289
end time: 1741013292573
Time: 0 ms
--------------------------------------------------
received prefix: 10.0.0.14
start time: 1741013292576
local preference: 289
end time: 1741013292577
Time: 1 ms
--------------------------------------------------
received prefix: 10.0.0.11
start time: 1741013292622
local preference: 290
end time: 1741013292623
Time: 1 ms
--------------------------------------------------
received prefix: 10.0.0.11
start time: 1741013292642
local preference: 290
end time: 1741013292643
Time: 1 ms
--------------------------------------------------
received prefix: 10.0.0.11
start time: 1741013292649
local preference: 290
end time: 1741013292650
Time: 1 ms
--------------------------------------------------
received prefix: 10.0.0.11
start time: 1741013292658
local preference: 290
end time: 1741013292658
Time: 0 ms
--------------------------------------------------
received prefix: 10.0.0.11
start time: 1741013292671
local preference: 290
end time: 1741013292671
Time: 0 ms
--------------------------------------------------
received prefix: 10.0.0.7
start time: 1741013292731
local preference: 289
end time: 1741013292732
Time: 1 ms
--------------------------------------------------
received prefix: 10.0.0.7
start time: 1741013292736
local preference: 289
end time: 1741013292737
Time: 1 ms
--------------------------------------------------
received prefix: 10.0.0.7
start time: 1741013292761
local preference: 289
end time: 1741013292763
Time: 2 ms
--------------------------------------------------
received prefix: 10.0.0.7
start time: 1741013292785
local preference: 289
end time: 1741013292786
Time: 1 ms
--------------------------------------------------
received prefix: 10.0.0.8
start time: 1741013292818
local preference: 289
end time: 1741013292818
Time: 0 ms
--------------------------------------------------
received prefix: 10.0.0.8
start time: 1741013292821
local preference: 289
end time: 1741013292822
Time: 1 ms
--------------------------------------------------
received prefix: 10.0.0.8
start time: 1741013292824
local preference: 289
end time: 1741013292825
Time: 1 ms
--------------------------------------------------
received prefix: 10.0.0.8
start time: 1741013292828
local preference: 289
end time: 1741013292829
Time: 1 ms
--------------------------------------------------
received prefix: 10.0.0.9
start time: 1741013292871
local preference: 289
end time: 1741013292872
Time: 1 ms
--------------------------------------------------
received prefix: 10.0.0.9
start time: 1741013292880
local preference: 289
end time: 1741013292880
Time: 0 ms
--------------------------------------------------
received prefix: 10.0.0.9
start time: 1741013292895
local preference: 289
end time: 1741013292896
Time: 1 ms
--------------------------------------------------
received prefix: 10.0.0.9
start time: 1741013292899
local preference: 289
end time: 1741013292900
Time: 1 ms
--------------------------------------------------
received prefix: 10.0.0.9
start time: 1741013292902
local preference: 289
end time: 1741013292903
Time: 1 ms
--------------------------------------------------
received prefix: 10.0.0.10
start time: 1741013292958
local preference: 289
end time: 1741013292959
Time: 1 ms
--------------------------------------------------
received prefix: 10.0.0.10
start time: 1741013292964
local preference: 289
end time: 1741013292964
Time: 0 ms
--------------------------------------------------
received prefix: 10.0.0.10
start time: 1741013292968
local preference: 289
end time: 1741013292969
Time: 1 ms
--------------------------------------------------
received prefix: 10.0.0.10
start time: 1741013292989
local preference: 289
end time: 1741013292990
Time: 1 ms
--------------------------------------------------
received prefix: 10.0.0.10
start time: 1741013292995
local preference: 289
end time: 1741013292996
Time: 1 ms
--------------------------------------------------
received prefix: 10.0.0.15
start time: 1741013293027
local preference: 289
end time: 1741013293028
Time: 1 ms
--------------------------------------------------
received prefix: 10.0.0.15
start time: 1741013293057
local preference: 289
end time: 1741013293058
Time: 1 ms
--------------------------------------------------
received prefix: 10.0.0.15
start time: 1741013293064
local preference: 289
end time: 1741013293064
Time: 0 ms
--------------------------------------------------
received prefix: 10.0.0.15
start time: 1741013293080
local preference: 289
end time: 1741013293081
Time: 1 ms
--------------------------------------------------
received prefix: 10.0.0.15
start time: 1741013293085
local preference: 289
end time: 1741013293085
Time: 0 ms
--------------------------------------------------
received prefix: 10.0.0.16
start time: 1741013293157
local preference: 289
end time: 1741013293158
Time: 1 ms
--------------------------------------------------
received prefix: 10.0.0.16
start time: 1741013293161
local preference: 289
end time: 1741013293162
Time: 1 ms
--------------------------------------------------
received prefix: 10.0.0.16
start time: 1741013293165
local preference: 289
end time: 1741013293165
Time: 0 ms
--------------------------------------------------
received prefix: 10.0.0.16
start time: 1741013293168
local preference: 289
end time: 1741013293169
Time: 1 ms
--------------------------------------------------
received prefix: 10.0.0.16
start time: 1741013293172
local preference: 289
end time: 1741013293173
Time: 1 ms
--------------------------------------------------
received prefix: 10.0.0.17
start time: 1741013293249
local preference: 289
end time: 1741013293250
Time: 1 ms
--------------------------------------------------
received prefix: 10.0.0.17
start time: 1741013293255
local preference: 289
end time: 1741013293256
Time: 1 ms
--------------------------------------------------
received prefix: 10.0.0.17
start time: 1741013293261
local preference: 289
end time: 1741013293262
Time: 1 ms
--------------------------------------------------
received prefix: 10.0.0.17
start time: 1741013293264
local preference: 289
end time: 1741013293265
Time: 1 ms
--------------------------------------------------
received prefix: 10.0.0.17
start time: 1741013293275
local preference: 289
end time: 1741013293276
Time: 1 ms
--------------------------------------------------
received prefix: 10.0.0.18
start time: 1741013293325
local preference: 289
end time: 1741013293325
Time: 0 ms
--------------------------------------------------
received prefix: 10.0.0.18
start time: 1741013293338
local preference: 289
end time: 1741013293339
Time: 1 ms
--------------------------------------------------
received prefix: 10.0.0.18
start time: 1741013293342
local preference: 289
end time: 1741013293343
Time: 1 ms
--------------------------------------------------
received prefix: 10.0.0.18
start time: 1741013293348
local preference: 289
end time: 1741013293349
Time: 1 ms
--------------------------------------------------
received prefix: 10.0.0.18
start time: 1741013293353
local preference: 289
end time: 1741013293354
Time: 1 ms
--------------------------------------------------
received prefix: 10.0.0.19
start time: 1741013293395
local preference: 289
end time: 1741013293396
Time: 1 ms
--------------------------------------------------
received prefix: 10.0.0.19
start time: 1741013293397
local preference: 289
end time: 1741013293398
Time: 1 ms
--------------------------------------------------
received prefix: 10.0.0.19
start time: 1741013293400
local preference: 289
end time: 1741013293401
Time: 1 ms
--------------------------------------------------
received prefix: 10.0.0.19
start time: 1741013293404
local preference: 289
end time: 1741013293405
Time: 1 ms
--------------------------------------------------
received prefix: 10.0.0.19
start time: 1741013293427
local preference: 289
end time: 1741013293428
Time: 1 ms
--------------------------------------------------
received prefix: 10.0.0.23
start time: 1741013293482
local preference: 289
end time: 1741013293483
Time: 1 ms
--------------------------------------------------
received prefix: 10.0.0.23
start time: 1741013293489
local preference: 289
end time: 1741013293490
Time: 1 ms
--------------------------------------------------
received prefix: 10.0.0.23
start time: 1741013293497
local preference: 289
end time: 1741013293497
Time: 0 ms
--------------------------------------------------
received prefix: 10.0.0.23
start time: 1741013293500
local preference: 289
end time: 1741013293501
Time: 1 ms
--------------------------------------------------
received prefix: 10.0.0.23
start time: 1741013293522
local preference: 289
end time: 1741013293522
Time: 0 ms
--------------------------------------------------
received prefix: 10.0.0.24
start time: 1741013293557
local preference: 289
end time: 1741013293558
Time: 1 ms
--------------------------------------------------
received prefix: 10.0.0.24
start time: 1741013293561
local preference: 289
end time: 1741013293562
Time: 1 ms
--------------------------------------------------
received prefix: 10.0.0.24
start time: 1741013293580
local preference: 289
end time: 1741013293581
Time: 1 ms
--------------------------------------------------
received prefix: 10.0.0.24
start time: 1741013293589
local preference: 289
end time: 1741013293590
Time: 1 ms
--------------------------------------------------
received prefix: 10.0.0.24
start time: 1741013293608
local preference: 289
end time: 1741013293609
Time: 1 ms
--------------------------------------------------
received prefix: 10.0.0.27
start time: 1741013293640
local preference: 289
end time: 1741013293641
Time: 1 ms
--------------------------------------------------
received prefix: 10.0.0.27
start time: 1741013293645
local preference: 289
end time: 1741013293646
Time: 1 ms
--------------------------------------------------
received prefix: 10.0.0.27
start time: 1741013293650
local preference: 289
end time: 1741013293651
Time: 1 ms
--------------------------------------------------
received prefix: 10.0.0.27
start time: 1741013293681
local preference: 289
end time: 1741013293682
Time: 1 ms
--------------------------------------------------
received prefix: 10.0.0.27
start time: 1741013293692
local preference: 289
end time: 1741013293692
Time: 0 ms
--------------------------------------------------
received prefix: 10.0.0.28
start time: 1741013293726
local preference: 289
end time: 1741013293727
Time: 1 ms
--------------------------------------------------
received prefix: 10.0.0.28
start time: 1741013293730
local preference: 289
end time: 1741013293730
Time: 0 ms
--------------------------------------------------
received prefix: 10.0.0.28
start time: 1741013293742
local preference: 289
end time: 1741013293744
Time: 2 ms
--------------------------------------------------
received prefix: 10.0.0.28
start time: 1741013293765
local preference: 289
end time: 1741013293766
Time: 1 ms
--------------------------------------------------
received prefix: 10.0.0.28
start time: 1741013293770
local preference: 289
end time: 1741013293771
Time: 1 ms
--------------------------------------------------
received prefix: 10.0.0.29
start time: 1741013293798
local preference: 289
end time: 1741013293798
Time: 0 ms
--------------------------------------------------
received prefix: 10.0.0.29
start time: 1741013293802
local preference: 289
end time: 1741013293803
Time: 1 ms
--------------------------------------------------
received prefix: 10.0.0.29
start time: 1741013293832
local preference: 289
end time: 1741013293833
Time: 1 ms
--------------------------------------------------
received prefix: 10.0.0.29
start time: 1741013293837
local preference: 289
end time: 1741013293838
Time: 1 ms
--------------------------------------------------
received prefix: 10.0.0.29
start time: 1741013293840
local preference: 289
end time: 1741013293841
Time: 1 ms
--------------------------------------------------
received prefix: 10.0.0.30
start time: 1741013293857
local preference: 289
end time: 1741013293858
Time: 1 ms
--------------------------------------------------
received prefix: 10.0.0.30
start time: 1741013293883
local preference: 289
end time: 1741013293884
Time: 1 ms
--------------------------------------------------
received prefix: 10.0.0.30
start time: 1741013293897
local preference: 289
end time: 1741013293898
Time: 1 ms
--------------------------------------------------
received prefix: 10.0.0.30
start time: 1741013293903
local preference: 289
end time: 1741013293903
Time: 0 ms
--------------------------------------------------
received prefix: 10.0.0.30
start time: 1741013293906
local preference: 289
end time: 1741013293906
Time: 0 ms
--------------------------------------------------
received prefix: 10.0.0.31
start time: 1741013293934
local preference: 289
end time: 1741013293935
Time: 1 ms
--------------------------------------------------
received prefix: 10.0.0.31
start time: 1741013293937
local preference: 289
end time: 1741013293938
Time: 1 ms
--------------------------------------------------
received prefix: 10.0.0.31
start time: 1741013293951
local preference: 289
end time: 1741013293952
Time: 1 ms
--------------------------------------------------
received prefix: 10.0.0.31
start time: 1741013293972
local preference: 289
end time: 1741013293973
Time: 1 ms
--------------------------------------------------
received prefix: 10.0.0.31
start time: 1741013293975
local preference: 289
end time: 1741013293976
Time: 1 ms
--------------------------------------------------
received prefix: 10.0.0.12
start time: 1741013297001
local preference: 290
end time: 1741013297001
Time: 0 ms
--------------------------------------------------
received prefix: 10.0.0.12
start time: 1741013316453
local preference: 290
end time: 1741013316454
Time: 1 ms
--------------------------------------------------
received prefix: 10.0.0.12
start time: 1741013320079
local preference: 290
end time: 1741013320079
Time: 0 ms
--------------------------------------------------
received prefix: 10.0.0.12
start time: 1741013320084
local preference: 290
end time: 1741013320085
Time: 1 ms
--------------------------------------------------
received prefix: 10.0.0.12
start time: 1741013320091
local preference: 290
end time: 1741013320094
Time: 3 ms
--------------------------------------------------
received prefix: 10.0.0.12
start time: 1741013320114
local preference: 290
end time: 1741013320115
Time: 1 ms
--------------------------------------------------
received prefix: 10.0.0.1
start time: 1741013782349
local preference: 289
end time: 1741013782350
Time: 1 ms
--------------------------------------------------
received prefix: 10.0.0.1
start time: 1741013782356
local preference: 289
end time: 1741013782357
Time: 1 ms
--------------------------------------------------
received prefix: 10.0.0.1
start time: 1741013782361
local preference: 289
end time: 1741013782361
Time: 0 ms
--------------------------------------------------
received prefix: 10.0.0.1
start time: 1741013782364
local preference: 289
end time: 1741013782365
Time: 1 ms
--------------------------------------------------
received prefix: 10.0.0.1
start time: 1741013782367
local preference: 289
end time: 1741013782368
Time: 1 ms
--------------------------------------------------
received prefix: 10.0.0.2
start time: 1741013782371
local preference: 289
end time: 1741013782372
Time: 1 ms
--------------------------------------------------
received prefix: 10.0.0.2
start time: 1741013782378
local preference: 289
end time: 1741013782379
Time: 1 ms
--------------------------------------------------
received prefix: 10.0.0.2
start time: 1741013782384
local preference: 289
end time: 1741013782386
Time: 2 ms
--------------------------------------------------
received prefix: 10.0.0.2
start time: 1741013782388
local preference: 289
end time: 1741013782388
Time: 0 ms
--------------------------------------------------
received prefix: 10.0.0.2
start time: 1741013782400
local preference: 289
end time: 1741013782401
Time: 1 ms
--------------------------------------------------
received prefix: 10.0.0.3
start time: 1741013782430
local preference: 289
end time: 1741013782431
Time: 1 ms
--------------------------------------------------
received prefix: 10.0.0.3
start time: 1741013782436
local preference: 289
end time: 1741013782437
Time: 1 ms
--------------------------------------------------
received prefix: 10.0.0.3
start time: 1741013782441
local preference: 289
end time: 1741013782444
Time: 3 ms
--------------------------------------------------
received prefix: 10.0.0.3
start time: 1741013782456
local preference: 289
end time: 1741013782457
Time: 1 ms
--------------------------------------------------
received prefix: 10.0.0.3
start time: 1741013782461
local preference: 289
end time: 1741013782462
Time: 1 ms
--------------------------------------------------
received prefix: 10.0.0.4
start time: 1741013782753
local preference: 288
end time: 1741013782754
Time: 1 ms
--------------------------------------------------
received prefix: 10.0.0.4
start time: 1741013782795
local preference: 288
end time: 1741013782796
Time: 1 ms
--------------------------------------------------
received prefix: 10.0.0.4
start time: 1741013782799
local preference: 288
end time: 1741013782799
Time: 0 ms
--------------------------------------------------
received prefix: 10.0.0.4
start time: 1741013782803
local preference: 288
end time: 1741013782804
Time: 1 ms
--------------------------------------------------
received prefix: 10.0.0.4
start time: 1741013782808
local preference: 288
end time: 1741013782811
Time: 3 ms
--------------------------------------------------
received prefix: 10.0.0.5
start time: 1741013782842
local preference: 289
end time: 1741013782843
Time: 1 ms
--------------------------------------------------
received prefix: 10.0.0.5
start time: 1741013782883
local preference: 289
end time: 1741013782885
Time: 2 ms
--------------------------------------------------
received prefix: 10.0.0.5
start time: 1741013782888
local preference: 289
end time: 1741013782889
Time: 1 ms
--------------------------------------------------
received prefix: 10.0.0.5
start time: 1741013782893
local preference: 289
end time: 1741013782894
Time: 1 ms
--------------------------------------------------
received prefix: 10.0.0.5
start time: 1741013782905
local preference: 289
end time: 1741013782906
Time: 1 ms
--------------------------------------------------
received prefix: 10.0.0.6
start time: 1741013782964
local preference: 289
end time: 1741013782965
Time: 1 ms
--------------------------------------------------
received prefix: 10.0.0.6
start time: 1741013782969
local preference: 289
end time: 1741013782971
Time: 2 ms
--------------------------------------------------
received prefix: 10.0.0.6
start time: 1741013783008
local preference: 289
end time: 1741013783008
Time: 0 ms
--------------------------------------------------
received prefix: 10.0.0.6
start time: 1741013783011
local preference: 289
end time: 1741013783012
Time: 1 ms
--------------------------------------------------
received prefix: 10.0.0.6
start time: 1741013783017
local preference: 289
end time: 1741013783018
Time: 1 ms
--------------------------------------------------
received prefix: 10.0.0.8
start time: 1741013784141
local preference: 289
end time: 1741013784142
Time: 1 ms
--------------------------------------------------
received prefix: 10.0.0.6
start time: 1741013784357
local preference: 289
end time: 1741013784358
Time: 1 ms
--------------------------------------------------
received prefix: 10.0.0.1
start time: 1741013784673
local preference: 289
end time: 1741013784674
Time: 1 ms
--------------------------------------------------
received prefix: 10.0.0.2
start time: 1741013784987
local preference: 289
end time: 1741013784987
Time: 0 ms
--------------------------------------------------
received prefix: 10.0.0.3
start time: 1741013785377
local preference: 289
end time: 1741013785378
Time: 1 ms
--------------------------------------------------
received prefix: 10.0.0.4
start time: 1741013785963
local preference: 288
end time: 1741013785964
Time: 1 ms
--------------------------------------------------
received prefix: 10.0.0.5
start time: 1741013786411
local preference: 289
end time: 1741013786412
Time: 1 ms
--------------------------------------------------
received prefix: 10.0.0.7
start time: 1741013786480
local preference: 289
end time: 1741013786480
Time: 0 ms
--------------------------------------------------
received prefix: 10.0.0.32
start time: 1741013811685
local preference: 289
end time: 1741013811687
Time: 2 ms
--------------------------------------------------
received prefix: 10.0.0.3
start time: 1741013811878
local preference: 289
end time: 1741013811878
Time: 0 ms
--------------------------------------------------
received prefix: 10.0.0.1
start time: 1741013812141
local preference: 289
end time: 1741013812142
Time: 1 ms
--------------------------------------------------
received prefix: 10.0.0.2
start time: 1741013812448
local preference: 289
end time: 1741013812449
Time: 1 ms
--------------------------------------------------
received prefix: 10.0.0.26
start time: 1741013812543
local preference: 289
end time: 1741013812544
Time: 1 ms
--------------------------------------------------
received prefix: 10.0.0.25
start time: 1741013812628
local preference: 289
end time: 1741013812628
Time: 0 ms
--------------------------------------------------
received prefix: 10.0.0.21
start time: 1741013812703
local preference: 289
end time: 1741013812703
Time: 0 ms
--------------------------------------------------
received prefix: 10.0.0.22
start time: 1741013812752
local preference: 289
end time: 1741013812753
Time: 1 ms
--------------------------------------------------
received prefix: 10.0.0.20
start time: 1741013812846
local preference: 289
end time: 1741013812847
Time: 1 ms
--------------------------------------------------
received prefix: 10.0.0.13
start time: 1741013812891
local preference: 289
end time: 1741013812892
Time: 1 ms
--------------------------------------------------
received prefix: 10.0.0.14
start time: 1741013812952
local preference: 289
end time: 1741013812954
Time: 2 ms
--------------------------------------------------
received prefix: 10.0.0.11
start time: 1741013813042
local preference: 290
end time: 1741013813043
Time: 1 ms
--------------------------------------------------
received prefix: 10.0.0.7
start time: 1741013813165
local preference: 289
end time: 1741013813166
Time: 1 ms
--------------------------------------------------
received prefix: 10.0.0.8
start time: 1741013813309
local preference: 289
end time: 1741013813310
Time: 1 ms
--------------------------------------------------
received prefix: 10.0.0.6
start time: 1741013813328
local preference: 289
end time: 1741013813329
Time: 1 ms
--------------------------------------------------
received prefix: 10.0.0.4
start time: 1741013813504
local preference: 288
end time: 1741013813505
Time: 1 ms
--------------------------------------------------
received prefix: 10.0.0.5
start time: 1741013813609
local preference: 289
end time: 1741013813609
Time: 0 ms
--------------------------------------------------
received prefix: 10.0.0.9
start time: 1741013813752
local preference: 289
end time: 1741013813753
Time: 1 ms
--------------------------------------------------
received prefix: 10.0.0.10
start time: 1741013813916
local preference: 289
end time: 1741013813916
Time: 0 ms
--------------------------------------------------
received prefix: 10.0.0.15
start time: 1741013814035
local preference: 289
end time: 1741013814037
Time: 2 ms
--------------------------------------------------
received prefix: 10.0.0.16
start time: 1741013814206
local preference: 289
end time: 1741013814207
Time: 1 ms
--------------------------------------------------
received prefix: 10.0.0.17
start time: 1741013814310
local preference: 289
end time: 1741013814311
Time: 1 ms
--------------------------------------------------
received prefix: 10.0.0.18
start time: 1741013814409
local preference: 289
end time: 1741013814410
Time: 1 ms
--------------------------------------------------
received prefix: 10.0.0.19
start time: 1741013814544
local preference: 289
end time: 1741013814544
Time: 0 ms
--------------------------------------------------
received prefix: 10.0.0.23
start time: 1741013814896
local preference: 289
end time: 1741013814897
Time: 1 ms
--------------------------------------------------
received prefix: 10.0.0.24
start time: 1741013815276
local preference: 289
end time: 1741013815277
Time: 1 ms
--------------------------------------------------
received prefix: 10.0.0.27
start time: 1741013815398
local preference: 289
end time: 1741013815399
Time: 1 ms
--------------------------------------------------
received prefix: 10.0.0.28
start time: 1741013815455
local preference: 289
end time: 1741013815455
Time: 0 ms
--------------------------------------------------
received prefix: 10.0.0.29
start time: 1741013815614
local preference: 289
end time: 1741013815615
Time: 1 ms
--------------------------------------------------
received prefix: 10.0.0.30
start time: 1741013815895
local preference: 289
end time: 1741013815896
Time: 1 ms
--------------------------------------------------
received prefix: 10.0.0.31
start time: 1741013815991
local preference: 289
end time: 1741013815992
Time: 1 ms
--------------------------------------------------
received prefix: 10.0.0.32
start time: 1741013819427
local preference: 289
end time: 1741013819428
Time: 1 ms
--------------------------------------------------
received prefix: 10.0.0.32
start time: 1741013819461
local preference: 289
end time: 1741013819462
Time: 1 ms
--------------------------------------------------
received prefix: 10.0.0.32
start time: 1741013819473
local preference: 289
end time: 1741013819474
Time: 1 ms
--------------------------------------------------
received prefix: 10.0.0.32
start time: 1741013819483
local preference: 289
end time: 1741013819484
Time: 1 ms
--------------------------------------------------
received prefix: 10.0.0.32
start time: 1741013819491
local preference: 289
end time: 1741013819491
Time: 0 ms
--------------------------------------------------
received prefix: 10.0.0.26
start time: 1741013819604
local preference: 289
end time: 1741013819605
Time: 1 ms
--------------------------------------------------
received prefix: 10.0.0.26
start time: 1741013819620
local preference: 289
end time: 1741013819620
Time: 0 ms
--------------------------------------------------
received prefix: 10.0.0.26
start time: 1741013819623
local preference: 289
end time: 1741013819623
Time: 0 ms
--------------------------------------------------
received prefix: 10.0.0.26
start time: 1741013819627
local preference: 289
end time: 1741013819628
Time: 1 ms
--------------------------------------------------
received prefix: 10.0.0.26
start time: 1741013819638
local preference: 289
end time: 1741013819639
Time: 1 ms
--------------------------------------------------
received prefix: 10.0.0.25
start time: 1741013819776
local preference: 289
end time: 1741013819776
Time: 0 ms
--------------------------------------------------
received prefix: 10.0.0.25
start time: 1741013819780
local preference: 289
end time: 1741013819781
Time: 1 ms
--------------------------------------------------
received prefix: 10.0.0.25
start time: 1741013819784
local preference: 289
end time: 1741013819785
Time: 1 ms
--------------------------------------------------
received prefix: 10.0.0.25
start time: 1741013819795
local preference: 289
end time: 1741013819796
Time: 1 ms
--------------------------------------------------
received prefix: 10.0.0.25
start time: 1741013819799
local preference: 289
end time: 1741013819800
Time: 1 ms
--------------------------------------------------
received prefix: 10.0.0.21
start time: 1741013819908
local preference: 289
end time: 1741013819909
Time: 1 ms
--------------------------------------------------
received prefix: 10.0.0.21
start time: 1741013819914
local preference: 289
end time: 1741013819915
Time: 1 ms
--------------------------------------------------
received prefix: 10.0.0.21
start time: 1741013819939
local preference: 289
end time: 1741013819941
Time: 2 ms
--------------------------------------------------
received prefix: 10.0.0.21
start time: 1741013819948
local preference: 289
end time: 1741013819949
Time: 1 ms
--------------------------------------------------
received prefix: 10.0.0.21
start time: 1741013819952
local preference: 289
end time: 1741013819953
Time: 1 ms
--------------------------------------------------
received prefix: 10.0.0.22
start time: 1741013820082
local preference: 289
end time: 1741013820083
Time: 1 ms
--------------------------------------------------
received prefix: 10.0.0.22
start time: 1741013820130
local preference: 289
end time: 1741013820131
Time: 1 ms
--------------------------------------------------
received prefix: 10.0.0.22
start time: 1741013820136
local preference: 289
end time: 1741013820137
Time: 1 ms
--------------------------------------------------
received prefix: 10.0.0.22
start time: 1741013820141
local preference: 289
end time: 1741013820142
Time: 1 ms
--------------------------------------------------
received prefix: 10.0.0.22
start time: 1741013820145
local preference: 289
end time: 1741013820145
Time: 0 ms
--------------------------------------------------
received prefix: 10.0.0.20
start time: 1741013820367
local preference: 289
end time: 1741013820368
Time: 1 ms
--------------------------------------------------
received prefix: 10.0.0.20
start time: 1741013820387
local preference: 289
end time: 1741013820387
Time: 0 ms
--------------------------------------------------
received prefix: 10.0.0.20
start time: 1741013820392
local preference: 289
end time: 1741013820393
Time: 1 ms
--------------------------------------------------
received prefix: 10.0.0.20
start time: 1741013820431
local preference: 289
end time: 1741013820432
Time: 1 ms
--------------------------------------------------
received prefix: 10.0.0.20
start time: 1741013820447
local preference: 289
end time: 1741013820447
Time: 0 ms
--------------------------------------------------
received prefix: 10.0.0.13
start time: 1741013820539
local preference: 290
end time: 1741013820540
Time: 1 ms
--------------------------------------------------
received prefix: 10.0.0.13
start time: 1741013820547
local preference: 290
end time: 1741013820548
Time: 1 ms
--------------------------------------------------
received prefix: 10.0.0.13
start time: 1741013820563
local preference: 290
end time: 1741013820564
Time: 1 ms
--------------------------------------------------
received prefix: 10.0.0.13
start time: 1741013820567
local preference: 290
end time: 1741013820568
Time: 1 ms
--------------------------------------------------
received prefix: 10.0.0.13
start time: 1741013820579
local preference: 290
end time: 1741013820581
Time: 2 ms
--------------------------------------------------
received prefix: 10.0.0.14
start time: 1741013820712
local preference: 289
end time: 1741013820713
Time: 1 ms
--------------------------------------------------
received prefix: 10.0.0.14
start time: 1741013820718
local preference: 289
end time: 1741013820719
Time: 1 ms
--------------------------------------------------
received prefix: 10.0.0.14
start time: 1741013820730
local preference: 289
end time: 1741013820732
Time: 2 ms
--------------------------------------------------
received prefix: 10.0.0.14
start time: 1741013820741
local preference: 289
end time: 1741013820742
Time: 1 ms
--------------------------------------------------
received prefix: 10.0.0.14
start time: 1741013820762
local preference: 289
end time: 1741013820763
Time: 1 ms
--------------------------------------------------
received prefix: 10.0.0.11
start time: 1741013820883
local preference: 290
end time: 1741013820884
Time: 1 ms
--------------------------------------------------
received prefix: 10.0.0.11
start time: 1741013820887
local preference: 290
end time: 1741013820888
Time: 1 ms
--------------------------------------------------
received prefix: 10.0.0.11
start time: 1741013820921
local preference: 290
end time: 1741013820923
Time: 2 ms
--------------------------------------------------
received prefix: 10.0.0.11
start time: 1741013820934
local preference: 290
end time: 1741013820935
Time: 1 ms
--------------------------------------------------
received prefix: 10.0.0.11
start time: 1741013820942
local preference: 290
end time: 1741013820943
Time: 1 ms
--------------------------------------------------
received prefix: 10.0.0.7
start time: 1741013821088
local preference: 289
end time: 1741013821089
Time: 1 ms
--------------------------------------------------
received prefix: 10.0.0.7
start time: 1741013821098
local preference: 289
end time: 1741013821098
Time: 0 ms
--------------------------------------------------
received prefix: 10.0.0.7
start time: 1741013821101
local preference: 289
end time: 1741013821102
Time: 1 ms
--------------------------------------------------
received prefix: 10.0.0.7
start time: 1741013821105
local preference: 289
end time: 1741013821106
Time: 1 ms
--------------------------------------------------
received prefix: 10.0.0.7
start time: 1741013821112
local preference: 289
end time: 1741013821113
Time: 1 ms
--------------------------------------------------
received prefix: 10.0.0.8
start time: 1741013821262
local preference: 289
end time: 1741013821263
Time: 1 ms
--------------------------------------------------
received prefix: 10.0.0.8
start time: 1741013821281
local preference: 289
end time: 1741013821282
Time: 1 ms
--------------------------------------------------
received prefix: 10.0.0.8
start time: 1741013821287
local preference: 289
end time: 1741013821287
Time: 0 ms
--------------------------------------------------
received prefix: 10.0.0.8
start time: 1741013821290
local preference: 289
end time: 1741013821291
Time: 1 ms
--------------------------------------------------
received prefix: 10.0.0.8
start time: 1741013821302
local preference: 289
end time: 1741013821304
Time: 2 ms
--------------------------------------------------
received prefix: 10.0.0.9
start time: 1741013821450
local preference: 289
end time: 1741013821451
Time: 1 ms
--------------------------------------------------
received prefix: 10.0.0.9
start time: 1741013821457
local preference: 289
end time: 1741013821457
Time: 0 ms
--------------------------------------------------
received prefix: 10.0.0.9
start time: 1741013821461
local preference: 289
end time: 1741013821462
Time: 1 ms
--------------------------------------------------
received prefix: 10.0.0.9
start time: 1741013821493
local preference: 289
end time: 1741013821494
Time: 1 ms
--------------------------------------------------
received prefix: 10.0.0.9
start time: 1741013821514
local preference: 289
end time: 1741013821515
Time: 1 ms
--------------------------------------------------
received prefix: 10.0.0.10
start time: 1741013821646
local preference: 289
end time: 1741013821647
Time: 1 ms
--------------------------------------------------
received prefix: 10.0.0.10
start time: 1741013821650
local preference: 289
end time: 1741013821651
Time: 1 ms
--------------------------------------------------
received prefix: 10.0.0.10
start time: 1741013821657
local preference: 289
end time: 1741013821661
Time: 4 ms
--------------------------------------------------
received prefix: 10.0.0.10
start time: 1741013821667
local preference: 289
end time: 1741013821668
Time: 1 ms
--------------------------------------------------
received prefix: 10.0.0.10
start time: 1741013821696
local preference: 289
end time: 1741013821697
Time: 1 ms
--------------------------------------------------
received prefix: 10.0.0.15
start time: 1741013821817
local preference: 289
end time: 1741013821818
Time: 1 ms
--------------------------------------------------
received prefix: 10.0.0.15
start time: 1741013821841
local preference: 289
end time: 1741013821842
Time: 1 ms
--------------------------------------------------
received prefix: 10.0.0.15
start time: 1741013821852
local preference: 289
end time: 1741013821853
Time: 1 ms
--------------------------------------------------
received prefix: 10.0.0.15
start time: 1741013821872
local preference: 289
end time: 1741013821872
Time: 0 ms
--------------------------------------------------
received prefix: 10.0.0.15
start time: 1741013821880
local preference: 289
end time: 1741013821881
Time: 1 ms
--------------------------------------------------
received prefix: 10.0.0.16
start time: 1741013822036
local preference: 290
end time: 1741013822037
Time: 1 ms
--------------------------------------------------
received prefix: 10.0.0.16
start time: 1741013822048
local preference: 289
end time: 1741013822049
Time: 1 ms
--------------------------------------------------
received prefix: 10.0.0.16
start time: 1741013822054
local preference: 289
end time: 1741013822055
Time: 1 ms
--------------------------------------------------
received prefix: 10.0.0.16
start time: 1741013822058
local preference: 289
end time: 1741013822059
Time: 1 ms
--------------------------------------------------
received prefix: 10.0.0.16
start time: 1741013822064
local preference: 289
end time: 1741013822064
Time: 0 ms
--------------------------------------------------
received prefix: 10.0.0.17
start time: 1741013822232
local preference: 289
end time: 1741013822233
Time: 1 ms
--------------------------------------------------
received prefix: 10.0.0.17
start time: 1741013822249
local preference: 289
end time: 1741013822252
Time: 3 ms
--------------------------------------------------
received prefix: 10.0.0.17
start time: 1741013822268
local preference: 289
end time: 1741013822269
Time: 1 ms
--------------------------------------------------
received prefix: 10.0.0.17
start time: 1741013822276
local preference: 289
end time: 1741013822277
Time: 1 ms
--------------------------------------------------
received prefix: 10.0.0.17
start time: 1741013822284
local preference: 289
end time: 1741013822285
Time: 1 ms
--------------------------------------------------
received prefix: 10.0.0.18
start time: 1741013822430
local preference: 289
end time: 1741013822431
Time: 1 ms
--------------------------------------------------
received prefix: 10.0.0.18
start time: 1741013822435
local preference: 289
end time: 1741013822436
Time: 1 ms
--------------------------------------------------
received prefix: 10.0.0.18
start time: 1741013822449
local preference: 289
end time: 1741013822450
Time: 1 ms
--------------------------------------------------
received prefix: 10.0.0.18
start time: 1741013822457
local preference: 289
end time: 1741013822461
Time: 4 ms
--------------------------------------------------
received prefix: 10.0.0.18
start time: 1741013822465
local preference: 289
end time: 1741013822467
Time: 2 ms
--------------------------------------------------
received prefix: 10.0.0.19
start time: 1741013822590
local preference: 290
end time: 1741013822591
Time: 1 ms
--------------------------------------------------
received prefix: 10.0.0.19
start time: 1741013822594
local preference: 289
end time: 1741013822595
Time: 1 ms
--------------------------------------------------
received prefix: 10.0.0.19
start time: 1741013822598
local preference: 289
end time: 1741013822599
Time: 1 ms
--------------------------------------------------
received prefix: 10.0.0.19
start time: 1741013822603
local preference: 289
end time: 1741013822604
Time: 1 ms
--------------------------------------------------
received prefix: 10.0.0.19
start time: 1741013822627
local preference: 289
end time: 1741013822630
Time: 3 ms
--------------------------------------------------
received prefix: 10.0.0.23
start time: 1741013822766
local preference: 289
end time: 1741013822767
Time: 1 ms
--------------------------------------------------
received prefix: 10.0.0.23
start time: 1741013822792
local preference: 289
end time: 1741013822794
Time: 2 ms
--------------------------------------------------
received prefix: 10.0.0.23
start time: 1741013822808
local preference: 289
end time: 1741013822811
Time: 3 ms
--------------------------------------------------
received prefix: 10.0.0.23
start time: 1741013822821
local preference: 289
end time: 1741013822824
Time: 3 ms
--------------------------------------------------
received prefix: 10.0.0.23
start time: 1741013822830
local preference: 289
end time: 1741013822831
Time: 1 ms
--------------------------------------------------
received prefix: 10.0.0.24
start time: 1741013822969
local preference: 289
end time: 1741013822971
Time: 2 ms
--------------------------------------------------
received prefix: 10.0.0.24
start time: 1741013822997
local preference: 289
end time: 1741013822997
Time: 0 ms
--------------------------------------------------
received prefix: 10.0.0.24
start time: 1741013823002
local preference: 289
end time: 1741013823002
Time: 0 ms
--------------------------------------------------
received prefix: 10.0.0.24
start time: 1741013823007
local preference: 289
end time: 1741013823008
Time: 1 ms
--------------------------------------------------
received prefix: 10.0.0.24
start time: 1741013823022
local preference: 289
end time: 1741013823023
Time: 1 ms
--------------------------------------------------
received prefix: 10.0.0.27
start time: 1741013823139
local preference: 289
end time: 1741013823140
Time: 1 ms
--------------------------------------------------
received prefix: 10.0.0.27
start time: 1741013823165
local preference: 289
end time: 1741013823166
Time: 1 ms
--------------------------------------------------
received prefix: 10.0.0.27
start time: 1741013823169
local preference: 289
end time: 1741013823170
Time: 1 ms
--------------------------------------------------
received prefix: 10.0.0.27
start time: 1741013823174
local preference: 289
end time: 1741013823175
Time: 1 ms
--------------------------------------------------
received prefix: 10.0.0.27
start time: 1741013823179
local preference: 289
end time: 1741013823179
Time: 0 ms
--------------------------------------------------
received prefix: 10.0.0.28
start time: 1741013823287
local preference: 289
end time: 1741013823290
Time: 3 ms
--------------------------------------------------
received prefix: 10.0.0.28
start time: 1741013823318
local preference: 289
end time: 1741013823318
Time: 0 ms
--------------------------------------------------
received prefix: 10.0.0.28
start time: 1741013823321
local preference: 289
end time: 1741013823322
Time: 1 ms
--------------------------------------------------
received prefix: 10.0.0.28
start time: 1741013823332
local preference: 289
end time: 1741013823333
Time: 1 ms
--------------------------------------------------
received prefix: 10.0.0.28
start time: 1741013823336
local preference: 289
end time: 1741013823337
Time: 1 ms
--------------------------------------------------
received prefix: 10.0.0.29
start time: 1741013823458
local preference: 289
end time: 1741013823459
Time: 1 ms
--------------------------------------------------
received prefix: 10.0.0.29
start time: 1741013823484
local preference: 289
end time: 1741013823486
Time: 2 ms
--------------------------------------------------
received prefix: 10.0.0.29
start time: 1741013823490
local preference: 289
end time: 1741013823491
Time: 1 ms
--------------------------------------------------
received prefix: 10.0.0.29
start time: 1741013823502
local preference: 289
end time: 1741013823504
Time: 2 ms
--------------------------------------------------
received prefix: 10.0.0.29
start time: 1741013823515
local preference: 289
end time: 1741013823516
Time: 1 ms
--------------------------------------------------
received prefix: 10.0.0.30
start time: 1741013823657
local preference: 289
end time: 1741013823658
Time: 1 ms
--------------------------------------------------
received prefix: 10.0.0.30
start time: 1741013823663
local preference: 289
end time: 1741013823664
Time: 1 ms
--------------------------------------------------
received prefix: 10.0.0.30
start time: 1741013823679
local preference: 289
end time: 1741013823679
Time: 0 ms
--------------------------------------------------
received prefix: 10.0.0.30
start time: 1741013823683
local preference: 289
end time: 1741013823684
Time: 1 ms
--------------------------------------------------
received prefix: 10.0.0.30
start time: 1741013823688
local preference: 289
end time: 1741013823689
Time: 1 ms
--------------------------------------------------
received prefix: 10.0.0.31
start time: 1741013823985
local preference: 289
end time: 1741013823987
Time: 2 ms
--------------------------------------------------
received prefix: 10.0.0.31
start time: 1741013823992
local preference: 289
end time: 1741013823993
Time: 1 ms
--------------------------------------------------
received prefix: 10.0.0.31
start time: 1741013824002
local preference: 289
end time: 1741013824003
Time: 1 ms
--------------------------------------------------
received prefix: 10.0.0.31
start time: 1741013824019
local preference: 289
end time: 1741013824020
Time: 1 ms
--------------------------------------------------
received prefix: 10.0.0.31
start time: 1741013824030
local preference: 289
end time: 1741013824031
Time: 1 ms
--------------------------------------------------
received prefix: 10.0.0.8
start time: 1741013824828
local preference: 289
end time: 1741013824828
Time: 0 ms
--------------------------------------------------
received prefix: 10.0.0.8
start time: 1741013824831
local preference: 289
end time: 1741013824831
Time: 0 ms
--------------------------------------------------
received prefix: 10.0.0.8
start time: 1741013824834
local preference: 289
end time: 1741013824835
Time: 1 ms
--------------------------------------------------
received prefix: 10.0.0.8
start time: 1741013824865
local preference: 289
end time: 1741013824866
Time: 1 ms
--------------------------------------------------
received prefix: 10.0.0.8
start time: 1741013824868
local preference: 289
end time: 1741013824869
Time: 1 ms
--------------------------------------------------
received prefix: 10.0.0.7
start time: 1741013824972
local preference: 289
end time: 1741013824973
Time: 1 ms
--------------------------------------------------
received prefix: 10.0.0.7
start time: 1741013824984
local preference: 289
end time: 1741013824984
Time: 0 ms
--------------------------------------------------
received prefix: 10.0.0.7
start time: 1741013824988
local preference: 289
end time: 1741013824989
Time: 1 ms
--------------------------------------------------
received prefix: 10.0.0.7
start time: 1741013825003
local preference: 289
end time: 1741013825004
Time: 1 ms
--------------------------------------------------
received prefix: 10.0.0.7
start time: 1741013825022
local preference: 289
end time: 1741013825023
Time: 1 ms
--------------------------------------------------
received prefix: 10.0.0.9
start time: 1741013827751
local preference: 289
end time: 1741013827752
Time: 1 ms
--------------------------------------------------
received prefix: 10.0.0.10
start time: 1741013827794
local preference: 289
end time: 1741013827794
Time: 0 ms
--------------------------------------------------
received prefix: 10.0.0.11
start time: 1741013827824
local preference: 290
end time: 1741013827825
Time: 1 ms
--------------------------------------------------
received prefix: 10.0.0.12
start time: 1741013827866
local preference: 290
end time: 1741013827867
Time: 1 ms
--------------------------------------------------
received prefix: 10.0.0.32
start time: 1741013828107
local preference: 289
end time: 1741013828108
Time: 1 ms
--------------------------------------------------
received prefix: 10.0.0.26
start time: 1741013828415
local preference: 289
end time: 1741013828416
Time: 1 ms
--------------------------------------------------
received prefix: 10.0.0.25
start time: 1741013828655
local preference: 289
end time: 1741013828656
Time: 1 ms
--------------------------------------------------
received prefix: 10.0.0.21
start time: 1741013828882
local preference: 289
end time: 1741013828883
Time: 1 ms
--------------------------------------------------
received prefix: 10.0.0.22
start time: 1741013829106
local preference: 289
end time: 1741013829106
Time: 0 ms
--------------------------------------------------
received prefix: 10.0.0.20
start time: 1741013829408
local preference: 289
end time: 1741013829408
Time: 0 ms
--------------------------------------------------
received prefix: 10.0.0.13
start time: 1741013829691
local preference: 289
end time: 1741013829691
Time: 0 ms
--------------------------------------------------
received prefix: 10.0.0.14
start time: 1741013829939
local preference: 289
end time: 1741013829940
Time: 1 ms
--------------------------------------------------
received prefix: 10.0.0.15
start time: 1741013830180
local preference: 289
end time: 1741013830181
Time: 1 ms
--------------------------------------------------
received prefix: 10.0.0.16
start time: 1741013830419
local preference: 289
end time: 1741013830420
Time: 1 ms
--------------------------------------------------
received prefix: 10.0.0.17
start time: 1741013830749
local preference: 289
end time: 1741013830750
Time: 1 ms
--------------------------------------------------
received prefix: 10.0.0.18
start time: 1741013830997
local preference: 289
end time: 1741013830998
Time: 1 ms
--------------------------------------------------
received prefix: 10.0.0.19
start time: 1741013831231
local preference: 289
end time: 1741013831232
Time: 1 ms
--------------------------------------------------
received prefix: 10.0.0.23
start time: 1741013831511
local preference: 289
end time: 1741013831512
Time: 1 ms
--------------------------------------------------
received prefix: 10.0.0.24
start time: 1741013831772
local preference: 289
end time: 1741013831773
Time: 1 ms
--------------------------------------------------
received prefix: 10.0.0.27
start time: 1741013832028
local preference: 289
end time: 1741013832028
Time: 0 ms
--------------------------------------------------
received prefix: 10.0.0.28
start time: 1741013832291
local preference: 289
end time: 1741013832292
Time: 1 ms
--------------------------------------------------
received prefix: 10.0.0.29
start time: 1741013832551
local preference: 289
end time: 1741013832552
Time: 1 ms
--------------------------------------------------
received prefix: 10.0.0.30
start time: 1741013832785
local preference: 289
end time: 1741013832786
Time: 1 ms
--------------------------------------------------
received prefix: 10.0.0.31
start time: 1741013832989
local preference: 289
end time: 1741013832990
Time: 1 ms
--------------------------------------------------
received prefix: 10.0.0.6
start time: 1741013851035
local preference: 289
end time: 1741013851035
Time: 0 ms
--------------------------------------------------
received prefix: 10.0.0.4
start time: 1741013851316
local preference: 288
end time: 1741013851316
Time: 0 ms
--------------------------------------------------
received prefix: 10.0.0.5
start time: 1741013851670
local preference: 289
end time: 1741013851670
Time: 0 ms
--------------------------------------------------
received prefix: 10.0.0.12
start time: 1741013851763
local preference: 290
end time: 1741013851764
Time: 1 ms
--------------------------------------------------
received prefix: 10.0.0.7
start time: 1741013854951
local preference: 289
end time: 1741013854952
Time: 1 ms
--------------------------------------------------
received prefix: 10.0.0.7
start time: 1741013854956
local preference: 289
end time: 1741013854957
Time: 1 ms
--------------------------------------------------
received prefix: 10.0.0.7
start time: 1741013854976
local preference: 289
end time: 1741013854977
Time: 1 ms
--------------------------------------------------
received prefix: 10.0.0.7
start time: 1741013854983
local preference: 289
end time: 1741013854985
Time: 2 ms
--------------------------------------------------
received prefix: 10.0.0.7
start time: 1741013854988
local preference: 289
end time: 1741013854988
Time: 0 ms
--------------------------------------------------
received prefix: 10.0.0.8
start time: 1741013855002
local preference: 289
end time: 1741013855003
Time: 1 ms
--------------------------------------------------
received prefix: 10.0.0.8
start time: 1741013855004
local preference: 289
end time: 1741013855005
Time: 1 ms
--------------------------------------------------
received prefix: 10.0.0.8
start time: 1741013855007
local preference: 289
end time: 1741013855008
Time: 1 ms
--------------------------------------------------
received prefix: 10.0.0.8
start time: 1741013855010
local preference: 289
end time: 1741013855011
Time: 1 ms
--------------------------------------------------
received prefix: 10.0.0.8
start time: 1741013855013
local preference: 289
end time: 1741013855013
Time: 0 ms
--------------------------------------------------
received prefix: 10.0.0.7
start time: 1741013855216
local preference: 289
end time: 1741013855216
Time: 0 ms
--------------------------------------------------
received prefix: 10.0.0.7
start time: 1741013855219
local preference: 289
end time: 1741013855220
Time: 1 ms
--------------------------------------------------
received prefix: 10.0.0.7
start time: 1741013855241
local preference: 289
end time: 1741013855243
Time: 2 ms
--------------------------------------------------
received prefix: 10.0.0.7
start time: 1741013855249
local preference: 289
end time: 1741013855249
Time: 0 ms
--------------------------------------------------
received prefix: 10.0.0.7
start time: 1741013855252
local preference: 289
end time: 1741013855253
Time: 1 ms
--------------------------------------------------
received prefix: 10.0.0.8
start time: 1741013855266
local preference: 289
end time: 1741013855267
Time: 1 ms
--------------------------------------------------
received prefix: 10.0.0.8
start time: 1741013855269
local preference: 289
end time: 1741013855269
Time: 0 ms
--------------------------------------------------
received prefix: 10.0.0.8
start time: 1741013855271
local preference: 289
end time: 1741013855272
Time: 1 ms
--------------------------------------------------
received prefix: 10.0.0.8
start time: 1741013855274
local preference: 289
end time: 1741013855274
Time: 0 ms
--------------------------------------------------
received prefix: 10.0.0.8
start time: 1741013855276
local preference: 289
end time: 1741013855277
Time: 1 ms
--------------------------------------------------
received prefix: 10.0.0.7
start time: 1741013855418
local preference: 289
end time: 1741013855419
Time: 1 ms
--------------------------------------------------
received prefix: 10.0.0.7
start time: 1741013855451
local preference: 289
end time: 1741013855452
Time: 1 ms
--------------------------------------------------
received prefix: 10.0.0.7
start time: 1741013855457
local preference: 289
end time: 1741013855458
Time: 1 ms
--------------------------------------------------
received prefix: 10.0.0.7
start time: 1741013855461
local preference: 289
end time: 1741013855461
Time: 0 ms
--------------------------------------------------
received prefix: 10.0.0.7
start time: 1741013855470
local preference: 289
end time: 1741013855471
Time: 1 ms
--------------------------------------------------
received prefix: 10.0.0.8
start time: 1741013855596
local preference: 289
end time: 1741013855597
Time: 1 ms
--------------------------------------------------
received prefix: 10.0.0.8
start time: 1741013855606
local preference: 289
end time: 1741013855608
Time: 2 ms
--------------------------------------------------
received prefix: 10.0.0.8
start time: 1741013855610
local preference: 289
end time: 1741013855611
Time: 1 ms
--------------------------------------------------
received prefix: 10.0.0.8
start time: 1741013855616
local preference: 289
end time: 1741013855617
Time: 1 ms
--------------------------------------------------
received prefix: 10.0.0.8
start time: 1741013855629
local preference: 289
end time: 1741013855630
Time: 1 ms
--------------------------------------------------
received prefix: 10.0.0.12
start time: 1741013855797
local preference: 290
end time: 1741013855798
Time: 1 ms
--------------------------------------------------
received prefix: 10.0.0.12
start time: 1741013855802
local preference: 290
end time: 1741013855802
Time: 0 ms
--------------------------------------------------
received prefix: 10.0.0.12
start time: 1741013855805
local preference: 290
end time: 1741013855806
Time: 1 ms
--------------------------------------------------
received prefix: 10.0.0.12
start time: 1741013855809
local preference: 290
end time: 1741013855811
Time: 2 ms
--------------------------------------------------
received prefix: 10.0.0.12
start time: 1741013855839
local preference: 290
end time: 1741013855840
Time: 1 ms
--------------------------------------------------
received prefix: 10.0.0.7
start time: 1741013855999
local preference: 289
end time: 1741013856000
Time: 1 ms
--------------------------------------------------
received prefix: 10.0.0.7
start time: 1741013856002
local preference: 289
end time: 1741013856002
Time: 0 ms
--------------------------------------------------
received prefix: 10.0.0.7
start time: 1741013856004
local preference: 289
end time: 1741013856005
Time: 1 ms
--------------------------------------------------
received prefix: 10.0.0.7
start time: 1741013856007
local preference: 289
end time: 1741013856007
Time: 0 ms
--------------------------------------------------
received prefix: 10.0.0.7
start time: 1741013856010
local preference: 289
end time: 1741013856010
Time: 0 ms
--------------------------------------------------
received prefix: 10.0.0.8
start time: 1741013856033
local preference: 289
end time: 1741013856034
Time: 1 ms
--------------------------------------------------
received prefix: 10.0.0.8
start time: 1741013856037
local preference: 289
end time: 1741013856038
Time: 1 ms
--------------------------------------------------
received prefix: 10.0.0.8
start time: 1741013856040
local preference: 289
end time: 1741013856041
Time: 1 ms
--------------------------------------------------
received prefix: 10.0.0.8
start time: 1741013856046
local preference: 289
end time: 1741013856051
Time: 5 ms
--------------------------------------------------
received prefix: 10.0.0.8
start time: 1741013856074
local preference: 289
end time: 1741013856074
Time: 0 ms
--------------------------------------------------
received prefix: 10.0.0.7
start time: 1741013856200
local preference: 289
end time: 1741013856200
Time: 0 ms
--------------------------------------------------
received prefix: 10.0.0.7
start time: 1741013856211
local preference: 289
end time: 1741013856212
Time: 1 ms
--------------------------------------------------
received prefix: 10.0.0.7
start time: 1741013856215
local preference: 289
end time: 1741013856215
Time: 0 ms
--------------------------------------------------
received prefix: 10.0.0.7
start time: 1741013856222
local preference: 289
end time: 1741013856224
Time: 2 ms
--------------------------------------------------
received prefix: 10.0.0.7
start time: 1741013856227
local preference: 289
end time: 1741013856228
Time: 1 ms
--------------------------------------------------
received prefix: 10.0.0.8
start time: 1741013856254
local preference: 289
end time: 1741013856255
Time: 1 ms
--------------------------------------------------
received prefix: 10.0.0.8
start time: 1741013856258
local preference: 289
end time: 1741013856259
Time: 1 ms
--------------------------------------------------
received prefix: 10.0.0.8
start time: 1741013856262
local preference: 289
end time: 1741013856264
Time: 2 ms
--------------------------------------------------
received prefix: 10.0.0.8
start time: 1741013856276
local preference: 289
end time: 1741013856277
Time: 1 ms
--------------------------------------------------
received prefix: 10.0.0.8
start time: 1741013856288
local preference: 289
end time: 1741013856288
Time: 0 ms
--------------------------------------------------
received prefix: 10.0.0.11
start time: 1741013856388
local preference: 290
end time: 1741013856389
Time: 1 ms
--------------------------------------------------
received prefix: 10.0.0.11
start time: 1741013856391
local preference: 290
end time: 1741013856392
Time: 1 ms
--------------------------------------------------
received prefix: 10.0.0.11
start time: 1741013856394
local preference: 290
end time: 1741013856395
Time: 1 ms
--------------------------------------------------
received prefix: 10.0.0.11
start time: 1741013856399
local preference: 290
end time: 1741013856401
Time: 2 ms
--------------------------------------------------
received prefix: 10.0.0.11
start time: 1741013856427
local preference: 290
end time: 1741013856428
Time: 1 ms
--------------------------------------------------
received prefix: 10.0.0.9
start time: 1741013856538
local preference: 289
end time: 1741013856539
Time: 1 ms
--------------------------------------------------
received prefix: 10.0.0.9
start time: 1741013856557
local preference: 289
end time: 1741013856558
Time: 1 ms
--------------------------------------------------
received prefix: 10.0.0.9
start time: 1741013856561
local preference: 289
end time: 1741013856564
Time: 3 ms
--------------------------------------------------
received prefix: 10.0.0.9
start time: 1741013856573
local preference: 289
end time: 1741013856576
Time: 3 ms
--------------------------------------------------
received prefix: 10.0.0.9
start time: 1741013856588
local preference: 289
end time: 1741013856590
Time: 2 ms
--------------------------------------------------
received prefix: 10.0.0.10
start time: 1741013856694
local preference: 289
end time: 1741013856695
Time: 1 ms
--------------------------------------------------
received prefix: 10.0.0.10
start time: 1741013856705
local preference: 289
end time: 1741013856705
Time: 0 ms
--------------------------------------------------
received prefix: 10.0.0.10
start time: 1741013856708
local preference: 289
end time: 1741013856710
Time: 2 ms
--------------------------------------------------
received prefix: 10.0.0.10
start time: 1741013856718
local preference: 289
end time: 1741013856719
Time: 1 ms
--------------------------------------------------
received prefix: 10.0.0.10
start time: 1741013856721
local preference: 289
end time: 1741013856722
Time: 1 ms
--------------------------------------------------
received prefix: 10.0.0.12
start time: 1741013856945
local preference: 290
end time: 1741013856946
Time: 1 ms
--------------------------------------------------
received prefix: 10.0.0.12
start time: 1741013856948
local preference: 290
end time: 1741013856949
Time: 1 ms
--------------------------------------------------
received prefix: 10.0.0.12
start time: 1741013856953
local preference: 290
end time: 1741013856954
Time: 1 ms
--------------------------------------------------
received prefix: 10.0.0.12
start time: 1741013856957
local preference: 290
end time: 1741013856958
Time: 1 ms
--------------------------------------------------
received prefix: 10.0.0.12
start time: 1741013856963
local preference: 290
end time: 1741013856964
Time: 1 ms
--------------------------------------------------
received prefix: 10.0.0.13
start time: 1741013858016
local preference: 289
end time: 1741013858017
Time: 1 ms
--------------------------------------------------
received prefix: 10.0.0.14
start time: 1741013858222
local preference: 289
end time: 1741013858223
Time: 1 ms
--------------------------------------------------
received prefix: 10.0.0.7
start time: 1741013872700
local preference: 289
end time: 1741013872700
Time: 0 ms
--------------------------------------------------
received prefix: 10.0.0.8
start time: 1741013872958
local preference: 289
end time: 1741013872959
Time: 1 ms
--------------------------------------------------
received prefix: 10.0.0.11
start time: 1741013876067
local preference: 290
end time: 1741013876067
Time: 0 ms
--------------------------------------------------
received prefix: 10.0.0.11
start time: 1741013876071
local preference: 290
end time: 1741013876073
Time: 2 ms
--------------------------------------------------
received prefix: 10.0.0.11
start time: 1741013876079
local preference: 290
end time: 1741013876080
Time: 1 ms
--------------------------------------------------
received prefix: 10.0.0.11
start time: 1741013876083
local preference: 290
end time: 1741013876084
Time: 1 ms
--------------------------------------------------
received prefix: 10.0.0.11
start time: 1741013876095
local preference: 290
end time: 1741013876095
Time: 0 ms
--------------------------------------------------
received prefix: 10.0.0.9
start time: 1741013876102
local preference: 289
end time: 1741013876103
Time: 1 ms
--------------------------------------------------
received prefix: 10.0.0.9
start time: 1741013876105
local preference: 289
end time: 1741013876106
Time: 1 ms
--------------------------------------------------
received prefix: 10.0.0.9
start time: 1741013876113
local preference: 289
end time: 1741013876116
Time: 3 ms
--------------------------------------------------
received prefix: 10.0.0.9
start time: 1741013876134
local preference: 289
end time: 1741013876134
Time: 0 ms
--------------------------------------------------
received prefix: 10.0.0.9
start time: 1741013876136
local preference: 289
end time: 1741013876137
Time: 1 ms
--------------------------------------------------
received prefix: 10.0.0.10
start time: 1741013876141
local preference: 289
end time: 1741013876142
Time: 1 ms
--------------------------------------------------
received prefix: 10.0.0.10
start time: 1741013876144
local preference: 289
end time: 1741013876144
Time: 0 ms
--------------------------------------------------
received prefix: 10.0.0.10
start time: 1741013876156
local preference: 289
end time: 1741013876157
Time: 1 ms
--------------------------------------------------
received prefix: 10.0.0.10
start time: 1741013876162
local preference: 289
end time: 1741013876163
Time: 1 ms
--------------------------------------------------
received prefix: 10.0.0.10
start time: 1741013876168
local preference: 289
end time: 1741013876169
Time: 1 ms
--------------------------------------------------
received prefix: 10.0.0.12
start time: 1741013876199
local preference: 290
end time: 1741013876200
Time: 1 ms
--------------------------------------------------
received prefix: 10.0.0.12
start time: 1741013876202
local preference: 290
end time: 1741013876203
Time: 1 ms
--------------------------------------------------
received prefix: 10.0.0.12
start time: 1741013876206
local preference: 290
end time: 1741013876206
Time: 0 ms
--------------------------------------------------
received prefix: 10.0.0.12
start time: 1741013876235
local preference: 290
end time: 1741013876236
Time: 1 ms
--------------------------------------------------
received prefix: 10.0.0.12
start time: 1741013876239
local preference: 290
end time: 1741013876240
Time: 1 ms
--------------------------------------------------
received prefix: 10.0.0.11
start time: 1741013876286
local preference: 290
end time: 1741013876287
Time: 1 ms
--------------------------------------------------
received prefix: 10.0.0.11
start time: 1741013876301
local preference: 290
end time: 1741013876301
Time: 0 ms
--------------------------------------------------
received prefix: 10.0.0.11
start time: 1741013876303
local preference: 290
end time: 1741013876304
Time: 1 ms
--------------------------------------------------
received prefix: 10.0.0.11
start time: 1741013876306
local preference: 290
end time: 1741013876307
Time: 1 ms
--------------------------------------------------
received prefix: 10.0.0.11
start time: 1741013876308
local preference: 290
end time: 1741013876309
Time: 1 ms
--------------------------------------------------
received prefix: 10.0.0.9
start time: 1741013876315
local preference: 289
end time: 1741013876316
Time: 1 ms
--------------------------------------------------
received prefix: 10.0.0.9
start time: 1741013876341
local preference: 289
end time: 1741013876343
Time: 2 ms
--------------------------------------------------
received prefix: 10.0.0.9
start time: 1741013876345
local preference: 289
end time: 1741013876346
Time: 1 ms
--------------------------------------------------
received prefix: 10.0.0.9
start time: 1741013876349
local preference: 289
end time: 1741013876349
Time: 0 ms
--------------------------------------------------
received prefix: 10.0.0.9
start time: 1741013876352
local preference: 289
end time: 1741013876352
Time: 0 ms
--------------------------------------------------
received prefix: 10.0.0.10
start time: 1741013876358
local preference: 289
end time: 1741013876359
Time: 1 ms
--------------------------------------------------
received prefix: 10.0.0.10
start time: 1741013876361
local preference: 289
end time: 1741013876361
Time: 0 ms
--------------------------------------------------
received prefix: 10.0.0.10
start time: 1741013876370
local preference: 289
end time: 1741013876371
Time: 1 ms
--------------------------------------------------
received prefix: 10.0.0.10
start time: 1741013876374
local preference: 289
end time: 1741013876375
Time: 1 ms
--------------------------------------------------
received prefix: 10.0.0.10
start time: 1741013876387
local preference: 289
end time: 1741013876388
Time: 1 ms
--------------------------------------------------
received prefix: 10.0.0.12
start time: 1741013876408
local preference: 290
end time: 1741013876409
Time: 1 ms
--------------------------------------------------
received prefix: 10.0.0.12
start time: 1741013876423
local preference: 290
end time: 1741013876424
Time: 1 ms
--------------------------------------------------
received prefix: 10.0.0.12
start time: 1741013876430
local preference: 290
end time: 1741013876432
Time: 2 ms
--------------------------------------------------
received prefix: 10.0.0.12
start time: 1741013876436
local preference: 290
end time: 1741013876437
Time: 1 ms
--------------------------------------------------
received prefix: 10.0.0.12
start time: 1741013876439
local preference: 290
end time: 1741013876440
Time: 1 ms
--------------------------------------------------
received prefix: 10.0.0.11
start time: 1741013876516
local preference: 290
end time: 1741013876517
Time: 1 ms
--------------------------------------------------
received prefix: 10.0.0.11
start time: 1741013876527
local preference: 290
end time: 1741013876528
Time: 1 ms
--------------------------------------------------
received prefix: 10.0.0.11
start time: 1741013876535
local preference: 290
end time: 1741013876536
Time: 1 ms
--------------------------------------------------
received prefix: 10.0.0.11
start time: 1741013876540
local preference: 290
end time: 1741013876540
Time: 0 ms
--------------------------------------------------
received prefix: 10.0.0.11
start time: 1741013876547
local preference: 290
end time: 1741013876547
Time: 0 ms
--------------------------------------------------
received prefix: 10.0.0.9
start time: 1741013876703
local preference: 289
end time: 1741013876704
Time: 1 ms
--------------------------------------------------
received prefix: 10.0.0.9
start time: 1741013876707
local preference: 289
end time: 1741013876712
Time: 5 ms
--------------------------------------------------
received prefix: 10.0.0.9
start time: 1741013876726
local preference: 289
end time: 1741013876727
Time: 1 ms
--------------------------------------------------
received prefix: 10.0.0.9
start time: 1741013876731
local preference: 289
end time: 1741013876732
Time: 1 ms
--------------------------------------------------
received prefix: 10.0.0.9
start time: 1741013876734
local preference: 289
end time: 1741013876735
Time: 1 ms
--------------------------------------------------
received prefix: 10.0.0.10
start time: 1741013876843
local preference: 289
end time: 1741013876844
Time: 1 ms
--------------------------------------------------
received prefix: 10.0.0.10
start time: 1741013876846
local preference: 289
end time: 1741013876848
Time: 2 ms
--------------------------------------------------
received prefix: 10.0.0.10
start time: 1741013876852
local preference: 289
end time: 1741013876854
Time: 2 ms
--------------------------------------------------
received prefix: 10.0.0.10
start time: 1741013876858
local preference: 289
end time: 1741013876859
Time: 1 ms
--------------------------------------------------
received prefix: 10.0.0.10
start time: 1741013876861
local preference: 289
end time: 1741013876862
Time: 1 ms
--------------------------------------------------
received prefix: 10.0.0.12
start time: 1741013877061
local preference: 290
end time: 1741013877062
Time: 1 ms
--------------------------------------------------
received prefix: 10.0.0.12
start time: 1741013877064
local preference: 290
end time: 1741013877065
Time: 1 ms
--------------------------------------------------
received prefix: 10.0.0.12
start time: 1741013877068
local preference: 290
end time: 1741013877069
Time: 1 ms
--------------------------------------------------
received prefix: 10.0.0.12
start time: 1741013877071
local preference: 290
end time: 1741013877072
Time: 1 ms
--------------------------------------------------
received prefix: 10.0.0.12
start time: 1741013877074
local preference: 290
end time: 1741013877075
Time: 1 ms
--------------------------------------------------
received prefix: 10.0.0.11
start time: 1741013877233
local preference: 290
end time: 1741013877234
Time: 1 ms
--------------------------------------------------
received prefix: 10.0.0.11
start time: 1741013877237
local preference: 290
end time: 1741013877237
Time: 0 ms
--------------------------------------------------
received prefix: 10.0.0.11
start time: 1741013877240
local preference: 290
end time: 1741013877240
Time: 0 ms
--------------------------------------------------
received prefix: 10.0.0.11
start time: 1741013877243
local preference: 290
end time: 1741013877244
Time: 1 ms
--------------------------------------------------
received prefix: 10.0.0.11
start time: 1741013877246
local preference: 290
end time: 1741013877248
Time: 2 ms
--------------------------------------------------
received prefix: 10.0.0.9
start time: 1741013877302
local preference: 289
end time: 1741013877303
Time: 1 ms
--------------------------------------------------
received prefix: 10.0.0.9
start time: 1741013877307
local preference: 289
end time: 1741013877307
Time: 0 ms
--------------------------------------------------
received prefix: 10.0.0.9
start time: 1741013877309
local preference: 289
end time: 1741013877310
Time: 1 ms
--------------------------------------------------
received prefix: 10.0.0.9
start time: 1741013877312
local preference: 289
end time: 1741013877313
Time: 1 ms
--------------------------------------------------
received prefix: 10.0.0.9
start time: 1741013877325
local preference: 289
end time: 1741013877326
Time: 1 ms
--------------------------------------------------
received prefix: 10.0.0.10
start time: 1741013877344
local preference: 289
end time: 1741013877345
Time: 1 ms
--------------------------------------------------
received prefix: 10.0.0.10
start time: 1741013877364
local preference: 289
end time: 1741013877365
Time: 1 ms
--------------------------------------------------
received prefix: 10.0.0.10
start time: 1741013877367
local preference: 289
end time: 1741013877367
Time: 0 ms
--------------------------------------------------
received prefix: 10.0.0.10
start time: 1741013877369
local preference: 289
end time: 1741013877370
Time: 1 ms
--------------------------------------------------
received prefix: 10.0.0.10
start time: 1741013877374
local preference: 289
end time: 1741013877375
Time: 1 ms
--------------------------------------------------
received prefix: 10.0.0.12
start time: 1741013877435
local preference: 290
end time: 1741013877436
Time: 1 ms
--------------------------------------------------
received prefix: 10.0.0.12
start time: 1741013877465
local preference: 290
end time: 1741013877465
Time: 0 ms
--------------------------------------------------
received prefix: 10.0.0.12
start time: 1741013877469
local preference: 290
end time: 1741013877469
Time: 0 ms
--------------------------------------------------
received prefix: 10.0.0.12
start time: 1741013877473
local preference: 290
end time: 1741013877474
Time: 1 ms
--------------------------------------------------
received prefix: 10.0.0.12
start time: 1741013877476
local preference: 290
end time: 1741013877476
Time: 0 ms
--------------------------------------------------
received prefix: 10.0.0.11
start time: 1741013877535
local preference: 290
end time: 1741013877536
Time: 1 ms
--------------------------------------------------
received prefix: 10.0.0.11
start time: 1741013877542
local preference: 290
end time: 1741013877543
Time: 1 ms
--------------------------------------------------
received prefix: 10.0.0.11
start time: 1741013877580
local preference: 290
end time: 1741013877581
Time: 1 ms
--------------------------------------------------
received prefix: 10.0.0.11
start time: 1741013877584
local preference: 290
end time: 1741013877585
Time: 1 ms
--------------------------------------------------
received prefix: 10.0.0.11
start time: 1741013877588
local preference: 290
end time: 1741013877589
Time: 1 ms
--------------------------------------------------
received prefix: 10.0.0.9
start time: 1741013877608
local preference: 289
end time: 1741013877609
Time: 1 ms
--------------------------------------------------
received prefix: 10.0.0.9
start time: 1741013877612
local preference: 289
end time: 1741013877613
Time: 1 ms
--------------------------------------------------
received prefix: 10.0.0.9
start time: 1741013877615
local preference: 289
end time: 1741013877616
Time: 1 ms
--------------------------------------------------
received prefix: 10.0.0.9
start time: 1741013877626
local preference: 289
end time: 1741013877627
Time: 1 ms
--------------------------------------------------
received prefix: 10.0.0.9
start time: 1741013877652
local preference: 289
end time: 1741013877653
Time: 1 ms
--------------------------------------------------
received prefix: 10.0.0.10
start time: 1741013877662
local preference: 289
end time: 1741013877662
Time: 0 ms
--------------------------------------------------
received prefix: 10.0.0.10
start time: 1741013877665
local preference: 289
end time: 1741013877666
Time: 1 ms
--------------------------------------------------
received prefix: 10.0.0.10
start time: 1741013877687
local preference: 289
end time: 1741013877688
Time: 1 ms
--------------------------------------------------
received prefix: 10.0.0.10
start time: 1741013877694
local preference: 289
end time: 1741013877695
Time: 1 ms
--------------------------------------------------
received prefix: 10.0.0.10
start time: 1741013877703
local preference: 289
end time: 1741013877704
Time: 1 ms
--------------------------------------------------
received prefix: 10.0.0.12
start time: 1741013877715
local preference: 290
end time: 1741013877715
Time: 0 ms
--------------------------------------------------
received prefix: 10.0.0.12
start time: 1741013877719
local preference: 290
end time: 1741013877719
Time: 0 ms
--------------------------------------------------
received prefix: 10.0.0.12
start time: 1741013877722
local preference: 290
end time: 1741013877723
Time: 1 ms
--------------------------------------------------
received prefix: 10.0.0.12
start time: 1741013877725
local preference: 290
end time: 1741013877726
Time: 1 ms
--------------------------------------------------
received prefix: 10.0.0.12
start time: 1741013877760
local preference: 290
end time: 1741013877761
Time: 1 ms
--------------------------------------------------
received prefix: 10.0.0.13
start time: 1741013877817
local preference: 290
end time: 1741013877818
Time: 1 ms
--------------------------------------------------
received prefix: 10.0.0.13
start time: 1741013877834
local preference: 290
end time: 1741013877835
Time: 1 ms
--------------------------------------------------
received prefix: 10.0.0.13
start time: 1741013877838
local preference: 290
end time: 1741013877839
Time: 1 ms
--------------------------------------------------
received prefix: 10.0.0.13
start time: 1741013877841
local preference: 290
end time: 1741013877842
Time: 1 ms
--------------------------------------------------
received prefix: 10.0.0.13
start time: 1741013877844
local preference: 290
end time: 1741013877845
Time: 1 ms
--------------------------------------------------
received prefix: 10.0.0.14
start time: 1741013877974
local preference: 289
end time: 1741013877975
Time: 1 ms
--------------------------------------------------
received prefix: 10.0.0.14
start time: 1741013877982
local preference: 289
end time: 1741013877984
Time: 2 ms
--------------------------------------------------
received prefix: 10.0.0.14
start time: 1741013877988
local preference: 289
end time: 1741013877989
Time: 1 ms
--------------------------------------------------
received prefix: 10.0.0.14
start time: 1741013877992
local preference: 289
end time: 1741013877993
Time: 1 ms
--------------------------------------------------
received prefix: 10.0.0.14
start time: 1741013877996
local preference: 289
end time: 1741013877997
Time: 1 ms
--------------------------------------------------
received prefix: 10.0.0.20
start time: 1741013879492
local preference: 289
end time: 1741013879493
Time: 1 ms
--------------------------------------------------
received prefix: 10.0.0.15
start time: 1741013879734
local preference: 289
end time: 1741013879735
Time: 1 ms
--------------------------------------------------
received prefix: 10.0.0.16
start time: 1741013879938
local preference: 289
end time: 1741013879939
Time: 1 ms
--------------------------------------------------
received prefix: 10.0.0.17
start time: 1741013880106
local preference: 289
end time: 1741013880107
Time: 1 ms
--------------------------------------------------
received prefix: 10.0.0.18
start time: 1741013880298
local preference: 289
end time: 1741013880299
Time: 1 ms
--------------------------------------------------
received prefix: 10.0.0.19
start time: 1741013880538
local preference: 289
end time: 1741013880539
Time: 1 ms
--------------------------------------------------
received prefix: 10.0.0.11
start time: 1741013892003
local preference: 290
end time: 1741013892004
Time: 1 ms
--------------------------------------------------
received prefix: 10.0.0.9
start time: 1741013892412
local preference: 289
end time: 1741013892413
Time: 1 ms
--------------------------------------------------
received prefix: 10.0.0.10
start time: 1741013892915
local preference: 289
end time: 1741013892916
Time: 1 ms
--------------------------------------------------
received prefix: 10.0.0.12
start time: 1741013893367
local preference: 290
end time: 1741013893368
Time: 1 ms
--------------------------------------------------
received prefix: 10.0.0.20
start time: 1741013896984
local preference: 289
end time: 1741013896985
Time: 1 ms
--------------------------------------------------
received prefix: 10.0.0.20
start time: 1741013896987
local preference: 289
end time: 1741013896988
Time: 1 ms
--------------------------------------------------
received prefix: 10.0.0.20
start time: 1741013896991
local preference: 289
end time: 1741013896994
Time: 3 ms
--------------------------------------------------
received prefix: 10.0.0.20
start time: 1741013897009
local preference: 289
end time: 1741013897010
Time: 1 ms
--------------------------------------------------
received prefix: 10.0.0.20
start time: 1741013897018
local preference: 289
end time: 1741013897019
Time: 1 ms
--------------------------------------------------
received prefix: 10.0.0.15
start time: 1741013897132
local preference: 289
end time: 1741013897132
Time: 0 ms
--------------------------------------------------
received prefix: 10.0.0.15
start time: 1741013897134
local preference: 289
end time: 1741013897135
Time: 1 ms
--------------------------------------------------
received prefix: 10.0.0.15
start time: 1741013897141
local preference: 289
end time: 1741013897142
Time: 1 ms
--------------------------------------------------
received prefix: 10.0.0.15
start time: 1741013897147
local preference: 289
end time: 1741013897148
Time: 1 ms
--------------------------------------------------
received prefix: 10.0.0.15
start time: 1741013897167
local preference: 289
end time: 1741013897168
Time: 1 ms
--------------------------------------------------
received prefix: 10.0.0.16
start time: 1741013897270
local preference: 290
end time: 1741013897271
Time: 1 ms
--------------------------------------------------
received prefix: 10.0.0.16
start time: 1741013897285
local preference: 289
end time: 1741013897285
Time: 0 ms
--------------------------------------------------
received prefix: 10.0.0.16
start time: 1741013897289
local preference: 289
end time: 1741013897290
Time: 1 ms
--------------------------------------------------
received prefix: 10.0.0.16
start time: 1741013897305
local preference: 289
end time: 1741013897307
Time: 2 ms
--------------------------------------------------
received prefix: 10.0.0.16
start time: 1741013897312
local preference: 289
end time: 1741013897313
Time: 1 ms
--------------------------------------------------
received prefix: 10.0.0.17
start time: 1741013897453
local preference: 289
end time: 1741013897453
Time: 0 ms
--------------------------------------------------
received prefix: 10.0.0.17
start time: 1741013897457
local preference: 289
end time: 1741013897458
Time: 1 ms
--------------------------------------------------
received prefix: 10.0.0.17
start time: 1741013897461
local preference: 289
end time: 1741013897462
Time: 1 ms
--------------------------------------------------
received prefix: 10.0.0.17
start time: 1741013897464
local preference: 289
end time: 1741013897466
Time: 2 ms
--------------------------------------------------
received prefix: 10.0.0.17
start time: 1741013897474
local preference: 289
end time: 1741013897478
Time: 4 ms
--------------------------------------------------
received prefix: 10.0.0.18
start time: 1741013897603
local preference: 289
end time: 1741013897603
Time: 0 ms
--------------------------------------------------
received prefix: 10.0.0.18
start time: 1741013897611
local preference: 289
end time: 1741013897611
Time: 0 ms
--------------------------------------------------
received prefix: 10.0.0.18
start time: 1741013897617
local preference: 289
end time: 1741013897618
Time: 1 ms
--------------------------------------------------
received prefix: 10.0.0.18
start time: 1741013897630
local preference: 289
end time: 1741013897631
Time: 1 ms
--------------------------------------------------
received prefix: 10.0.0.18
start time: 1741013897633
local preference: 289
end time: 1741013897634
Time: 1 ms
--------------------------------------------------
received prefix: 10.0.0.19
start time: 1741013897770
local preference: 290
end time: 1741013897771
Time: 1 ms
--------------------------------------------------
received prefix: 10.0.0.19
start time: 1741013897781
local preference: 289
end time: 1741013897782
Time: 1 ms
--------------------------------------------------
received prefix: 10.0.0.19
start time: 1741013897785
local preference: 289
end time: 1741013897786
Time: 1 ms
--------------------------------------------------
received prefix: 10.0.0.19
start time: 1741013897799
local preference: 289
end time: 1741013897800
Time: 1 ms
--------------------------------------------------
received prefix: 10.0.0.19
start time: 1741013897805
local preference: 289
end time: 1741013897806
Time: 1 ms
--------------------------------------------------
received prefix: 10.0.0.21
start time: 1741013898316
local preference: 289
end time: 1741013898317
Time: 1 ms
--------------------------------------------------
received prefix: 10.0.0.22
start time: 1741013898380
local preference: 289
end time: 1741013898381
Time: 1 ms
--------------------------------------------------
received prefix: 10.0.0.25
start time: 1741013907066
local preference: 289
end time: 1741013907067
Time: 1 ms
--------------------------------------------------
received prefix: 10.0.0.23
start time: 1741013907166
local preference: 289
end time: 1741013907167
Time: 1 ms
--------------------------------------------------
received prefix: 10.0.0.24
start time: 1741013907217
local preference: 289
end time: 1741013907218
Time: 1 ms
--------------------------------------------------
received prefix: 10.0.0.1
start time: 1741014809059
local preference: 288
end time: 1741014809060
Time: 1 ms
--------------------------------------------------
received prefix: 10.0.0.1
start time: 1741014809064
local preference: 288
end time: 1741014809065
Time: 1 ms
--------------------------------------------------
received prefix: 10.0.0.1
start time: 1741014809067
local preference: 288
end time: 1741014809068
Time: 1 ms
--------------------------------------------------
received prefix: 10.0.0.1
start time: 1741014809070
local preference: 288
end time: 1741014809071
Time: 1 ms
--------------------------------------------------
received prefix: 10.0.0.1
start time: 1741014809073
local preference: 288
end time: 1741014809074
Time: 1 ms
--------------------------------------------------
received prefix: 10.0.0.1
start time: 1741014809079
local preference: 288
end time: 1741014809079
Time: 0 ms
--------------------------------------------------
received prefix: 10.0.0.1
start time: 1741014809086
local preference: 288
end time: 1741014809086
Time: 0 ms
--------------------------------------------------
received prefix: 10.0.0.1
start time: 1741014809091
local preference: 288
end time: 1741014809092
Time: 1 ms
--------------------------------------------------
received prefix: 10.0.0.1
start time: 1741014809094
local preference: 288
end time: 1741014809095
Time: 1 ms
--------------------------------------------------
received prefix: 10.0.0.1
start time: 1741014809097
local preference: 288
end time: 1741014809098
Time: 1 ms
--------------------------------------------------
received prefix: 10.0.0.2
start time: 1741014809102
local preference: 288
end time: 1741014809102
Time: 0 ms
--------------------------------------------------
received prefix: 10.0.0.2
start time: 1741014809109
local preference: 288
end time: 1741014809110
Time: 1 ms
--------------------------------------------------
received prefix: 10.0.0.2
start time: 1741014809118
local preference: 288
end time: 1741014809119
Time: 1 ms
--------------------------------------------------
received prefix: 10.0.0.2
start time: 1741014809128
local preference: 288
end time: 1741014809129
Time: 1 ms
--------------------------------------------------
received prefix: 10.0.0.2
start time: 1741014809134
local preference: 288
end time: 1741014809136
Time: 2 ms
--------------------------------------------------
received prefix: 10.0.0.2
start time: 1741014809144
local preference: 288
end time: 1741014809145
Time: 1 ms
--------------------------------------------------
received prefix: 10.0.0.2
start time: 1741014809154
local preference: 288
end time: 1741014809155
Time: 1 ms
--------------------------------------------------
received prefix: 10.0.0.2
start time: 1741014809165
local preference: 288
end time: 1741014809167
Time: 2 ms
--------------------------------------------------
received prefix: 10.0.0.2
start time: 1741014809170
local preference: 288
end time: 1741014809171
Time: 1 ms
--------------------------------------------------
received prefix: 10.0.0.2
start time: 1741014809173
local preference: 288
end time: 1741014809174
Time: 1 ms
--------------------------------------------------
received prefix: 10.0.0.3
start time: 1741014809186
local preference: 288
end time: 1741014809187
Time: 1 ms
--------------------------------------------------
received prefix: 10.0.0.3
start time: 1741014809206
local preference: 288
end time: 1741014809207
Time: 1 ms
--------------------------------------------------
received prefix: 10.0.0.3
start time: 1741014809210
local preference: 288
end time: 1741014809211
Time: 1 ms
--------------------------------------------------
received prefix: 10.0.0.3
start time: 1741014809225
local preference: 288
end time: 1741014809226
Time: 1 ms
--------------------------------------------------
received prefix: 10.0.0.3
start time: 1741014809229
local preference: 288
end time: 1741014809230
Time: 1 ms
--------------------------------------------------
received prefix: 10.0.0.3
start time: 1741014809232
local preference: 288
end time: 1741014809232
Time: 0 ms
--------------------------------------------------
received prefix: 10.0.0.3
start time: 1741014809241
local preference: 288
end time: 1741014809242
Time: 1 ms
--------------------------------------------------
received prefix: 10.0.0.3
start time: 1741014809244
local preference: 288
end time: 1741014809245
Time: 1 ms
--------------------------------------------------
received prefix: 10.0.0.3
start time: 1741014809266
local preference: 288
end time: 1741014809267
Time: 1 ms
--------------------------------------------------
received prefix: 10.0.0.3
start time: 1741014809269
local preference: 288
end time: 1741014809270
Time: 1 ms
--------------------------------------------------
received prefix: 10.0.0.4
start time: 1741014809552
local preference: 288
end time: 1741014809553
Time: 1 ms
--------------------------------------------------
received prefix: 10.0.0.4
start time: 1741014809557
local preference: 288
end time: 1741014809558
Time: 1 ms
--------------------------------------------------
received prefix: 10.0.0.4
start time: 1741014809562
local preference: 288
end time: 1741014809563
Time: 1 ms
--------------------------------------------------
received prefix: 10.0.0.4
start time: 1741014809565
local preference: 288
end time: 1741014809566
Time: 1 ms
--------------------------------------------------
received prefix: 10.0.0.4
start time: 1741014809569
local preference: 288
end time: 1741014809571
Time: 2 ms
--------------------------------------------------
received prefix: 10.0.0.4
start time: 1741014809583
local preference: 288
end time: 1741014809585
Time: 2 ms
--------------------------------------------------
received prefix: 10.0.0.4
start time: 1741014809590
local preference: 288
end time: 1741014809591
Time: 1 ms
--------------------------------------------------
received prefix: 10.0.0.4
start time: 1741014809595
local preference: 288
end time: 1741014809598
Time: 3 ms
--------------------------------------------------
received prefix: 10.0.0.4
start time: 1741014809623
local preference: 288
end time: 1741014809624
Time: 1 ms
--------------------------------------------------
received prefix: 10.0.0.4
start time: 1741014809626
local preference: 288
end time: 1741014809626
Time: 0 ms
--------------------------------------------------
received prefix: 10.0.0.5
start time: 1741014809655
local preference: 288
end time: 1741014809656
Time: 1 ms
--------------------------------------------------
received prefix: 10.0.0.5
start time: 1741014809659
local preference: 288
end time: 1741014809660
Time: 1 ms
--------------------------------------------------
received prefix: 10.0.0.5
start time: 1741014809664
local preference: 288
end time: 1741014809665
Time: 1 ms
--------------------------------------------------
received prefix: 10.0.0.5
start time: 1741014809697
local preference: 288
end time: 1741014809698
Time: 1 ms
--------------------------------------------------
received prefix: 10.0.0.5
start time: 1741014809702
local preference: 288
end time: 1741014809703
Time: 1 ms
--------------------------------------------------
received prefix: 10.0.0.5
start time: 1741014809705
local preference: 288
end time: 1741014809706
Time: 1 ms
--------------------------------------------------
received prefix: 10.0.0.5
start time: 1741014809710
local preference: 288
end time: 1741014809710
Time: 0 ms
--------------------------------------------------
received prefix: 10.0.0.5
start time: 1741014809713
local preference: 288
end time: 1741014809714
Time: 1 ms
--------------------------------------------------
received prefix: 10.0.0.5
start time: 1741014809718
local preference: 288
end time: 1741014809720
Time: 2 ms
--------------------------------------------------
received prefix: 10.0.0.5
start time: 1741014809744
local preference: 288
end time: 1741014809745
Time: 1 ms
--------------------------------------------------
received prefix: 10.0.0.6
start time: 1741014809816
local preference: 288
end time: 1741014809817
Time: 1 ms
--------------------------------------------------
received prefix: 10.0.0.6
start time: 1741014809820
local preference: 288
end time: 1741014809820
Time: 0 ms
--------------------------------------------------
received prefix: 10.0.0.6
start time: 1741014809823
local preference: 288
end time: 1741014809824
Time: 1 ms
--------------------------------------------------
received prefix: 10.0.0.6
start time: 1741014809826
local preference: 288
end time: 1741014809827
Time: 1 ms
--------------------------------------------------
received prefix: 10.0.0.6
start time: 1741014809830
local preference: 288
end time: 1741014809831
Time: 1 ms
--------------------------------------------------
received prefix: 10.0.0.6
start time: 1741014809837
local preference: 288
end time: 1741014809838
Time: 1 ms
--------------------------------------------------
received prefix: 10.0.0.6
start time: 1741014809861
local preference: 288
end time: 1741014809862
Time: 1 ms
--------------------------------------------------
received prefix: 10.0.0.6
start time: 1741014809864
local preference: 288
end time: 1741014809865
Time: 1 ms
--------------------------------------------------
received prefix: 10.0.0.6
start time: 1741014809869
local preference: 288
end time: 1741014809870
Time: 1 ms
--------------------------------------------------
received prefix: 10.0.0.6
start time: 1741014809873
local preference: 288
end time: 1741014809874
Time: 1 ms
--------------------------------------------------
received prefix: 10.0.0.8
start time: 1741014811334
local preference: 288
end time: 1741014811335
Time: 1 ms
--------------------------------------------------
received prefix: 10.0.0.6
start time: 1741014811740
local preference: 288
end time: 1741014811741
Time: 1 ms
--------------------------------------------------
received prefix: 10.0.0.1
start time: 1741014812084
local preference: 288
end time: 1741014812085
Time: 1 ms
--------------------------------------------------
received prefix: 10.0.0.2
start time: 1741014812511
local preference: 288
end time: 1741014812512
Time: 1 ms
--------------------------------------------------
received prefix: 10.0.0.3
start time: 1741014812935
local preference: 288
end time: 1741014812936
Time: 1 ms
--------------------------------------------------
received prefix: 10.0.0.4
start time: 1741014813476
local preference: 288
end time: 1741014813477
Time: 1 ms
--------------------------------------------------
received prefix: 10.0.0.5
start time: 1741014814036
local preference: 288
end time: 1741014814037
Time: 1 ms
--------------------------------------------------
received prefix: 10.0.0.7
start time: 1741014814128
local preference: 288
end time: 1741014814129
Time: 1 ms
--------------------------------------------------
received prefix: 10.0.0.32
start time: 1741014855414
local preference: 288
end time: 1741014855416
Time: 2 ms
--------------------------------------------------
received prefix: 10.0.0.3
start time: 1741014855681
local preference: 288
end time: 1741014855682
Time: 1 ms
--------------------------------------------------
received prefix: 10.0.0.1
start time: 1741014855993
local preference: 288
end time: 1741014855994
Time: 1 ms
--------------------------------------------------
received prefix: 10.0.0.2
start time: 1741014856245
local preference: 288
end time: 1741014856246
Time: 1 ms
--------------------------------------------------
received prefix: 10.0.0.26
start time: 1741014856305
local preference: 288
end time: 1741014856305
Time: 0 ms
--------------------------------------------------
received prefix: 10.0.0.25
start time: 1741014856348
local preference: 288
end time: 1741014856349
Time: 1 ms
--------------------------------------------------
received prefix: 10.0.0.21
start time: 1741014856406
local preference: 288
end time: 1741014856406
Time: 0 ms
--------------------------------------------------
received prefix: 10.0.0.22
start time: 1741014856511
local preference: 288
end time: 1741014856511
Time: 0 ms
--------------------------------------------------
received prefix: 10.0.0.20
start time: 1741014856546
local preference: 288
end time: 1741014856547
Time: 1 ms
--------------------------------------------------
received prefix: 10.0.0.13
start time: 1741014856622
local preference: 288
end time: 1741014856623
Time: 1 ms
--------------------------------------------------
received prefix: 10.0.0.14
start time: 1741014856677
local preference: 288
end time: 1741014856677
Time: 0 ms
--------------------------------------------------
received prefix: 10.0.0.11
start time: 1741014856711
local preference: 289
end time: 1741014856712
Time: 1 ms
--------------------------------------------------
received prefix: 10.0.0.7
start time: 1741014856766
local preference: 288
end time: 1741014856766
Time: 0 ms
--------------------------------------------------
received prefix: 10.0.0.8
start time: 1741014856802
local preference: 288
end time: 1741014856803
Time: 1 ms
--------------------------------------------------
received prefix: 10.0.0.6
start time: 1741014856878
local preference: 288
end time: 1741014856878
Time: 0 ms
--------------------------------------------------
received prefix: 10.0.0.4
start time: 1741014856944
local preference: 288
end time: 1741014856945
Time: 1 ms
--------------------------------------------------
received prefix: 10.0.0.5
start time: 1741014857049
local preference: 288
end time: 1741014857050
Time: 1 ms
--------------------------------------------------
received prefix: 10.0.0.9
start time: 1741014857127
local preference: 288
end time: 1741014857128
Time: 1 ms
--------------------------------------------------
received prefix: 10.0.0.10
start time: 1741014857236
local preference: 288
end time: 1741014857237
Time: 1 ms
--------------------------------------------------
received prefix: 10.0.0.15
start time: 1741014857290
local preference: 288
end time: 1741014857292
Time: 2 ms
--------------------------------------------------
received prefix: 10.0.0.16
start time: 1741014857359
local preference: 288
end time: 1741014857360
Time: 1 ms
--------------------------------------------------
received prefix: 10.0.0.17
start time: 1741014857404
local preference: 288
end time: 1741014857405
Time: 1 ms
--------------------------------------------------
received prefix: 10.0.0.18
start time: 1741014857496
local preference: 288
end time: 1741014857497
Time: 1 ms
--------------------------------------------------
received prefix: 10.0.0.19
start time: 1741014857593
local preference: 288
end time: 1741014857594
Time: 1 ms
--------------------------------------------------
received prefix: 10.0.0.23
start time: 1741014857707
local preference: 288
end time: 1741014857708
Time: 1 ms
--------------------------------------------------
received prefix: 10.0.0.24
start time: 1741014857849
local preference: 288
end time: 1741014857851
Time: 2 ms
--------------------------------------------------
received prefix: 10.0.0.27
start time: 1741014857975
local preference: 288
end time: 1741014857976
Time: 1 ms
--------------------------------------------------
received prefix: 10.0.0.28
start time: 1741014858077
local preference: 288
end time: 1741014858078
Time: 1 ms
--------------------------------------------------
received prefix: 10.0.0.29
start time: 1741014858210
local preference: 288
end time: 1741014858211
Time: 1 ms
--------------------------------------------------
received prefix: 10.0.0.30
start time: 1741014858304
local preference: 288
end time: 1741014858305
Time: 1 ms
--------------------------------------------------
received prefix: 10.0.0.31
start time: 1741014858383
local preference: 288
end time: 1741014858384
Time: 1 ms
--------------------------------------------------
received prefix: 10.0.0.32
start time: 1741014861798
local preference: 288
end time: 1741014861798
Time: 0 ms
--------------------------------------------------
received prefix: 10.0.0.32
start time: 1741014861817
local preference: 288
end time: 1741014861819
Time: 2 ms
--------------------------------------------------
received prefix: 10.0.0.32
start time: 1741014861826
local preference: 288
end time: 1741014861827
Time: 1 ms
--------------------------------------------------
received prefix: 10.0.0.32
start time: 1741014861829
local preference: 288
end time: 1741014861830
Time: 1 ms
--------------------------------------------------
received prefix: 10.0.0.32
start time: 1741014861842
local preference: 288
end time: 1741014861843
Time: 1 ms
--------------------------------------------------
received prefix: 10.0.0.32
start time: 1741014861846
local preference: 288
end time: 1741014861846
Time: 0 ms
--------------------------------------------------
received prefix: 10.0.0.32
start time: 1741014861851
local preference: 288
end time: 1741014861852
Time: 1 ms
--------------------------------------------------
received prefix: 10.0.0.32
start time: 1741014861855
local preference: 288
end time: 1741014861855
Time: 0 ms
--------------------------------------------------
received prefix: 10.0.0.32
start time: 1741014861860
local preference: 288
end time: 1741014861863
Time: 3 ms
--------------------------------------------------
received prefix: 10.0.0.32
start time: 1741014861885
local preference: 288
end time: 1741014861886
Time: 1 ms
--------------------------------------------------
received prefix: 10.0.0.26
start time: 1741014861980
local preference: 288
end time: 1741014861981
Time: 1 ms
--------------------------------------------------
received prefix: 10.0.0.26
start time: 1741014861993
local preference: 288
end time: 1741014861994
Time: 1 ms
--------------------------------------------------
received prefix: 10.0.0.26
start time: 1741014862009
local preference: 288
end time: 1741014862009
Time: 0 ms
--------------------------------------------------
received prefix: 10.0.0.26
start time: 1741014862012
local preference: 288
end time: 1741014862012
Time: 0 ms
--------------------------------------------------
received prefix: 10.0.0.26
start time: 1741014862015
local preference: 288
end time: 1741014862017
Time: 2 ms
--------------------------------------------------
received prefix: 10.0.0.26
start time: 1741014862043
local preference: 288
end time: 1741014862043
Time: 0 ms
--------------------------------------------------
received prefix: 10.0.0.26
start time: 1741014862047
local preference: 288
end time: 1741014862048
Time: 1 ms
--------------------------------------------------
received prefix: 10.0.0.26
start time: 1741014862051
local preference: 288
end time: 1741014862051
Time: 0 ms
--------------------------------------------------
received prefix: 10.0.0.26
start time: 1741014862055
local preference: 288
end time: 1741014862055
Time: 0 ms
--------------------------------------------------
received prefix: 10.0.0.26
start time: 1741014862058
local preference: 288
end time: 1741014862058
Time: 0 ms
--------------------------------------------------
received prefix: 10.0.0.25
start time: 1741014862196
local preference: 288
end time: 1741014862197
Time: 1 ms
--------------------------------------------------
received prefix: 10.0.0.25
start time: 1741014862202
local preference: 288
end time: 1741014862202
Time: 0 ms
--------------------------------------------------
received prefix: 10.0.0.25
start time: 1741014862206
local preference: 288
end time: 1741014862208
Time: 2 ms
--------------------------------------------------
received prefix: 10.0.0.25
start time: 1741014862231
local preference: 288
end time: 1741014862231
Time: 0 ms
--------------------------------------------------
received prefix: 10.0.0.25
start time: 1741014862235
local preference: 288
end time: 1741014862236
Time: 1 ms
--------------------------------------------------
received prefix: 10.0.0.25
start time: 1741014862245
local preference: 288
end time: 1741014862246
Time: 1 ms
--------------------------------------------------
received prefix: 10.0.0.25
start time: 1741014862252
local preference: 288
end time: 1741014862252
Time: 0 ms
--------------------------------------------------
received prefix: 10.0.0.25
start time: 1741014862255
local preference: 288
end time: 1741014862256
Time: 1 ms
--------------------------------------------------
received prefix: 10.0.0.25
start time: 1741014862260
local preference: 288
end time: 1741014862261
Time: 1 ms
--------------------------------------------------
received prefix: 10.0.0.25
start time: 1741014862263
local preference: 288
end time: 1741014862264
Time: 1 ms
--------------------------------------------------
received prefix: 10.0.0.21
start time: 1741014862423
local preference: 288
end time: 1741014862424
Time: 1 ms
--------------------------------------------------
received prefix: 10.0.0.21
start time: 1741014862432
local preference: 288
end time: 1741014862433
Time: 1 ms
--------------------------------------------------
received prefix: 10.0.0.21
start time: 1741014862440
local preference: 288
end time: 1741014862441
Time: 1 ms
--------------------------------------------------
received prefix: 10.0.0.21
start time: 1741014862449
local preference: 288
end time: 1741014862450
Time: 1 ms
--------------------------------------------------
received prefix: 10.0.0.21
start time: 1741014862458
local preference: 288
end time: 1741014862459
Time: 1 ms
--------------------------------------------------
received prefix: 10.0.0.21
start time: 1741014862461
local preference: 288
end time: 1741014862462
Time: 1 ms
--------------------------------------------------
received prefix: 10.0.0.21
start time: 1741014862466
local preference: 288
end time: 1741014862467
Time: 1 ms
--------------------------------------------------
received prefix: 10.0.0.21
start time: 1741014862470
local preference: 288
end time: 1741014862471
Time: 1 ms
--------------------------------------------------
received prefix: 10.0.0.21
start time: 1741014862496
local preference: 288
end time: 1741014862497
Time: 1 ms
--------------------------------------------------
received prefix: 10.0.0.21
start time: 1741014862503
local preference: 288
end time: 1741014862504
Time: 1 ms
--------------------------------------------------
received prefix: 10.0.0.22
start time: 1741014862612
local preference: 288
end time: 1741014862613
Time: 1 ms
--------------------------------------------------
received prefix: 10.0.0.22
start time: 1741014862616
local preference: 288
end time: 1741014862617
Time: 1 ms
--------------------------------------------------
received prefix: 10.0.0.22
start time: 1741014862622
local preference: 288
end time: 1741014862623
Time: 1 ms
--------------------------------------------------
received prefix: 10.0.0.22
start time: 1741014862626
local preference: 288
end time: 1741014862627
Time: 1 ms
--------------------------------------------------
received prefix: 10.0.0.22
start time: 1741014862642
local preference: 288
end time: 1741014862642
Time: 0 ms
--------------------------------------------------
received prefix: 10.0.0.22
start time: 1741014862645
local preference: 288
end time: 1741014862646
Time: 1 ms
--------------------------------------------------
received prefix: 10.0.0.22
start time: 1741014862652
local preference: 288
end time: 1741014862658
Time: 6 ms
--------------------------------------------------
received prefix: 10.0.0.22
start time: 1741014862681
local preference: 288
end time: 1741014862682
Time: 1 ms
--------------------------------------------------
received prefix: 10.0.0.22
start time: 1741014862692
local preference: 288
end time: 1741014862693
Time: 1 ms
--------------------------------------------------
received prefix: 10.0.0.22
start time: 1741014862713
local preference: 288
end time: 1741014862714
Time: 1 ms
--------------------------------------------------
received prefix: 10.0.0.20
start time: 1741014862870
local preference: 288
end time: 1741014862871
Time: 1 ms
--------------------------------------------------
received prefix: 10.0.0.20
start time: 1741014862874
local preference: 288
end time: 1741014862875
Time: 1 ms
--------------------------------------------------
received prefix: 10.0.0.20
start time: 1741014862901
local preference: 288
end time: 1741014862901
Time: 0 ms
--------------------------------------------------
received prefix: 10.0.0.20
start time: 1741014862904
local preference: 288
end time: 1741014862905
Time: 1 ms
--------------------------------------------------
received prefix: 10.0.0.20
start time: 1741014862908
local preference: 288
end time: 1741014862910
Time: 2 ms
--------------------------------------------------
received prefix: 10.0.0.20
start time: 1741014862933
local preference: 288
end time: 1741014862934
Time: 1 ms
--------------------------------------------------
received prefix: 10.0.0.20
start time: 1741014862942
local preference: 288
end time: 1741014862944
Time: 2 ms
--------------------------------------------------
received prefix: 10.0.0.20
start time: 1741014862951
local preference: 288
end time: 1741014862952
Time: 1 ms
--------------------------------------------------
received prefix: 10.0.0.20
start time: 1741014862979
local preference: 288
end time: 1741014862981
Time: 2 ms
--------------------------------------------------
received prefix: 10.0.0.20
start time: 1741014862985
local preference: 288
end time: 1741014862986
Time: 1 ms
--------------------------------------------------
received prefix: 10.0.0.13
start time: 1741014863136
local preference: 289
end time: 1741014863137
Time: 1 ms
--------------------------------------------------
received prefix: 10.0.0.13
start time: 1741014863143
local preference: 289
end time: 1741014863144
Time: 1 ms
--------------------------------------------------
received prefix: 10.0.0.13
start time: 1741014863172
local preference: 289
end time: 1741014863173
Time: 1 ms
--------------------------------------------------
received prefix: 10.0.0.13
start time: 1741014863176
local preference: 289
end time: 1741014863177
Time: 1 ms
--------------------------------------------------
received prefix: 10.0.0.13
start time: 1741014863181
local preference: 289
end time: 1741014863182
Time: 1 ms
--------------------------------------------------
received prefix: 10.0.0.13
start time: 1741014863200
local preference: 289
end time: 1741014863201
Time: 1 ms
--------------------------------------------------
received prefix: 10.0.0.13
start time: 1741014863205
local preference: 289
end time: 1741014863206
Time: 1 ms
--------------------------------------------------
received prefix: 10.0.0.13
start time: 1741014863209
local preference: 288
end time: 1741014863210
Time: 1 ms
--------------------------------------------------
received prefix: 10.0.0.13
start time: 1741014863218
local preference: 289
end time: 1741014863223
Time: 5 ms
--------------------------------------------------
received prefix: 10.0.0.13
start time: 1741014863238
local preference: 288
end time: 1741014863239
Time: 1 ms
--------------------------------------------------
received prefix: 10.0.0.14
start time: 1741014863381
local preference: 288
end time: 1741014863382
Time: 1 ms
--------------------------------------------------
received prefix: 10.0.0.14
start time: 1741014863408
local preference: 288
end time: 1741014863408
Time: 0 ms
--------------------------------------------------
received prefix: 10.0.0.14
start time: 1741014863431
local preference: 288
end time: 1741014863432
Time: 1 ms
--------------------------------------------------
received prefix: 10.0.0.14
start time: 1741014863435
local preference: 288
end time: 1741014863436
Time: 1 ms
--------------------------------------------------
received prefix: 10.0.0.14
start time: 1741014863440
local preference: 288
end time: 1741014863440
Time: 0 ms
--------------------------------------------------
received prefix: 10.0.0.14
start time: 1741014863450
local preference: 288
end time: 1741014863452
Time: 2 ms
--------------------------------------------------
received prefix: 10.0.0.14
start time: 1741014863457
local preference: 288
end time: 1741014863458
Time: 1 ms
--------------------------------------------------
received prefix: 10.0.0.14
start time: 1741014863464
local preference: 288
end time: 1741014863470
Time: 6 ms
--------------------------------------------------
received prefix: 10.0.0.14
start time: 1741014863490
local preference: 288
end time: 1741014863491
Time: 1 ms
--------------------------------------------------
received prefix: 10.0.0.14
start time: 1741014863494
local preference: 288
end time: 1741014863495
Time: 1 ms
--------------------------------------------------
received prefix: 10.0.0.11
start time: 1741014863619
local preference: 289
end time: 1741014863620
Time: 1 ms
--------------------------------------------------
received prefix: 10.0.0.11
start time: 1741014863627
local preference: 289
end time: 1741014863631
Time: 4 ms
--------------------------------------------------
received prefix: 10.0.0.11
start time: 1741014863645
local preference: 289
end time: 1741014863646
Time: 1 ms
--------------------------------------------------
received prefix: 10.0.0.11
start time: 1741014863655
local preference: 289
end time: 1741014863656
Time: 1 ms
--------------------------------------------------
received prefix: 10.0.0.11
start time: 1741014863680
local preference: 289
end time: 1741014863682
Time: 2 ms
--------------------------------------------------
received prefix: 10.0.0.11
start time: 1741014863702
local preference: 289
end time: 1741014863703
Time: 1 ms
--------------------------------------------------
received prefix: 10.0.0.11
start time: 1741014863709
local preference: 289
end time: 1741014863709
Time: 0 ms
--------------------------------------------------
received prefix: 10.0.0.11
start time: 1741014863712
local preference: 289
end time: 1741014863713
Time: 1 ms
--------------------------------------------------
received prefix: 10.0.0.11
start time: 1741014863747
local preference: 289
end time: 1741014863748
Time: 1 ms
--------------------------------------------------
received prefix: 10.0.0.11
start time: 1741014863767
local preference: 289
end time: 1741014863768
Time: 1 ms
--------------------------------------------------
received prefix: 10.0.0.7
start time: 1741014863881
local preference: 288
end time: 1741014863883
Time: 2 ms
--------------------------------------------------
received prefix: 10.0.0.7
start time: 1741014863888
local preference: 288
end time: 1741014863889
Time: 1 ms
--------------------------------------------------
received prefix: 10.0.0.7
start time: 1741014863913
local preference: 288
end time: 1741014863917
Time: 4 ms
--------------------------------------------------
received prefix: 10.0.0.7
start time: 1741014863920
local preference: 288
end time: 1741014863921
Time: 1 ms
--------------------------------------------------
received prefix: 10.0.0.7
start time: 1741014863933
local preference: 288
end time: 1741014863934
Time: 1 ms
--------------------------------------------------
received prefix: 10.0.0.7
start time: 1741014863938
local preference: 288
end time: 1741014863939
Time: 1 ms
--------------------------------------------------
received prefix: 10.0.0.7
start time: 1741014863946
local preference: 288
end time: 1741014863947
Time: 1 ms
--------------------------------------------------
received prefix: 10.0.0.7
start time: 1741014863963
local preference: 288
end time: 1741014863965
Time: 2 ms
--------------------------------------------------
received prefix: 10.0.0.7
start time: 1741014863979
local preference: 288
end time: 1741014863981
Time: 2 ms
--------------------------------------------------
received prefix: 10.0.0.8
start time: 1741014864139
local preference: 288
end time: 1741014864140
Time: 1 ms
--------------------------------------------------
received prefix: 10.0.0.8
start time: 1741014864146
local preference: 288
end time: 1741014864148
Time: 2 ms
--------------------------------------------------
received prefix: 10.0.0.8
start time: 1741014864152
local preference: 288
end time: 1741014864153
Time: 1 ms
--------------------------------------------------
received prefix: 10.0.0.8
start time: 1741014864175
local preference: 288
end time: 1741014864176
Time: 1 ms
--------------------------------------------------
received prefix: 10.0.0.8
start time: 1741014864199
local preference: 288
end time: 1741014864201
Time: 2 ms
--------------------------------------------------
received prefix: 10.0.0.8
start time: 1741014864205
local preference: 288
end time: 1741014864206
Time: 1 ms
--------------------------------------------------
received prefix: 10.0.0.8
start time: 1741014864209
local preference: 288
end time: 1741014864210
Time: 1 ms
--------------------------------------------------
received prefix: 10.0.0.8
start time: 1741014864221
local preference: 288
end time: 1741014864223
Time: 2 ms
--------------------------------------------------
received prefix: 10.0.0.8
start time: 1741014864242
local preference: 288
end time: 1741014864243
Time: 1 ms
--------------------------------------------------
received prefix: 10.0.0.9
start time: 1741014864324
local preference: 288
end time: 1741014864325
Time: 1 ms
--------------------------------------------------
received prefix: 10.0.0.9
start time: 1741014864335
local preference: 288
end time: 1741014864336
Time: 1 ms
--------------------------------------------------
received prefix: 10.0.0.9
start time: 1741014864346
local preference: 288
end time: 1741014864346
Time: 0 ms
--------------------------------------------------
received prefix: 10.0.0.9
start time: 1741014864354
local preference: 288
end time: 1741014864355
Time: 1 ms
--------------------------------------------------
received prefix: 10.0.0.9
start time: 1741014864359
local preference: 288
end time: 1741014864361
Time: 2 ms
--------------------------------------------------
received prefix: 10.0.0.9
start time: 1741014864368
local preference: 288
end time: 1741014864369
Time: 1 ms
--------------------------------------------------
received prefix: 10.0.0.9
start time: 1741014864373
local preference: 288
end time: 1741014864374
Time: 1 ms
--------------------------------------------------
received prefix: 10.0.0.9
start time: 1741014864395
local preference: 288
end time: 1741014864396
Time: 1 ms
--------------------------------------------------
received prefix: 10.0.0.9
start time: 1741014864406
local preference: 288
end time: 1741014864407
Time: 1 ms
--------------------------------------------------
received prefix: 10.0.0.9
start time: 1741014864413
local preference: 288
end time: 1741014864414
Time: 1 ms
--------------------------------------------------
received prefix: 10.0.0.10
start time: 1741014864577
local preference: 288
end time: 1741014864578
Time: 1 ms
--------------------------------------------------
received prefix: 10.0.0.10
start time: 1741014864583
local preference: 288
end time: 1741014864584
Time: 1 ms
--------------------------------------------------
received prefix: 10.0.0.10
start time: 1741014864588
local preference: 288
end time: 1741014864589
Time: 1 ms
--------------------------------------------------
received prefix: 10.0.0.10
start time: 1741014864591
local preference: 288
end time: 1741014864591
Time: 0 ms
--------------------------------------------------
received prefix: 10.0.0.10
start time: 1741014864608
local preference: 288
end time: 1741014864609
Time: 1 ms
--------------------------------------------------
received prefix: 10.0.0.10
start time: 1741014864612
local preference: 288
end time: 1741014864613
Time: 1 ms
--------------------------------------------------
received prefix: 10.0.0.10
start time: 1741014864617
local preference: 288
end time: 1741014864619
Time: 2 ms
--------------------------------------------------
received prefix: 10.0.0.10
start time: 1741014864628
local preference: 288
end time: 1741014864629
Time: 1 ms
--------------------------------------------------
received prefix: 10.0.0.10
start time: 1741014864645
local preference: 288
end time: 1741014864646
Time: 1 ms
--------------------------------------------------
received prefix: 10.0.0.10
start time: 1741014864648
local preference: 288
end time: 1741014864649
Time: 1 ms
--------------------------------------------------
received prefix: 10.0.0.15
start time: 1741014864775
local preference: 288
end time: 1741014864775
Time: 0 ms
--------------------------------------------------
received prefix: 10.0.0.15
start time: 1741014864804
local preference: 288
end time: 1741014864805
Time: 1 ms
--------------------------------------------------
received prefix: 10.0.0.15
start time: 1741014864810
local preference: 288
end time: 1741014864811
Time: 1 ms
--------------------------------------------------
received prefix: 10.0.0.15
start time: 1741014864829
local preference: 288
end time: 1741014864830
Time: 1 ms
--------------------------------------------------
received prefix: 10.0.0.15
start time: 1741014864835
local preference: 288
end time: 1741014864836
Time: 1 ms
--------------------------------------------------
received prefix: 10.0.0.15
start time: 1741014864839
local preference: 288
end time: 1741014864840
Time: 1 ms
--------------------------------------------------
received prefix: 10.0.0.15
start time: 1741014864843
local preference: 288
end time: 1741014864844
Time: 1 ms
--------------------------------------------------
received prefix: 10.0.0.15
start time: 1741014864882
local preference: 288
end time: 1741014864883
Time: 1 ms
--------------------------------------------------
received prefix: 10.0.0.15
start time: 1741014864888
local preference: 288
end time: 1741014864889
Time: 1 ms
--------------------------------------------------
received prefix: 10.0.0.15
start time: 1741014864891
local preference: 288
end time: 1741014864892
Time: 1 ms
--------------------------------------------------
received prefix: 10.0.0.16
start time: 1741014865062
local preference: 288
end time: 1741014865063
Time: 1 ms
--------------------------------------------------
received prefix: 10.0.0.16
start time: 1741014865079
local preference: 288
end time: 1741014865081
Time: 2 ms
--------------------------------------------------
received prefix: 10.0.0.16
start time: 1741014865116
local preference: 288
end time: 1741014865117
Time: 1 ms
--------------------------------------------------
received prefix: 10.0.0.16
start time: 1741014865123
local preference: 288
end time: 1741014865124
Time: 1 ms
--------------------------------------------------
received prefix: 10.0.0.16
start time: 1741014865142
local preference: 288
end time: 1741014865143
Time: 1 ms
--------------------------------------------------
received prefix: 10.0.0.16
start time: 1741014865148
local preference: 288
end time: 1741014865151
Time: 3 ms
--------------------------------------------------
received prefix: 10.0.0.16
start time: 1741014865179
local preference: 288
end time: 1741014865180
Time: 1 ms
--------------------------------------------------
received prefix: 10.0.0.16
start time: 1741014865183
local preference: 288
end time: 1741014865184
Time: 1 ms
--------------------------------------------------
received prefix: 10.0.0.16
start time: 1741014865187
local preference: 288
end time: 1741014865189
Time: 2 ms
--------------------------------------------------
received prefix: 10.0.0.16
start time: 1741014865201
local preference: 288
end time: 1741014865202
Time: 1 ms
--------------------------------------------------
received prefix: 10.0.0.17
start time: 1741014865417
local preference: 288
end time: 1741014865418
Time: 1 ms
--------------------------------------------------
received prefix: 10.0.0.17
start time: 1741014865423
local preference: 288
end time: 1741014865424
Time: 1 ms
--------------------------------------------------
received prefix: 10.0.0.17
start time: 1741014865429
local preference: 288
end time: 1741014865430
Time: 1 ms
--------------------------------------------------
received prefix: 10.0.0.17
start time: 1741014865432
local preference: 288
end time: 1741014865433
Time: 1 ms
--------------------------------------------------
received prefix: 10.0.0.17
start time: 1741014865439
local preference: 288
end time: 1741014865440
Time: 1 ms
--------------------------------------------------
received prefix: 10.0.0.17
start time: 1741014865461
local preference: 288
end time: 1741014865462
Time: 1 ms
--------------------------------------------------
received prefix: 10.0.0.17
start time: 1741014865465
local preference: 288
end time: 1741014865466
Time: 1 ms
--------------------------------------------------
received prefix: 10.0.0.17
start time: 1741014865476
local preference: 288
end time: 1741014865477
Time: 1 ms
--------------------------------------------------
received prefix: 10.0.0.17
start time: 1741014865485
local preference: 288
end time: 1741014865487
Time: 2 ms
--------------------------------------------------
received prefix: 10.0.0.17
start time: 1741014865499
local preference: 288
end time: 1741014865500
Time: 1 ms
--------------------------------------------------
received prefix: 10.0.0.18
start time: 1741014865714
local preference: 288
end time: 1741014865715
Time: 1 ms
--------------------------------------------------
received prefix: 10.0.0.18
start time: 1741014865735
local preference: 288
end time: 1741014865737
Time: 2 ms
--------------------------------------------------
received prefix: 10.0.0.18
start time: 1741014865744
local preference: 288
end time: 1741014865745
Time: 1 ms
--------------------------------------------------
received prefix: 10.0.0.18
start time: 1741014865754
local preference: 288
end time: 1741014865755
Time: 1 ms
--------------------------------------------------
received prefix: 10.0.0.18
start time: 1741014865770
local preference: 288
end time: 1741014865770
Time: 0 ms
--------------------------------------------------
received prefix: 10.0.0.18
start time: 1741014865773
local preference: 288
end time: 1741014865774
Time: 1 ms
--------------------------------------------------
received prefix: 10.0.0.18
start time: 1741014865778
local preference: 288
end time: 1741014865779
Time: 1 ms
--------------------------------------------------
received prefix: 10.0.0.18
start time: 1741014865792
local preference: 288
end time: 1741014865795
Time: 3 ms
--------------------------------------------------
received prefix: 10.0.0.18
start time: 1741014865799
local preference: 288
end time: 1741014865800
Time: 1 ms
--------------------------------------------------
received prefix: 10.0.0.18
start time: 1741014865802
local preference: 288
end time: 1741014865803
Time: 1 ms
--------------------------------------------------
received prefix: 10.0.0.19
start time: 1741014865975
local preference: 289
end time: 1741014865976
Time: 1 ms
--------------------------------------------------
received prefix: 10.0.0.19
start time: 1741014865978
local preference: 289
end time: 1741014865979
Time: 1 ms
--------------------------------------------------
received prefix: 10.0.0.19
start time: 1741014866001
local preference: 289
end time: 1741014866003
Time: 2 ms
--------------------------------------------------
received prefix: 10.0.0.19
start time: 1741014866008
local preference: 288
end time: 1741014866009
Time: 1 ms
--------------------------------------------------
received prefix: 10.0.0.19
start time: 1741014866014
local preference: 289
end time: 1741014866015
Time: 1 ms
--------------------------------------------------
received prefix: 10.0.0.19
start time: 1741014866033
local preference: 288
end time: 1741014866035
Time: 2 ms
--------------------------------------------------
received prefix: 10.0.0.19
start time: 1741014866043
local preference: 289
end time: 1741014866044
Time: 1 ms
--------------------------------------------------
received prefix: 10.0.0.19
start time: 1741014866052
local preference: 288
end time: 1741014866054
Time: 2 ms
--------------------------------------------------
received prefix: 10.0.0.19
start time: 1741014866061
local preference: 288
end time: 1741014866062
Time: 1 ms
--------------------------------------------------
received prefix: 10.0.0.19
start time: 1741014866069
local preference: 288
end time: 1741014866070
Time: 1 ms
--------------------------------------------------
received prefix: 10.0.0.23
start time: 1741014866225
local preference: 288
end time: 1741014866226
Time: 1 ms
--------------------------------------------------
received prefix: 10.0.0.23
start time: 1741014866229
local preference: 288
end time: 1741014866230
Time: 1 ms
--------------------------------------------------
received prefix: 10.0.0.23
start time: 1741014866246
local preference: 288
end time: 1741014866247
Time: 1 ms
--------------------------------------------------
received prefix: 10.0.0.23
start time: 1741014866252
local preference: 288
end time: 1741014866254
Time: 2 ms
--------------------------------------------------
received prefix: 10.0.0.23
start time: 1741014866272
local preference: 288
end time: 1741014866274
Time: 2 ms
--------------------------------------------------
received prefix: 10.0.0.23
start time: 1741014866283
local preference: 288
end time: 1741014866284
Time: 1 ms
--------------------------------------------------
received prefix: 10.0.0.23
start time: 1741014866295
local preference: 288
end time: 1741014866296
Time: 1 ms
--------------------------------------------------
received prefix: 10.0.0.23
start time: 1741014866307
local preference: 288
end time: 1741014866307
Time: 0 ms
--------------------------------------------------
received prefix: 10.0.0.23
start time: 1741014866311
local preference: 288
end time: 1741014866312
Time: 1 ms
--------------------------------------------------
received prefix: 10.0.0.23
start time: 1741014866314
local preference: 288
end time: 1741014866315
Time: 1 ms
--------------------------------------------------
received prefix: 10.0.0.24
start time: 1741014866435
local preference: 288
end time: 1741014866435
Time: 0 ms
--------------------------------------------------
received prefix: 10.0.0.24
start time: 1741014866438
local preference: 288
end time: 1741014866439
Time: 1 ms
--------------------------------------------------
received prefix: 10.0.0.24
start time: 1741014866449
local preference: 288
end time: 1741014866451
Time: 2 ms
--------------------------------------------------
received prefix: 10.0.0.24
start time: 1741014866468
local preference: 288
end time: 1741014866469
Time: 1 ms
--------------------------------------------------
received prefix: 10.0.0.24
start time: 1741014866501
local preference: 288
end time: 1741014866502
Time: 1 ms
--------------------------------------------------
received prefix: 10.0.0.24
start time: 1741014866505
local preference: 288
end time: 1741014866506
Time: 1 ms
--------------------------------------------------
received prefix: 10.0.0.24
start time: 1741014866510
local preference: 288
end time: 1741014866511
Time: 1 ms
--------------------------------------------------
received prefix: 10.0.0.24
start time: 1741014866513
local preference: 288
end time: 1741014866514
Time: 1 ms
--------------------------------------------------
received prefix: 10.0.0.24
start time: 1741014866517
local preference: 288
end time: 1741014866518
Time: 1 ms
--------------------------------------------------
received prefix: 10.0.0.24
start time: 1741014866523
local preference: 288
end time: 1741014866525
Time: 2 ms
--------------------------------------------------
received prefix: 10.0.0.27
start time: 1741014866724
local preference: 288
end time: 1741014866725
Time: 1 ms
--------------------------------------------------
received prefix: 10.0.0.27
start time: 1741014866733
local preference: 288
end time: 1741014866739
Time: 6 ms
--------------------------------------------------
received prefix: 10.0.0.27
start time: 1741014866760
local preference: 288
end time: 1741014866762
Time: 2 ms
--------------------------------------------------
received prefix: 10.0.0.27
start time: 1741014866766
local preference: 288
end time: 1741014866767
Time: 1 ms
--------------------------------------------------
received prefix: 10.0.0.27
start time: 1741014866772
local preference: 288
end time: 1741014866772
Time: 0 ms
--------------------------------------------------
received prefix: 10.0.0.27
start time: 1741014866776
local preference: 288
end time: 1741014866778
Time: 2 ms
--------------------------------------------------
received prefix: 10.0.0.27
start time: 1741014866791
local preference: 288
end time: 1741014866793
Time: 2 ms
--------------------------------------------------
received prefix: 10.0.0.27
start time: 1741014866797
local preference: 288
end time: 1741014866798
Time: 1 ms
--------------------------------------------------
received prefix: 10.0.0.27
start time: 1741014866801
local preference: 288
end time: 1741014866802
Time: 1 ms
--------------------------------------------------
received prefix: 10.0.0.27
start time: 1741014866804
local preference: 288
end time: 1741014866805
Time: 1 ms
--------------------------------------------------
received prefix: 10.0.0.28
start time: 1741014866945
local preference: 288
end time: 1741014866946
Time: 1 ms
--------------------------------------------------
received prefix: 10.0.0.28
start time: 1741014866975
local preference: 288
end time: 1741014866976
Time: 1 ms
--------------------------------------------------
received prefix: 10.0.0.28
start time: 1741014866983
local preference: 288
end time: 1741014866984
Time: 1 ms
--------------------------------------------------
received prefix: 10.0.0.28
start time: 1741014866991
local preference: 288
end time: 1741014866991
Time: 0 ms
--------------------------------------------------
received prefix: 10.0.0.28
start time: 1741014866995
local preference: 288
end time: 1741014866995
Time: 0 ms
--------------------------------------------------
received prefix: 10.0.0.28
start time: 1741014866998
local preference: 288
end time: 1741014866999
Time: 1 ms
--------------------------------------------------
received prefix: 10.0.0.28
start time: 1741014867038
local preference: 288
end time: 1741014867039
Time: 1 ms
--------------------------------------------------
received prefix: 10.0.0.28
start time: 1741014867042
local preference: 288
end time: 1741014867043
Time: 1 ms
--------------------------------------------------
received prefix: 10.0.0.28
start time: 1741014867046
local preference: 288
end time: 1741014867047
Time: 1 ms
--------------------------------------------------
received prefix: 10.0.0.28
start time: 1741014867049
local preference: 288
end time: 1741014867050
Time: 1 ms
--------------------------------------------------
received prefix: 10.0.0.29
start time: 1741014867272
local preference: 288
end time: 1741014867275
Time: 3 ms
--------------------------------------------------
received prefix: 10.0.0.29
start time: 1741014867280
local preference: 288
end time: 1741014867284
Time: 4 ms
--------------------------------------------------
received prefix: 10.0.0.29
start time: 1741014867289
local preference: 288
end time: 1741014867290
Time: 1 ms
--------------------------------------------------
received prefix: 10.0.0.29
start time: 1741014867292
local preference: 288
end time: 1741014867292
Time: 0 ms
--------------------------------------------------
received prefix: 10.0.0.29
start time: 1741014867295
local preference: 288
end time: 1741014867296
Time: 1 ms
--------------------------------------------------
received prefix: 10.0.0.29
start time: 1741014867299
local preference: 288
end time: 1741014867300
Time: 1 ms
--------------------------------------------------
received prefix: 10.0.0.29
start time: 1741014867303
local preference: 288
end time: 1741014867304
Time: 1 ms
--------------------------------------------------
received prefix: 10.0.0.29
start time: 1741014867307
local preference: 288
end time: 1741014867308
Time: 1 ms
--------------------------------------------------
received prefix: 10.0.0.29
start time: 1741014867355
local preference: 288
end time: 1741014867356
Time: 1 ms
--------------------------------------------------
received prefix: 10.0.0.29
start time: 1741014867359
local preference: 288
end time: 1741014867360
Time: 1 ms
--------------------------------------------------
received prefix: 10.0.0.30
start time: 1741014867554
local preference: 288
end time: 1741014867556
Time: 2 ms
--------------------------------------------------
received prefix: 10.0.0.30
start time: 1741014867560
local preference: 288
end time: 1741014867561
Time: 1 ms
--------------------------------------------------
received prefix: 10.0.0.30
start time: 1741014867574
local preference: 288
end time: 1741014867575
Time: 1 ms
--------------------------------------------------
received prefix: 10.0.0.30
start time: 1741014867600
local preference: 288
end time: 1741014867602
Time: 2 ms
--------------------------------------------------
received prefix: 10.0.0.30
start time: 1741014867608
local preference: 288
end time: 1741014867609
Time: 1 ms
--------------------------------------------------
received prefix: 10.0.0.30
start time: 1741014867617
local preference: 288
end time: 1741014867618
Time: 1 ms
--------------------------------------------------
received prefix: 10.0.0.30
start time: 1741014867625
local preference: 288
end time: 1741014867626
Time: 1 ms
--------------------------------------------------
received prefix: 10.0.0.30
start time: 1741014867632
local preference: 288
end time: 1741014867633
Time: 1 ms
--------------------------------------------------
received prefix: 10.0.0.30
start time: 1741014867663
local preference: 288
end time: 1741014867663
Time: 0 ms
--------------------------------------------------
received prefix: 10.0.0.30
start time: 1741014867666
local preference: 288
end time: 1741014867667
Time: 1 ms
--------------------------------------------------
received prefix: 10.0.0.31
start time: 1741014867754
local preference: 288
end time: 1741014867756
Time: 2 ms
--------------------------------------------------
received prefix: 10.0.0.31
start time: 1741014867771
local preference: 288
end time: 1741014867772
Time: 1 ms
--------------------------------------------------
received prefix: 10.0.0.31
start time: 1741014867808
local preference: 288
end time: 1741014867809
Time: 1 ms
--------------------------------------------------
received prefix: 10.0.0.31
start time: 1741014867811
local preference: 288
end time: 1741014867812
Time: 1 ms
--------------------------------------------------
received prefix: 10.0.0.31
start time: 1741014867815
local preference: 288
end time: 1741014867816
Time: 1 ms
--------------------------------------------------
received prefix: 10.0.0.31
start time: 1741014867819
local preference: 288
end time: 1741014867820
Time: 1 ms
--------------------------------------------------
received prefix: 10.0.0.31
start time: 1741014867824
local preference: 288
end time: 1741014867824
Time: 0 ms
--------------------------------------------------
received prefix: 10.0.0.31
start time: 1741014867827
local preference: 288
end time: 1741014867828
Time: 1 ms
--------------------------------------------------
received prefix: 10.0.0.31
start time: 1741014867858
local preference: 288
end time: 1741014867859
Time: 1 ms
--------------------------------------------------
received prefix: 10.0.0.31
start time: 1741014867862
local preference: 288
end time: 1741014867863
Time: 1 ms
--------------------------------------------------
received prefix: 10.0.0.8
start time: 1741014869562
local preference: 288
end time: 1741014869565
Time: 3 ms
--------------------------------------------------
received prefix: 10.0.0.8
start time: 1741014869575
local preference: 288
end time: 1741014869576
Time: 1 ms
--------------------------------------------------
received prefix: 10.0.0.8
start time: 1741014869578
local preference: 288
end time: 1741014869579
Time: 1 ms
--------------------------------------------------
received prefix: 10.0.0.8
start time: 1741014869581
local preference: 288
end time: 1741014869582
Time: 1 ms
--------------------------------------------------
received prefix: 10.0.0.8
start time: 1741014869585
local preference: 288
end time: 1741014869586
Time: 1 ms
--------------------------------------------------
received prefix: 10.0.0.7
start time: 1741014869733
local preference: 288
end time: 1741014869736
Time: 3 ms
--------------------------------------------------
received prefix: 10.0.0.7
start time: 1741014869752
local preference: 288
end time: 1741014869754
Time: 2 ms
--------------------------------------------------
received prefix: 10.0.0.7
start time: 1741014869759
local preference: 288
end time: 1741014869760
Time: 1 ms
--------------------------------------------------
received prefix: 10.0.0.7
start time: 1741014869769
local preference: 288
end time: 1741014869770
Time: 1 ms
--------------------------------------------------
received prefix: 10.0.0.7
start time: 1741014869778
local preference: 288
end time: 1741014869779
Time: 1 ms
--------------------------------------------------
received prefix: 10.0.0.9
start time: 1741014872366
local preference: 288
end time: 1741014872367
Time: 1 ms
--------------------------------------------------
received prefix: 10.0.0.10
start time: 1741014872434
local preference: 288
end time: 1741014872435
Time: 1 ms
--------------------------------------------------
received prefix: 10.0.0.11
start time: 1741014872476
local preference: 289
end time: 1741014872477
Time: 1 ms
--------------------------------------------------
received prefix: 10.0.0.12
start time: 1741014872521
local preference: 289
end time: 1741014872522
Time: 1 ms
--------------------------------------------------
received prefix: 10.0.0.32
start time: 1741014872904
local preference: 288
end time: 1741014872904
Time: 0 ms
--------------------------------------------------
received prefix: 10.0.0.26
start time: 1741014873254
local preference: 288
end time: 1741014873255
Time: 1 ms
--------------------------------------------------
received prefix: 10.0.0.25
start time: 1741014873628
local preference: 288
end time: 1741014873629
Time: 1 ms
--------------------------------------------------
received prefix: 10.0.0.21
start time: 1741014874011
local preference: 288
end time: 1741014874012
Time: 1 ms
--------------------------------------------------
received prefix: 10.0.0.22
start time: 1741014874453
local preference: 288
end time: 1741014874455
Time: 2 ms
--------------------------------------------------
received prefix: 10.0.0.20
start time: 1741014874827
local preference: 288
end time: 1741014874828
Time: 1 ms
--------------------------------------------------
received prefix: 10.0.0.13
start time: 1741014875245
local preference: 288
end time: 1741014875246
Time: 1 ms
--------------------------------------------------
received prefix: 10.0.0.14
start time: 1741014875663
local preference: 288
end time: 1741014875664
Time: 1 ms
--------------------------------------------------
received prefix: 10.0.0.15
start time: 1741014876097
local preference: 288
end time: 1741014876097
Time: 0 ms
--------------------------------------------------
received prefix: 10.0.0.16
start time: 1741014876486
local preference: 288
end time: 1741014876487
Time: 1 ms
--------------------------------------------------
received prefix: 10.0.0.17
start time: 1741014876926
local preference: 288
end time: 1741014876927
Time: 1 ms
--------------------------------------------------
received prefix: 10.0.0.18
start time: 1741014877464
local preference: 288
end time: 1741014877465
Time: 1 ms
--------------------------------------------------
received prefix: 10.0.0.19
start time: 1741014878079
local preference: 288
end time: 1741014878081
Time: 2 ms
--------------------------------------------------
received prefix: 10.0.0.23
start time: 1741014878777
local preference: 288
end time: 1741014878778
Time: 1 ms
--------------------------------------------------
received prefix: 10.0.0.24
start time: 1741014879441
local preference: 288
end time: 1741014879442
Time: 1 ms
--------------------------------------------------
received prefix: 10.0.0.27
start time: 1741014880045
local preference: 288
end time: 1741014880046
Time: 1 ms
--------------------------------------------------
received prefix: 10.0.0.28
start time: 1741014880657
local preference: 288
end time: 1741014880658
Time: 1 ms
--------------------------------------------------
received prefix: 10.0.0.29
start time: 1741014881137
local preference: 288
end time: 1741014881138
Time: 1 ms
--------------------------------------------------
received prefix: 10.0.0.30
start time: 1741014881644
local preference: 288
end time: 1741014881645
Time: 1 ms
--------------------------------------------------
received prefix: 10.0.0.31
start time: 1741014882072
local preference: 288
end time: 1741014882073
Time: 1 ms
--------------------------------------------------
received prefix: 10.0.0.6
start time: 1741014906361
local preference: 288
end time: 1741014906362
Time: 1 ms
--------------------------------------------------
received prefix: 10.0.0.4
start time: 1741014906513
local preference: 288
end time: 1741014906514
Time: 1 ms
--------------------------------------------------
received prefix: 10.0.0.5
start time: 1741014906859
local preference: 288
end time: 1741014906860
Time: 1 ms
--------------------------------------------------
received prefix: 10.0.0.12
start time: 1741014906945
local preference: 289
end time: 1741014906946
Time: 1 ms
--------------------------------------------------
received prefix: 10.0.0.7
start time: 1741014910090
local preference: 288
end time: 1741014910091
Time: 1 ms
--------------------------------------------------
received prefix: 10.0.0.7
start time: 1741014910109
local preference: 288
end time: 1741014910110
Time: 1 ms
--------------------------------------------------
received prefix: 10.0.0.7
start time: 1741014910112
local preference: 288
end time: 1741014910112
Time: 0 ms
--------------------------------------------------
received prefix: 10.0.0.7
start time: 1741014910118
local preference: 288
end time: 1741014910120
Time: 2 ms
--------------------------------------------------
received prefix: 10.0.0.7
start time: 1741014910122
local preference: 288
end time: 1741014910123
Time: 1 ms
--------------------------------------------------
received prefix: 10.0.0.8
start time: 1741014910160
local preference: 288
end time: 1741014910161
Time: 1 ms
--------------------------------------------------
received prefix: 10.0.0.8
start time: 1741014910165
local preference: 288
end time: 1741014910166
Time: 1 ms
--------------------------------------------------
received prefix: 10.0.0.8
start time: 1741014910168
local preference: 288
end time: 1741014910169
Time: 1 ms
--------------------------------------------------
received prefix: 10.0.0.8
start time: 1741014910171
local preference: 288
end time: 1741014910171
Time: 0 ms
--------------------------------------------------
received prefix: 10.0.0.8
start time: 1741014910173
local preference: 288
end time: 1741014910173
Time: 0 ms
--------------------------------------------------
received prefix: 10.0.0.7
start time: 1741014910482
local preference: 288
end time: 1741014910482
Time: 0 ms
--------------------------------------------------
received prefix: 10.0.0.7
start time: 1741014910485
local preference: 288
end time: 1741014910485
Time: 0 ms
--------------------------------------------------
received prefix: 10.0.0.7
start time: 1741014910511
local preference: 288
end time: 1741014910511
Time: 0 ms
--------------------------------------------------
received prefix: 10.0.0.7
start time: 1741014910517
local preference: 288
end time: 1741014910521
Time: 4 ms
--------------------------------------------------
received prefix: 10.0.0.7
start time: 1741014910523
local preference: 288
end time: 1741014910524
Time: 1 ms
--------------------------------------------------
received prefix: 10.0.0.8
start time: 1741014910530
local preference: 288
end time: 1741014910530
Time: 0 ms
--------------------------------------------------
received prefix: 10.0.0.8
start time: 1741014910547
local preference: 288
end time: 1741014910548
Time: 1 ms
--------------------------------------------------
received prefix: 10.0.0.8
start time: 1741014910550
local preference: 288
end time: 1741014910551
Time: 1 ms
--------------------------------------------------
received prefix: 10.0.0.8
start time: 1741014910553
local preference: 288
end time: 1741014910554
Time: 1 ms
--------------------------------------------------
received prefix: 10.0.0.8
start time: 1741014910557
local preference: 288
end time: 1741014910557
Time: 0 ms
--------------------------------------------------
received prefix: 10.0.0.7
start time: 1741014910855
local preference: 288
end time: 1741014910857
Time: 2 ms
--------------------------------------------------
received prefix: 10.0.0.7
start time: 1741014910861
local preference: 288
end time: 1741014910862
Time: 1 ms
--------------------------------------------------
received prefix: 10.0.0.7
start time: 1741014910865
local preference: 288
end time: 1741014910866
Time: 1 ms
--------------------------------------------------
received prefix: 10.0.0.7
start time: 1741014910870
local preference: 288
end time: 1741014910871
Time: 1 ms
--------------------------------------------------
received prefix: 10.0.0.7
start time: 1741014910873
local preference: 288
end time: 1741014910874
Time: 1 ms
--------------------------------------------------
received prefix: 10.0.0.8
start time: 1741014911014
local preference: 288
end time: 1741014911015
Time: 1 ms
--------------------------------------------------
received prefix: 10.0.0.8
start time: 1741014911023
local preference: 288
end time: 1741014911024
Time: 1 ms
--------------------------------------------------
received prefix: 10.0.0.8
start time: 1741014911027
local preference: 288
end time: 1741014911027
Time: 0 ms
--------------------------------------------------
received prefix: 10.0.0.8
start time: 1741014911030
local preference: 288
end time: 1741014911031
Time: 1 ms
--------------------------------------------------
received prefix: 10.0.0.8
start time: 1741014911043
local preference: 288
end time: 1741014911043
Time: 0 ms
--------------------------------------------------
received prefix: 10.0.0.12
start time: 1741014911188
local preference: 289
end time: 1741014911189
Time: 1 ms
--------------------------------------------------
received prefix: 10.0.0.12
start time: 1741014911221
local preference: 289
end time: 1741014911222
Time: 1 ms
--------------------------------------------------
received prefix: 10.0.0.12
start time: 1741014911227
local preference: 289
end time: 1741014911228
Time: 1 ms
--------------------------------------------------
received prefix: 10.0.0.12
start time: 1741014911230
local preference: 289
end time: 1741014911231
Time: 1 ms
--------------------------------------------------
received prefix: 10.0.0.12
start time: 1741014911235
local preference: 289
end time: 1741014911235
Time: 0 ms
--------------------------------------------------
received prefix: 10.0.0.12
start time: 1741014911238
local preference: 289
end time: 1741014911239
Time: 1 ms
--------------------------------------------------
received prefix: 10.0.0.12
start time: 1741014911243
local preference: 289
end time: 1741014911244
Time: 1 ms
--------------------------------------------------
received prefix: 10.0.0.12
start time: 1741014911247
local preference: 289
end time: 1741014911248
Time: 1 ms
--------------------------------------------------
received prefix: 10.0.0.12
start time: 1741014911258
local preference: 289
end time: 1741014911260
Time: 2 ms
--------------------------------------------------
received prefix: 10.0.0.7
start time: 1741014911452
local preference: 288
end time: 1741014911452
Time: 0 ms
--------------------------------------------------
received prefix: 10.0.0.7
start time: 1741014911454
local preference: 288
end time: 1741014911455
Time: 1 ms
--------------------------------------------------
received prefix: 10.0.0.7
start time: 1741014911457
local preference: 288
end time: 1741014911458
Time: 1 ms
--------------------------------------------------
received prefix: 10.0.0.7
start time: 1741014911460
local preference: 288
end time: 1741014911461
Time: 1 ms
--------------------------------------------------
received prefix: 10.0.0.7
start time: 1741014911464
local preference: 288
end time: 1741014911464
Time: 0 ms
--------------------------------------------------
received prefix: 10.0.0.8
start time: 1741014911471
local preference: 288
end time: 1741014911471
Time: 0 ms
--------------------------------------------------
received prefix: 10.0.0.8
start time: 1741014911474
local preference: 288
end time: 1741014911475
Time: 1 ms
--------------------------------------------------
received prefix: 10.0.0.8
start time: 1741014911477
local preference: 288
end time: 1741014911478
Time: 1 ms
--------------------------------------------------
received prefix: 10.0.0.8
start time: 1741014911481
local preference: 288
end time: 1741014911482
Time: 1 ms
--------------------------------------------------
received prefix: 10.0.0.8
start time: 1741014911484
local preference: 288
end time: 1741014911486
Time: 2 ms
--------------------------------------------------
received prefix: 10.0.0.7
start time: 1741014911717
local preference: 288
end time: 1741014911721
Time: 4 ms
--------------------------------------------------
received prefix: 10.0.0.7
start time: 1741014911727
local preference: 288
end time: 1741014911729
Time: 2 ms
--------------------------------------------------
received prefix: 10.0.0.7
start time: 1741014911733
local preference: 288
end time: 1741014911735
Time: 2 ms
--------------------------------------------------
received prefix: 10.0.0.7
start time: 1741014911747
local preference: 288
end time: 1741014911748
Time: 1 ms
--------------------------------------------------
received prefix: 10.0.0.7
start time: 1741014911753
local preference: 288
end time: 1741014911754
Time: 1 ms
--------------------------------------------------
received prefix: 10.0.0.8
start time: 1741014911764
local preference: 288
end time: 1741014911765
Time: 1 ms
--------------------------------------------------
received prefix: 10.0.0.8
start time: 1741014911798
local preference: 288
end time: 1741014911799
Time: 1 ms
--------------------------------------------------
received prefix: 10.0.0.8
start time: 1741014911802
local preference: 288
end time: 1741014911803
Time: 1 ms
--------------------------------------------------
received prefix: 10.0.0.8
start time: 1741014911805
local preference: 288
end time: 1741014911806
Time: 1 ms
--------------------------------------------------
received prefix: 10.0.0.8
start time: 1741014911808
local preference: 288
end time: 1741014911809
Time: 1 ms
--------------------------------------------------
received prefix: 10.0.0.11
start time: 1741014911925
local preference: 289
end time: 1741014911926
Time: 1 ms
--------------------------------------------------
received prefix: 10.0.0.11
start time: 1741014911929
local preference: 289
end time: 1741014911929
Time: 0 ms
--------------------------------------------------
received prefix: 10.0.0.11
start time: 1741014911932
local preference: 289
end time: 1741014911933
Time: 1 ms
--------------------------------------------------
received prefix: 10.0.0.11
start time: 1741014911935
local preference: 289
end time: 1741014911936
Time: 1 ms
--------------------------------------------------
received prefix: 10.0.0.11
start time: 1741014911943
local preference: 289
end time: 1741014911944
Time: 1 ms
--------------------------------------------------
received prefix: 10.0.0.9
start time: 1741014912111
local preference: 288
end time: 1741014912112
Time: 1 ms
--------------------------------------------------
received prefix: 10.0.0.9
start time: 1741014912116
local preference: 288
end time: 1741014912125
Time: 9 ms
--------------------------------------------------
received prefix: 10.0.0.9
start time: 1741014912141
local preference: 288
end time: 1741014912141
Time: 0 ms
--------------------------------------------------
received prefix: 10.0.0.9
start time: 1741014912144
local preference: 288
end time: 1741014912145
Time: 1 ms
--------------------------------------------------
received prefix: 10.0.0.9
start time: 1741014912147
local preference: 288
end time: 1741014912147
Time: 0 ms
--------------------------------------------------
received prefix: 10.0.0.10
start time: 1741014912347
local preference: 288
end time: 1741014912351
Time: 4 ms
--------------------------------------------------
received prefix: 10.0.0.10
start time: 1741014912354
local preference: 288
end time: 1741014912355
Time: 1 ms
--------------------------------------------------
received prefix: 10.0.0.10
start time: 1741014912358
local preference: 288
end time: 1741014912359
Time: 1 ms
--------------------------------------------------
received prefix: 10.0.0.10
start time: 1741014912362
local preference: 288
end time: 1741014912362
Time: 0 ms
--------------------------------------------------
received prefix: 10.0.0.10
start time: 1741014912365
local preference: 288
end time: 1741014912365
Time: 0 ms
--------------------------------------------------
received prefix: 10.0.0.12
start time: 1741014912672
local preference: 289
end time: 1741014912672
Time: 0 ms
--------------------------------------------------
received prefix: 10.0.0.12
start time: 1741014912675
local preference: 289
end time: 1741014912676
Time: 1 ms
--------------------------------------------------
received prefix: 10.0.0.12
start time: 1741014912680
local preference: 289
end time: 1741014912682
Time: 2 ms
--------------------------------------------------
received prefix: 10.0.0.12
start time: 1741014912695
local preference: 289
end time: 1741014912696
Time: 1 ms
--------------------------------------------------
received prefix: 10.0.0.12
start time: 1741014912700
local preference: 289
end time: 1741014912700
Time: 0 ms
--------------------------------------------------
received prefix: 10.0.0.13
start time: 1741014915052
local preference: 288
end time: 1741014915053
Time: 1 ms
--------------------------------------------------
received prefix: 10.0.0.14
start time: 1741014915302
local preference: 288
end time: 1741014915303
Time: 1 ms
--------------------------------------------------
received prefix: 10.0.0.7
start time: 1741014931643
local preference: 288
end time: 1741014931643
Time: 0 ms
--------------------------------------------------
received prefix: 10.0.0.8
start time: 1741014931973
local preference: 288
end time: 1741014931973
Time: 0 ms
--------------------------------------------------
received prefix: 10.0.0.11
start time: 1741014935129
local preference: 289
end time: 1741014935130
Time: 1 ms
--------------------------------------------------
received prefix: 10.0.0.11
start time: 1741014935135
local preference: 289
end time: 1741014935136
Time: 1 ms
--------------------------------------------------
received prefix: 10.0.0.11
start time: 1741014935159
local preference: 289
end time: 1741014935160
Time: 1 ms
--------------------------------------------------
received prefix: 10.0.0.11
start time: 1741014935163
local preference: 289
end time: 1741014935163
Time: 0 ms
--------------------------------------------------
received prefix: 10.0.0.11
start time: 1741014935166
local preference: 289
end time: 1741014935167
Time: 1 ms
--------------------------------------------------
received prefix: 10.0.0.9
start time: 1741014935210
local preference: 288
end time: 1741014935211
Time: 1 ms
--------------------------------------------------
received prefix: 10.0.0.9
start time: 1741014935213
local preference: 288
end time: 1741014935214
Time: 1 ms
--------------------------------------------------
received prefix: 10.0.0.9
start time: 1741014935216
local preference: 288
end time: 1741014935216
Time: 0 ms
--------------------------------------------------
received prefix: 10.0.0.9
start time: 1741014935228
local preference: 288
end time: 1741014935228
Time: 0 ms
--------------------------------------------------
received prefix: 10.0.0.9
start time: 1741014935231
local preference: 288
end time: 1741014935232
Time: 1 ms
--------------------------------------------------
received prefix: 10.0.0.10
start time: 1741014935238
local preference: 288
end time: 1741014935239
Time: 1 ms
--------------------------------------------------
received prefix: 10.0.0.10
start time: 1741014935245
local preference: 288
end time: 1741014935246
Time: 1 ms
--------------------------------------------------
received prefix: 10.0.0.10
start time: 1741014935249
local preference: 288
end time: 1741014935250
Time: 1 ms
--------------------------------------------------
received prefix: 10.0.0.10
start time: 1741014935272
local preference: 288
end time: 1741014935273
Time: 1 ms
--------------------------------------------------
received prefix: 10.0.0.10
start time: 1741014935275
local preference: 288
end time: 1741014935276
Time: 1 ms
--------------------------------------------------
received prefix: 10.0.0.12
start time: 1741014935292
local preference: 289
end time: 1741014935293
Time: 1 ms
--------------------------------------------------
received prefix: 10.0.0.12
start time: 1741014935324
local preference: 289
end time: 1741014935324
Time: 0 ms
--------------------------------------------------
received prefix: 10.0.0.12
start time: 1741014935327
local preference: 289
end time: 1741014935328
Time: 1 ms
--------------------------------------------------
received prefix: 10.0.0.12
start time: 1741014935331
local preference: 289
end time: 1741014935331
Time: 0 ms
--------------------------------------------------
received prefix: 10.0.0.12
start time: 1741014935334
local preference: 289
end time: 1741014935335
Time: 1 ms
--------------------------------------------------
received prefix: 10.0.0.11
start time: 1741014935412
local preference: 289
end time: 1741014935412
Time: 0 ms
--------------------------------------------------
received prefix: 10.0.0.11
start time: 1741014935415
local preference: 289
end time: 1741014935415
Time: 0 ms
--------------------------------------------------
received prefix: 10.0.0.11
start time: 1741014935418
local preference: 289
end time: 1741014935419
Time: 1 ms
--------------------------------------------------
received prefix: 10.0.0.11
start time: 1741014935432
local preference: 289
end time: 1741014935432
Time: 0 ms
--------------------------------------------------
received prefix: 10.0.0.11
start time: 1741014935435
local preference: 289
end time: 1741014935435
Time: 0 ms
--------------------------------------------------
received prefix: 10.0.0.9
start time: 1741014935449
local preference: 288
end time: 1741014935452
Time: 3 ms
--------------------------------------------------
received prefix: 10.0.0.9
start time: 1741014935470
local preference: 288
end time: 1741014935470
Time: 0 ms
--------------------------------------------------
received prefix: 10.0.0.9
start time: 1741014935473
local preference: 288
end time: 1741014935474
Time: 1 ms
--------------------------------------------------
received prefix: 10.0.0.9
start time: 1741014935476
local preference: 288
end time: 1741014935477
Time: 1 ms
--------------------------------------------------
received prefix: 10.0.0.9
start time: 1741014935478
local preference: 288
end time: 1741014935479
Time: 1 ms
--------------------------------------------------
received prefix: 10.0.0.10
start time: 1741014935498
local preference: 288
end time: 1741014935499
Time: 1 ms
--------------------------------------------------
received prefix: 10.0.0.10
start time: 1741014935506
local preference: 288
end time: 1741014935507
Time: 1 ms
--------------------------------------------------
received prefix: 10.0.0.10
start time: 1741014935509
local preference: 288
end time: 1741014935511
Time: 2 ms
--------------------------------------------------
received prefix: 10.0.0.10
start time: 1741014935533
local preference: 288
end time: 1741014935533
Time: 0 ms
--------------------------------------------------
received prefix: 10.0.0.10
start time: 1741014935536
local preference: 288
end time: 1741014935536
Time: 0 ms
--------------------------------------------------
received prefix: 10.0.0.12
start time: 1741014935596
local preference: 289
end time: 1741014935596
Time: 0 ms
--------------------------------------------------
received prefix: 10.0.0.12
start time: 1741014935599
local preference: 289
end time: 1741014935600
Time: 1 ms
--------------------------------------------------
received prefix: 10.0.0.12
start time: 1741014935602
local preference: 289
end time: 1741014935603
Time: 1 ms
--------------------------------------------------
received prefix: 10.0.0.12
start time: 1741014935605
local preference: 289
end time: 1741014935606
Time: 1 ms
--------------------------------------------------
received prefix: 10.0.0.12
start time: 1741014935615
local preference: 289
end time: 1741014935616
Time: 1 ms
--------------------------------------------------
received prefix: 10.0.0.11
start time: 1741014935687
local preference: 289
end time: 1741014935688
Time: 1 ms
--------------------------------------------------
received prefix: 10.0.0.11
start time: 1741014935691
local preference: 289
end time: 1741014935692
Time: 1 ms
--------------------------------------------------
received prefix: 10.0.0.11
start time: 1741014935695
local preference: 289
end time: 1741014935696
Time: 1 ms
--------------------------------------------------
received prefix: 10.0.0.11
start time: 1741014935719
local preference: 289
end time: 1741014935720
Time: 1 ms
--------------------------------------------------
received prefix: 10.0.0.11
start time: 1741014935722
local preference: 289
end time: 1741014935723
Time: 1 ms
--------------------------------------------------
received prefix: 10.0.0.9
start time: 1741014935856
local preference: 288
end time: 1741014935857
Time: 1 ms
--------------------------------------------------
received prefix: 10.0.0.9
start time: 1741014935881
local preference: 288
end time: 1741014935881
Time: 0 ms
--------------------------------------------------
received prefix: 10.0.0.9
start time: 1741014935884
local preference: 288
end time: 1741014935885
Time: 1 ms
--------------------------------------------------
received prefix: 10.0.0.9
start time: 1741014935889
local preference: 288
end time: 1741014935890
Time: 1 ms
--------------------------------------------------
received prefix: 10.0.0.9
start time: 1741014935893
local preference: 288
end time: 1741014935894
Time: 1 ms
--------------------------------------------------
received prefix: 10.0.0.10
start time: 1741014935976
local preference: 288
end time: 1741014935978
Time: 2 ms
--------------------------------------------------
received prefix: 10.0.0.10
start time: 1741014936003
local preference: 288
end time: 1741014936004
Time: 1 ms
--------------------------------------------------
received prefix: 10.0.0.10
start time: 1741014936009
local preference: 288
end time: 1741014936010
Time: 1 ms
--------------------------------------------------
received prefix: 10.0.0.10
start time: 1741014936013
local preference: 288
end time: 1741014936013
Time: 0 ms
--------------------------------------------------
received prefix: 10.0.0.10
start time: 1741014936015
local preference: 288
end time: 1741014936016
Time: 1 ms
--------------------------------------------------
received prefix: 10.0.0.12
start time: 1741014936125
local preference: 289
end time: 1741014936127
Time: 2 ms
--------------------------------------------------
received prefix: 10.0.0.12
start time: 1741014936164
local preference: 289
end time: 1741014936165
Time: 1 ms
--------------------------------------------------
received prefix: 10.0.0.12
start time: 1741014936168
local preference: 289
end time: 1741014936169
Time: 1 ms
--------------------------------------------------
received prefix: 10.0.0.12
start time: 1741014936171
local preference: 289
end time: 1741014936172
Time: 1 ms
--------------------------------------------------
received prefix: 10.0.0.12
start time: 1741014936175
local preference: 289
end time: 1741014936176
Time: 1 ms
--------------------------------------------------
received prefix: 10.0.0.11
start time: 1741014936302
local preference: 289
end time: 1741014936303
Time: 1 ms
--------------------------------------------------
received prefix: 10.0.0.11
start time: 1741014936324
local preference: 289
end time: 1741014936325
Time: 1 ms
--------------------------------------------------
received prefix: 10.0.0.11
start time: 1741014936330
local preference: 289
end time: 1741014936331
Time: 1 ms
--------------------------------------------------
received prefix: 10.0.0.11
start time: 1741014936336
local preference: 289
end time: 1741014936338
Time: 2 ms
--------------------------------------------------
received prefix: 10.0.0.11
start time: 1741014936362
local preference: 289
end time: 1741014936363
Time: 1 ms
--------------------------------------------------
received prefix: 10.0.0.9
start time: 1741014936374
local preference: 288
end time: 1741014936375
Time: 1 ms
--------------------------------------------------
received prefix: 10.0.0.9
start time: 1741014936378
local preference: 288
end time: 1741014936378
Time: 0 ms
--------------------------------------------------
received prefix: 10.0.0.9
start time: 1741014936381
local preference: 288
end time: 1741014936382
Time: 1 ms
--------------------------------------------------
received prefix: 10.0.0.9
start time: 1741014936384
local preference: 288
end time: 1741014936385
Time: 1 ms
--------------------------------------------------
received prefix: 10.0.0.9
start time: 1741014936425
local preference: 288
end time: 1741014936426
Time: 1 ms
--------------------------------------------------
received prefix: 10.0.0.10
start time: 1741014936433
local preference: 288
end time: 1741014936433
Time: 0 ms
--------------------------------------------------
received prefix: 10.0.0.10
start time: 1741014936436
local preference: 288
end time: 1741014936437
Time: 1 ms
--------------------------------------------------
received prefix: 10.0.0.10
start time: 1741014936439
local preference: 288
end time: 1741014936440
Time: 1 ms
--------------------------------------------------
received prefix: 10.0.0.10
start time: 1741014936442
local preference: 288
end time: 1741014936442
Time: 0 ms
--------------------------------------------------
received prefix: 10.0.0.10
start time: 1741014936444
local preference: 288
end time: 1741014936445
Time: 1 ms
--------------------------------------------------
received prefix: 10.0.0.12
start time: 1741014936484
local preference: 289
end time: 1741014936485
Time: 1 ms
--------------------------------------------------
received prefix: 10.0.0.12
start time: 1741014936487
local preference: 289
end time: 1741014936488
Time: 1 ms
--------------------------------------------------
received prefix: 10.0.0.12
start time: 1741014936491
local preference: 289
end time: 1741014936492
Time: 1 ms
--------------------------------------------------
received prefix: 10.0.0.12
start time: 1741014936526
local preference: 289
end time: 1741014936527
Time: 1 ms
--------------------------------------------------
received prefix: 10.0.0.12
start time: 1741014936534
local preference: 289
end time: 1741014936535
Time: 1 ms
--------------------------------------------------
received prefix: 10.0.0.11
start time: 1741014936568
local preference: 289
end time: 1741014936569
Time: 1 ms
--------------------------------------------------
received prefix: 10.0.0.11
start time: 1741014936572
local preference: 289
end time: 1741014936572
Time: 0 ms
--------------------------------------------------
received prefix: 10.0.0.11
start time: 1741014936574
local preference: 289
end time: 1741014936575
Time: 1 ms
--------------------------------------------------
received prefix: 10.0.0.11
start time: 1741014936578
local preference: 289
end time: 1741014936579
Time: 1 ms
--------------------------------------------------
received prefix: 10.0.0.11
start time: 1741014936589
local preference: 289
end time: 1741014936589
Time: 0 ms
--------------------------------------------------
received prefix: 10.0.0.9
start time: 1741014936652
local preference: 288
end time: 1741014936653
Time: 1 ms
--------------------------------------------------
received prefix: 10.0.0.9
start time: 1741014936656
local preference: 288
end time: 1741014936656
Time: 0 ms
--------------------------------------------------
received prefix: 10.0.0.9
start time: 1741014936659
local preference: 288
end time: 1741014936660
Time: 1 ms
--------------------------------------------------
received prefix: 10.0.0.9
start time: 1741014936663
local preference: 288
end time: 1741014936664
Time: 1 ms
--------------------------------------------------
received prefix: 10.0.0.9
start time: 1741014936667
local preference: 288
end time: 1741014936668
Time: 1 ms
--------------------------------------------------
received prefix: 10.0.0.10
start time: 1741014936705
local preference: 288
end time: 1741014936706
Time: 1 ms
--------------------------------------------------
received prefix: 10.0.0.10
start time: 1741014936708
local preference: 288
end time: 1741014936709
Time: 1 ms
--------------------------------------------------
received prefix: 10.0.0.10
start time: 1741014936711
local preference: 288
end time: 1741014936711
Time: 0 ms
--------------------------------------------------
received prefix: 10.0.0.10
start time: 1741014936714
local preference: 288
end time: 1741014936714
Time: 0 ms
--------------------------------------------------
received prefix: 10.0.0.10
start time: 1741014936716
local preference: 288
end time: 1741014936717
Time: 1 ms
--------------------------------------------------
received prefix: 10.0.0.12
start time: 1741014936816
local preference: 289
end time: 1741014936817
Time: 1 ms
--------------------------------------------------
received prefix: 10.0.0.12
start time: 1741014936824
local preference: 289
end time: 1741014936825
Time: 1 ms
--------------------------------------------------
received prefix: 10.0.0.12
start time: 1741014936827
local preference: 289
end time: 1741014936828
Time: 1 ms
--------------------------------------------------
received prefix: 10.0.0.12
start time: 1741014936832
local preference: 289
end time: 1741014936832
Time: 0 ms
--------------------------------------------------
received prefix: 10.0.0.12
start time: 1741014936835
local preference: 289
end time: 1741014936835
Time: 0 ms
--------------------------------------------------
received prefix: 10.0.0.13
start time: 1741014936888
local preference: 289
end time: 1741014936890
Time: 2 ms
--------------------------------------------------
received prefix: 10.0.0.13
start time: 1741014936909
local preference: 288
end time: 1741014936910
Time: 1 ms
--------------------------------------------------
received prefix: 10.0.0.13
start time: 1741014936917
local preference: 288
end time: 1741014936922
Time: 5 ms
--------------------------------------------------
received prefix: 10.0.0.13
start time: 1741014936934
local preference: 288
end time: 1741014936936
Time: 2 ms
--------------------------------------------------
received prefix: 10.0.0.13
start time: 1741014936940
local preference: 288
end time: 1741014936941
Time: 1 ms
--------------------------------------------------
received prefix: 10.0.0.14
start time: 1741014937232
local preference: 288
end time: 1741014937234
Time: 2 ms
--------------------------------------------------
received prefix: 10.0.0.14
start time: 1741014937238
local preference: 288
end time: 1741014937239
Time: 1 ms
--------------------------------------------------
received prefix: 10.0.0.14
start time: 1741014937247
local preference: 288
end time: 1741014937248
Time: 1 ms
--------------------------------------------------
received prefix: 10.0.0.14
start time: 1741014937253
local preference: 288
end time: 1741014937253
Time: 0 ms
--------------------------------------------------
received prefix: 10.0.0.14
start time: 1741014937257
local preference: 288
end time: 1741014937258
Time: 1 ms
--------------------------------------------------
received prefix: 10.0.0.20
start time: 1741014938948
local preference: 288
end time: 1741014938949
Time: 1 ms
--------------------------------------------------
received prefix: 10.0.0.15
start time: 1741014939147
local preference: 288
end time: 1741014939148
Time: 1 ms
--------------------------------------------------
received prefix: 10.0.0.16
start time: 1741014939365
local preference: 288
end time: 1741014939367
Time: 2 ms
--------------------------------------------------
received prefix: 10.0.0.17
start time: 1741014939609
local preference: 288
end time: 1741014939609
Time: 0 ms
--------------------------------------------------
received prefix: 10.0.0.18
start time: 1741014939817
local preference: 288
end time: 1741014939818
Time: 1 ms
--------------------------------------------------
received prefix: 10.0.0.19
start time: 1741014939978
local preference: 288
end time: 1741014939978
Time: 0 ms
--------------------------------------------------
received prefix: 10.0.0.11
start time: 1741014953706
local preference: 289
end time: 1741014953706
Time: 0 ms
--------------------------------------------------
received prefix: 10.0.0.9
start time: 1741014954009
local preference: 288
end time: 1741014954009
Time: 0 ms
--------------------------------------------------
received prefix: 10.0.0.10
start time: 1741014954282
local preference: 288
end time: 1741014954283
Time: 1 ms
--------------------------------------------------
received prefix: 10.0.0.12
start time: 1741014954512
local preference: 289
end time: 1741014954513
Time: 1 ms
--------------------------------------------------
received prefix: 10.0.0.20
start time: 1741014958056
local preference: 288
end time: 1741014958057
Time: 1 ms
--------------------------------------------------
received prefix: 10.0.0.20
start time: 1741014958060
local preference: 288
end time: 1741014958061
Time: 1 ms
--------------------------------------------------
received prefix: 10.0.0.20
start time: 1741014958066
local preference: 288
end time: 1741014958067
Time: 1 ms
--------------------------------------------------
received prefix: 10.0.0.20
start time: 1741014958087
local preference: 288
end time: 1741014958088
Time: 1 ms
--------------------------------------------------
received prefix: 10.0.0.20
start time: 1741014958092
local preference: 288
end time: 1741014958094
Time: 2 ms
--------------------------------------------------
received prefix: 10.0.0.15
start time: 1741014958271
local preference: 288
end time: 1741014958272
Time: 1 ms
--------------------------------------------------
received prefix: 10.0.0.15
start time: 1741014958275
local preference: 288
end time: 1741014958275
Time: 0 ms
--------------------------------------------------
received prefix: 10.0.0.15
start time: 1741014958278
local preference: 288
end time: 1741014958279
Time: 1 ms
--------------------------------------------------
received prefix: 10.0.0.15
start time: 1741014958282
local preference: 288
end time: 1741014958282
Time: 0 ms
--------------------------------------------------
received prefix: 10.0.0.15
start time: 1741014958293
local preference: 288
end time: 1741014958294
Time: 1 ms
--------------------------------------------------
received prefix: 10.0.0.16
start time: 1741014958390
local preference: 288
end time: 1741014958391
Time: 1 ms
--------------------------------------------------
received prefix: 10.0.0.16
start time: 1741014958397
local preference: 288
end time: 1741014958399
Time: 2 ms
--------------------------------------------------
received prefix: 10.0.0.16
start time: 1741014958407
local preference: 288
end time: 1741014958408
Time: 1 ms
--------------------------------------------------
received prefix: 10.0.0.16
start time: 1741014958424
local preference: 288
end time: 1741014958425
Time: 1 ms
--------------------------------------------------
received prefix: 10.0.0.16
start time: 1741014958428
local preference: 288
end time: 1741014958428
Time: 0 ms
--------------------------------------------------
received prefix: 10.0.0.17
start time: 1741014958572
local preference: 288
end time: 1741014958573
Time: 1 ms
--------------------------------------------------
received prefix: 10.0.0.17
start time: 1741014958579
local preference: 288
end time: 1741014958579
Time: 0 ms
--------------------------------------------------
received prefix: 10.0.0.17
start time: 1741014958585
local preference: 288
end time: 1741014958586
Time: 1 ms
--------------------------------------------------
received prefix: 10.0.0.17
start time: 1741014958589
local preference: 288
end time: 1741014958591
Time: 2 ms
--------------------------------------------------
received prefix: 10.0.0.17
start time: 1741014958594
local preference: 288
end time: 1741014958595
Time: 1 ms
--------------------------------------------------
received prefix: 10.0.0.18
start time: 1741014958713
local preference: 288
end time: 1741014958714
Time: 1 ms
--------------------------------------------------
received prefix: 10.0.0.18
start time: 1741014958717
local preference: 288
end time: 1741014958718
Time: 1 ms
--------------------------------------------------
received prefix: 10.0.0.18
start time: 1741014958727
local preference: 288
end time: 1741014958728
Time: 1 ms
--------------------------------------------------
received prefix: 10.0.0.18
start time: 1741014958731
local preference: 288
end time: 1741014958732
Time: 1 ms
--------------------------------------------------
received prefix: 10.0.0.18
start time: 1741014958735
local preference: 288
end time: 1741014958736
Time: 1 ms
--------------------------------------------------
received prefix: 10.0.0.19
start time: 1741014958862
local preference: 289
end time: 1741014958863
Time: 1 ms
--------------------------------------------------
received prefix: 10.0.0.19
start time: 1741014958882
local preference: 288
end time: 1741014958882
Time: 0 ms
--------------------------------------------------
received prefix: 10.0.0.19
start time: 1741014958885
local preference: 288
end time: 1741014958886
Time: 1 ms
--------------------------------------------------
received prefix: 10.0.0.19
start time: 1741014958905
local preference: 288
end time: 1741014958905
Time: 0 ms
--------------------------------------------------
received prefix: 10.0.0.19
start time: 1741014958907
local preference: 288
end time: 1741014958908
Time: 1 ms
--------------------------------------------------
received prefix: 10.0.0.21
start time: 1741014959254
local preference: 288
end time: 1741014959254
Time: 0 ms
--------------------------------------------------
received prefix: 10.0.0.22
start time: 1741014959291
local preference: 288
end time: 1741014959292
Time: 1 ms
--------------------------------------------------
received prefix: 10.0.0.25
start time: 1741014970083
local preference: 288
end time: 1741014970084
Time: 1 ms
--------------------------------------------------
received prefix: 10.0.0.23
start time: 1741014970151
local preference: 288
end time: 1741014970152
Time: 1 ms
--------------------------------------------------
received prefix: 10.0.0.24
start time: 1741014970230
local preference: 288
end time: 1741014970231
Time: 1 ms
--------------------------------------------------
received prefix: 10.0.0.1
start time: 1741015298971
local preference: 224
end time: 1741015298973
Time: 2 ms
--------------------------------------------------
received prefix: 10.0.0.1
start time: 1741015298978
local preference: 224
end time: 1741015298979
Time: 1 ms
--------------------------------------------------
received prefix: 10.0.0.1
start time: 1741015298981
local preference: 223
end time: 1741015298982
Time: 1 ms
--------------------------------------------------
received prefix: 10.0.0.1
start time: 1741015298989
local preference: 223
end time: 1741015298992
Time: 3 ms
--------------------------------------------------
received prefix: 10.0.0.1
start time: 1741015298994
local preference: 221
end time: 1741015298995
Time: 1 ms
--------------------------------------------------
received prefix: 10.0.0.1
start time: 1741015299001
local preference: 221
end time: 1741015299002
Time: 1 ms
--------------------------------------------------
received prefix: 10.0.0.1
start time: 1741015299005
local preference: 224
end time: 1741015299005
Time: 0 ms
--------------------------------------------------
received prefix: 10.0.0.1
start time: 1741015299009
local preference: 224
end time: 1741015299010
Time: 1 ms
--------------------------------------------------
received prefix: 10.0.0.1
start time: 1741015299013
local preference: 223
end time: 1741015299014
Time: 1 ms
--------------------------------------------------
received prefix: 10.0.0.1
start time: 1741015299016
local preference: 223
end time: 1741015299017
Time: 1 ms
--------------------------------------------------
received prefix: 10.0.0.2
start time: 1741015299024
local preference: 227
end time: 1741015299025
Time: 1 ms
--------------------------------------------------
received prefix: 10.0.0.2
start time: 1741015299031
local preference: 227
end time: 1741015299032
Time: 1 ms
--------------------------------------------------
received prefix: 10.0.0.2
start time: 1741015299035
local preference: 227
end time: 1741015299036
Time: 1 ms
--------------------------------------------------
received prefix: 10.0.0.2
start time: 1741015299038
local preference: 227
end time: 1741015299038
Time: 0 ms
--------------------------------------------------
received prefix: 10.0.0.2
start time: 1741015299042
local preference: 224
end time: 1741015299043
Time: 1 ms
--------------------------------------------------
received prefix: 10.0.0.2
start time: 1741015299045
local preference: 224
end time: 1741015299045
Time: 0 ms
--------------------------------------------------
received prefix: 10.0.0.2
start time: 1741015299061
local preference: 227
end time: 1741015299062
Time: 1 ms
--------------------------------------------------
received prefix: 10.0.0.2
start time: 1741015299068
local preference: 227
end time: 1741015299069
Time: 1 ms
--------------------------------------------------
received prefix: 10.0.0.2
start time: 1741015299073
local preference: 227
end time: 1741015299074
Time: 1 ms
--------------------------------------------------
received prefix: 10.0.0.2
start time: 1741015299076
local preference: 227
end time: 1741015299077
Time: 1 ms
--------------------------------------------------
received prefix: 10.0.0.3
start time: 1741015299101
local preference: 213
end time: 1741015299101
Time: 0 ms
--------------------------------------------------
received prefix: 10.0.0.3
start time: 1741015299104
local preference: 213
end time: 1741015299105
Time: 1 ms
--------------------------------------------------
received prefix: 10.0.0.3
start time: 1741015299109
local preference: 213
end time: 1741015299110
Time: 1 ms
--------------------------------------------------
received prefix: 10.0.0.3
start time: 1741015299136
local preference: 213
end time: 1741015299136
Time: 0 ms
--------------------------------------------------
received prefix: 10.0.0.3
start time: 1741015299139
local preference: 211
end time: 1741015299140
Time: 1 ms
--------------------------------------------------
received prefix: 10.0.0.3
start time: 1741015299142
local preference: 211
end time: 1741015299143
Time: 1 ms
--------------------------------------------------
received prefix: 10.0.0.3
start time: 1741015299146
local preference: 213
end time: 1741015299147
Time: 1 ms
--------------------------------------------------
received prefix: 10.0.0.3
start time: 1741015299148
local preference: 213
end time: 1741015299149
Time: 1 ms
--------------------------------------------------
received prefix: 10.0.0.3
start time: 1741015299152
local preference: 213
end time: 1741015299152
Time: 0 ms
--------------------------------------------------
received prefix: 10.0.0.3
start time: 1741015299155
local preference: 213
end time: 1741015299155
Time: 0 ms
--------------------------------------------------
received prefix: 10.0.0.4
start time: 1741015299376
local preference: 187
end time: 1741015299377
Time: 1 ms
--------------------------------------------------
received prefix: 10.0.0.4
start time: 1741015299387
local preference: 187
end time: 1741015299387
Time: 0 ms
--------------------------------------------------
received prefix: 10.0.0.4
start time: 1741015299392
local preference: 187
end time: 1741015299393
Time: 1 ms
--------------------------------------------------
received prefix: 10.0.0.4
start time: 1741015299402
local preference: 187
end time: 1741015299403
Time: 1 ms
--------------------------------------------------
received prefix: 10.0.0.4
start time: 1741015299408
local preference: 187
end time: 1741015299409
Time: 1 ms
--------------------------------------------------
received prefix: 10.0.0.4
start time: 1741015299411
local preference: 187
end time: 1741015299412
Time: 1 ms
--------------------------------------------------
received prefix: 10.0.0.4
start time: 1741015299415
local preference: 187
end time: 1741015299416
Time: 1 ms
--------------------------------------------------
received prefix: 10.0.0.4
start time: 1741015299418
local preference: 187
end time: 1741015299419
Time: 1 ms
--------------------------------------------------
received prefix: 10.0.0.4
start time: 1741015299423
local preference: 187
end time: 1741015299424
Time: 1 ms
--------------------------------------------------
received prefix: 10.0.0.4
start time: 1741015299444
local preference: 187
end time: 1741015299446
Time: 2 ms
--------------------------------------------------
received prefix: 10.0.0.5
start time: 1741015299475
local preference: 218
end time: 1741015299476
Time: 1 ms
--------------------------------------------------
received prefix: 10.0.0.5
start time: 1741015299478
local preference: 218
end time: 1741015299479
Time: 1 ms
--------------------------------------------------
received prefix: 10.0.0.5
start time: 1741015299482
local preference: 218
end time: 1741015299482
Time: 0 ms
--------------------------------------------------
received prefix: 10.0.0.5
start time: 1741015299501
local preference: 218
end time: 1741015299502
Time: 1 ms
--------------------------------------------------
received prefix: 10.0.0.5
start time: 1741015299505
local preference: 218
end time: 1741015299506
Time: 1 ms
--------------------------------------------------
received prefix: 10.0.0.5
start time: 1741015299512
local preference: 218
end time: 1741015299515
Time: 3 ms
--------------------------------------------------
received prefix: 10.0.0.5
start time: 1741015299537
local preference: 215
end time: 1741015299538
Time: 1 ms
--------------------------------------------------
received prefix: 10.0.0.5
start time: 1741015299541
local preference: 215
end time: 1741015299541
Time: 0 ms
--------------------------------------------------
received prefix: 10.0.0.5
start time: 1741015299544
local preference: 218
end time: 1741015299545
Time: 1 ms
--------------------------------------------------
received prefix: 10.0.0.5
start time: 1741015299557
local preference: 218
end time: 1741015299558
Time: 1 ms
--------------------------------------------------
received prefix: 10.0.0.6
start time: 1741015299639
local preference: 234
end time: 1741015299640
Time: 1 ms
--------------------------------------------------
received prefix: 10.0.0.6
start time: 1741015299645
local preference: 234
end time: 1741015299646
Time: 1 ms
--------------------------------------------------
received prefix: 10.0.0.6
start time: 1741015299649
local preference: 235
end time: 1741015299650
Time: 1 ms
--------------------------------------------------
received prefix: 10.0.0.6
start time: 1741015299653
local preference: 235
end time: 1741015299656
Time: 3 ms
--------------------------------------------------
received prefix: 10.0.0.6
start time: 1741015299679
local preference: 234
end time: 1741015299680
Time: 1 ms
--------------------------------------------------
received prefix: 10.0.0.6
start time: 1741015299683
local preference: 234
end time: 1741015299684
Time: 1 ms
--------------------------------------------------
received prefix: 10.0.0.6
start time: 1741015299687
local preference: 232
end time: 1741015299688
Time: 1 ms
--------------------------------------------------
received prefix: 10.0.0.6
start time: 1741015299690
local preference: 232
end time: 1741015299691
Time: 1 ms
--------------------------------------------------
received prefix: 10.0.0.6
start time: 1741015299694
local preference: 235
end time: 1741015299695
Time: 1 ms
--------------------------------------------------
received prefix: 10.0.0.6
start time: 1741015299697
local preference: 235
end time: 1741015299698
Time: 1 ms
--------------------------------------------------
received prefix: 10.0.0.8
start time: 1741015301114
local preference: 219
end time: 1741015301116
Time: 2 ms
--------------------------------------------------
received prefix: 10.0.0.6
start time: 1741015301674
local preference: 234
end time: 1741015301675
Time: 1 ms
--------------------------------------------------
received prefix: 10.0.0.1
start time: 1741015302179
local preference: 223
end time: 1741015302180
Time: 1 ms
--------------------------------------------------
received prefix: 10.0.0.2
start time: 1741015302696
local preference: 227
end time: 1741015302697
Time: 1 ms
--------------------------------------------------
received prefix: 10.0.0.3
start time: 1741015303283
local preference: 209
end time: 1741015303283
Time: 0 ms
--------------------------------------------------
received prefix: 10.0.0.4
start time: 1741015303878
local preference: 183
end time: 1741015303879
Time: 1 ms
--------------------------------------------------
received prefix: 10.0.0.5
start time: 1741015304345
local preference: 218
end time: 1741015304346
Time: 1 ms
--------------------------------------------------
received prefix: 10.0.0.7
start time: 1741015304412
local preference: 235
end time: 1741015304413
Time: 1 ms
--------------------------------------------------
received prefix: 10.0.0.32
start time: 1741015347934
local preference: 219
end time: 1741015347935
Time: 1 ms
--------------------------------------------------
received prefix: 10.0.0.3
start time: 1741015348265
local preference: 213
end time: 1741015348266
Time: 1 ms
--------------------------------------------------
received prefix: 10.0.0.1
start time: 1741015348634
local preference: 227
end time: 1741015348635
Time: 1 ms
--------------------------------------------------
received prefix: 10.0.0.2
start time: 1741015348986
local preference: 231
end time: 1741015348987
Time: 1 ms
--------------------------------------------------
received prefix: 10.0.0.26
start time: 1741015349063
local preference: 201
end time: 1741015349064
Time: 1 ms
--------------------------------------------------
received prefix: 10.0.0.25
start time: 1741015349149
local preference: 200
end time: 1741015349150
Time: 1 ms
--------------------------------------------------
received prefix: 10.0.0.21
start time: 1741015349405
local preference: 235
end time: 1741015349407
Time: 2 ms
--------------------------------------------------
received prefix: 10.0.0.22
start time: 1741015349557
local preference: 227
end time: 1741015349559
Time: 2 ms
--------------------------------------------------
received prefix: 10.0.0.20
start time: 1741015349698
local preference: 223
end time: 1741015349698
Time: 0 ms
--------------------------------------------------
received prefix: 10.0.0.13
start time: 1741015349809
local preference: 236
end time: 1741015349810
Time: 1 ms
--------------------------------------------------
received prefix: 10.0.0.14
start time: 1741015350069
local preference: 228
end time: 1741015350070
Time: 1 ms
--------------------------------------------------
received prefix: 10.0.0.11
start time: 1741015350377
local preference: 226
end time: 1741015350378
Time: 1 ms
--------------------------------------------------
received prefix: 10.0.0.7
start time: 1741015350845
local preference: 152
end time: 1741015350845
Time: 0 ms
--------------------------------------------------
received prefix: 10.0.0.8
start time: 1741015351214
local preference: 227
end time: 1741015351214
Time: 0 ms
--------------------------------------------------
received prefix: 10.0.0.6
start time: 1741015351637
local preference: 162
end time: 1741015351638
Time: 1 ms
--------------------------------------------------
received prefix: 10.0.0.4
start time: 1741015351749
local preference: 191
end time: 1741015351750
Time: 1 ms
--------------------------------------------------
received prefix: 10.0.0.5
start time: 1741015351914
local preference: 226
end time: 1741015351915
Time: 1 ms
--------------------------------------------------
received prefix: 10.0.0.9
start time: 1741015352037
local preference: 152
end time: 1741015352038
Time: 1 ms
--------------------------------------------------
received prefix: 10.0.0.10
start time: 1741015352209
local preference: 175
end time: 1741015352210
Time: 1 ms
--------------------------------------------------
received prefix: 10.0.0.15
start time: 1741015352639
local preference: 227
end time: 1741015352640
Time: 1 ms
--------------------------------------------------
received prefix: 10.0.0.16
start time: 1741015352758
local preference: 29
end time: 1741015352759
Time: 1 ms
--------------------------------------------------
received prefix: 10.0.0.17
start time: 1741015352974
local preference: 232
end time: 1741015352975
Time: 1 ms
--------------------------------------------------
received prefix: 10.0.0.18
start time: 1741015353051
local preference: 117
end time: 1741015353052
Time: 1 ms
--------------------------------------------------
received prefix: 10.0.0.19
start time: 1741015353183
local preference: 182
end time: 1741015353184
Time: 1 ms
--------------------------------------------------
received prefix: 10.0.0.23
start time: 1741015353263
local preference: 64
end time: 1741015353264
Time: 1 ms
--------------------------------------------------
received prefix: 10.0.0.24
start time: 1741015353369
local preference: 43
end time: 1741015353370
Time: 1 ms
--------------------------------------------------
received prefix: 10.0.0.27
start time: 1741015353713
local preference: 194
end time: 1741015353714
Time: 1 ms
--------------------------------------------------
received prefix: 10.0.0.28
start time: 1741015353797
local preference: 170
end time: 1741015353798
Time: 1 ms
--------------------------------------------------
received prefix: 10.0.0.29
start time: 1741015354015
local preference: 202
end time: 1741015354015
Time: 0 ms
--------------------------------------------------
received prefix: 10.0.0.30
start time: 1741015354518
local preference: 228
end time: 1741015354519
Time: 1 ms
--------------------------------------------------
received prefix: 10.0.0.31
start time: 1741015354638
local preference: 219
end time: 1741015354639
Time: 1 ms
--------------------------------------------------
received prefix: 10.0.0.32
start time: 1741015358126
local preference: 219
end time: 1741015358127
Time: 1 ms
--------------------------------------------------
received prefix: 10.0.0.32
start time: 1741015358137
local preference: 223
end time: 1741015358138
Time: 1 ms
--------------------------------------------------
received prefix: 10.0.0.32
start time: 1741015358158
local preference: 219
end time: 1741015358159
Time: 1 ms
--------------------------------------------------
received prefix: 10.0.0.32
start time: 1741015358163
local preference: 223
end time: 1741015358164
Time: 1 ms
--------------------------------------------------
received prefix: 10.0.0.32
start time: 1741015358167
local preference: 217
end time: 1741015358168
Time: 1 ms
--------------------------------------------------
received prefix: 10.0.0.32
start time: 1741015358172
local preference: 221
end time: 1741015358173
Time: 1 ms
--------------------------------------------------
received prefix: 10.0.0.32
start time: 1741015358185
local preference: 219
end time: 1741015358186
Time: 1 ms
--------------------------------------------------
received prefix: 10.0.0.32
start time: 1741015358187
local preference: 223
end time: 1741015358188
Time: 1 ms
--------------------------------------------------
received prefix: 10.0.0.32
start time: 1741015358191
local preference: 219
end time: 1741015358192
Time: 1 ms
--------------------------------------------------
received prefix: 10.0.0.32
start time: 1741015358195
local preference: 223
end time: 1741015358195
Time: 0 ms
--------------------------------------------------
received prefix: 10.0.0.26
start time: 1741015358284
local preference: 193
end time: 1741015358284
Time: 0 ms
--------------------------------------------------
received prefix: 10.0.0.26
start time: 1741015358287
local preference: 197
end time: 1741015358288
Time: 1 ms
--------------------------------------------------
received prefix: 10.0.0.26
start time: 1741015358290
local preference: 193
end time: 1741015358291
Time: 1 ms
--------------------------------------------------
received prefix: 10.0.0.26
start time: 1741015358293
local preference: 197
end time: 1741015358295
Time: 2 ms
--------------------------------------------------
received prefix: 10.0.0.26
start time: 1741015358323
local preference: 191
end time: 1741015358324
Time: 1 ms
--------------------------------------------------
received prefix: 10.0.0.26
start time: 1741015358325
local preference: 194
end time: 1741015358326
Time: 1 ms
--------------------------------------------------
received prefix: 10.0.0.26
start time: 1741015358329
local preference: 193
end time: 1741015358330
Time: 1 ms
--------------------------------------------------
received prefix: 10.0.0.26
start time: 1741015358338
local preference: 197
end time: 1741015358339
Time: 1 ms
--------------------------------------------------
received prefix: 10.0.0.26
start time: 1741015358346
local preference: 193
end time: 1741015358346
Time: 0 ms
--------------------------------------------------
received prefix: 10.0.0.26
start time: 1741015358349
local preference: 197
end time: 1741015358349
Time: 0 ms
--------------------------------------------------
received prefix: 10.0.0.25
start time: 1741015358469
local preference: 192
end time: 1741015358470
Time: 1 ms
--------------------------------------------------
received prefix: 10.0.0.25
start time: 1741015358478
local preference: 196
end time: 1741015358479
Time: 1 ms
--------------------------------------------------
received prefix: 10.0.0.25
start time: 1741015358484
local preference: 192
end time: 1741015358484
Time: 0 ms
--------------------------------------------------
received prefix: 10.0.0.25
start time: 1741015358487
local preference: 196
end time: 1741015358488
Time: 1 ms
--------------------------------------------------
received prefix: 10.0.0.25
start time: 1741015358495
local preference: 190
end time: 1741015358498
Time: 3 ms
--------------------------------------------------
received prefix: 10.0.0.25
start time: 1741015358512
local preference: 194
end time: 1741015358513
Time: 1 ms
--------------------------------------------------
received prefix: 10.0.0.25
start time: 1741015358516
local preference: 192
end time: 1741015358517
Time: 1 ms
--------------------------------------------------
received prefix: 10.0.0.25
start time: 1741015358522
local preference: 196
end time: 1741015358523
Time: 1 ms
--------------------------------------------------
received prefix: 10.0.0.25
start time: 1741015358526
local preference: 192
end time: 1741015358527
Time: 1 ms
--------------------------------------------------
received prefix: 10.0.0.25
start time: 1741015358530
local preference: 196
end time: 1741015358531
Time: 1 ms
--------------------------------------------------
received prefix: 10.0.0.21
start time: 1741015358641
local preference: 227
end time: 1741015358642
Time: 1 ms
--------------------------------------------------
received prefix: 10.0.0.21
start time: 1741015358649
local preference: 230
end time: 1741015358650
Time: 1 ms
--------------------------------------------------
received prefix: 10.0.0.21
start time: 1741015358654
local preference: 227
end time: 1741015358655
Time: 1 ms
--------------------------------------------------
received prefix: 10.0.0.21
start time: 1741015358659
local preference: 231
end time: 1741015358660
Time: 1 ms
--------------------------------------------------
received prefix: 10.0.0.21
start time: 1741015358667
local preference: 224
end time: 1741015358668
Time: 1 ms
--------------------------------------------------
received prefix: 10.0.0.21
start time: 1741015358681
local preference: 228
end time: 1741015358682
Time: 1 ms
--------------------------------------------------
received prefix: 10.0.0.21
start time: 1741015358689
local preference: 227
end time: 1741015358690
Time: 1 ms
--------------------------------------------------
received prefix: 10.0.0.21
start time: 1741015358692
local preference: 231
end time: 1741015358693
Time: 1 ms
--------------------------------------------------
received prefix: 10.0.0.21
start time: 1741015358698
local preference: 227
end time: 1741015358699
Time: 1 ms
--------------------------------------------------
received prefix: 10.0.0.21
start time: 1741015358713
local preference: 230
end time: 1741015358714
Time: 1 ms
--------------------------------------------------
received prefix: 10.0.0.22
start time: 1741015358831
local preference: 219
end time: 1741015358832
Time: 1 ms
--------------------------------------------------
received prefix: 10.0.0.22
start time: 1741015358837
local preference: 223
end time: 1741015358838
Time: 1 ms
--------------------------------------------------
received prefix: 10.0.0.22
start time: 1741015358842
local preference: 219
end time: 1741015358843
Time: 1 ms
--------------------------------------------------
received prefix: 10.0.0.22
start time: 1741015358850
local preference: 223
end time: 1741015358851
Time: 1 ms
--------------------------------------------------
received prefix: 10.0.0.22
start time: 1741015358865
local preference: 217
end time: 1741015358866
Time: 1 ms
--------------------------------------------------
received prefix: 10.0.0.22
start time: 1741015358871
local preference: 221
end time: 1741015358874
Time: 3 ms
--------------------------------------------------
received prefix: 10.0.0.22
start time: 1741015358891
local preference: 219
end time: 1741015358892
Time: 1 ms
--------------------------------------------------
received prefix: 10.0.0.22
start time: 1741015358899
local preference: 223
end time: 1741015358900
Time: 1 ms
--------------------------------------------------
received prefix: 10.0.0.22
start time: 1741015358905
local preference: 219
end time: 1741015358905
Time: 0 ms
--------------------------------------------------
received prefix: 10.0.0.22
start time: 1741015358920
local preference: 223
end time: 1741015358921
Time: 1 ms
--------------------------------------------------
received prefix: 10.0.0.20
start time: 1741015359073
local preference: 215
end time: 1741015359074
Time: 1 ms
--------------------------------------------------
received prefix: 10.0.0.20
start time: 1741015359079
local preference: 219
end time: 1741015359080
Time: 1 ms
--------------------------------------------------
received prefix: 10.0.0.20
start time: 1741015359085
local preference: 215
end time: 1741015359086
Time: 1 ms
--------------------------------------------------
received prefix: 10.0.0.20
start time: 1741015359093
local preference: 219
end time: 1741015359096
Time: 3 ms
--------------------------------------------------
received prefix: 10.0.0.20
start time: 1741015359117
local preference: 213
end time: 1741015359118
Time: 1 ms
--------------------------------------------------
received prefix: 10.0.0.20
start time: 1741015359120
local preference: 217
end time: 1741015359120
Time: 0 ms
--------------------------------------------------
received prefix: 10.0.0.20
start time: 1741015359124
local preference: 215
end time: 1741015359125
Time: 1 ms
--------------------------------------------------
received prefix: 10.0.0.20
start time: 1741015359127
local preference: 219
end time: 1741015359128
Time: 1 ms
--------------------------------------------------
received prefix: 10.0.0.20
start time: 1741015359132
local preference: 215
end time: 1741015359133
Time: 1 ms
--------------------------------------------------
received prefix: 10.0.0.20
start time: 1741015359136
local preference: 219
end time: 1741015359137
Time: 1 ms
--------------------------------------------------
received prefix: 10.0.0.13
start time: 1741015359299
local preference: 229
end time: 1741015359301
Time: 2 ms
--------------------------------------------------
received prefix: 10.0.0.13
start time: 1741015359312
local preference: 233
end time: 1741015359313
Time: 1 ms
--------------------------------------------------
received prefix: 10.0.0.13
start time: 1741015359330
local preference: 229
end time: 1741015359330
Time: 0 ms
--------------------------------------------------
received prefix: 10.0.0.13
start time: 1741015359337
local preference: 233
end time: 1741015359339
Time: 2 ms
--------------------------------------------------
received prefix: 10.0.0.13
start time: 1741015359345
local preference: 226
end time: 1741015359347
Time: 2 ms
--------------------------------------------------
received prefix: 10.0.0.13
start time: 1741015359355
local preference: 230
end time: 1741015359355
Time: 0 ms
--------------------------------------------------
received prefix: 10.0.0.13
start time: 1741015359366
local preference: 229
end time: 1741015359367
Time: 1 ms
--------------------------------------------------
received prefix: 10.0.0.13
start time: 1741015359381
local preference: 233
end time: 1741015359381
Time: 0 ms
--------------------------------------------------
received prefix: 10.0.0.13
start time: 1741015359387
local preference: 229
end time: 1741015359388
Time: 1 ms
--------------------------------------------------
received prefix: 10.0.0.13
start time: 1741015359401
local preference: 233
end time: 1741015359402
Time: 1 ms
--------------------------------------------------
received prefix: 10.0.0.14
start time: 1741015359514
local preference: 220
end time: 1741015359515
Time: 1 ms
--------------------------------------------------
received prefix: 10.0.0.14
start time: 1741015359525
local preference: 224
end time: 1741015359527
Time: 2 ms
--------------------------------------------------
received prefix: 10.0.0.14
start time: 1741015359535
local preference: 220
end time: 1741015359536
Time: 1 ms
--------------------------------------------------
received prefix: 10.0.0.14
start time: 1741015359541
local preference: 224
end time: 1741015359541
Time: 0 ms
--------------------------------------------------
received prefix: 10.0.0.14
start time: 1741015359545
local preference: 218
end time: 1741015359547
Time: 2 ms
--------------------------------------------------
received prefix: 10.0.0.14
start time: 1741015359558
local preference: 222
end time: 1741015359559
Time: 1 ms
--------------------------------------------------
received prefix: 10.0.0.14
start time: 1741015359582
local preference: 220
end time: 1741015359583
Time: 1 ms
--------------------------------------------------
received prefix: 10.0.0.14
start time: 1741015359601
local preference: 224
end time: 1741015359602
Time: 1 ms
--------------------------------------------------
received prefix: 10.0.0.14
start time: 1741015359609
local preference: 220
end time: 1741015359613
Time: 4 ms
--------------------------------------------------
received prefix: 10.0.0.14
start time: 1741015359620
local preference: 224
end time: 1741015359621
Time: 1 ms
--------------------------------------------------
received prefix: 10.0.0.11
start time: 1741015359834
local preference: 218
end time: 1741015359835
Time: 1 ms
--------------------------------------------------
received prefix: 10.0.0.11
start time: 1741015359856
local preference: 222
end time: 1741015359856
Time: 0 ms
--------------------------------------------------
received prefix: 10.0.0.11
start time: 1741015359880
local preference: 218
end time: 1741015359882
Time: 2 ms
--------------------------------------------------
received prefix: 10.0.0.11
start time: 1741015359891
local preference: 222
end time: 1741015359892
Time: 1 ms
--------------------------------------------------
received prefix: 10.0.0.11
start time: 1741015359902
local preference: 216
end time: 1741015359903
Time: 1 ms
--------------------------------------------------
received prefix: 10.0.0.11
start time: 1741015359922
local preference: 220
end time: 1741015359924
Time: 2 ms
--------------------------------------------------
received prefix: 10.0.0.11
start time: 1741015359940
local preference: 218
end time: 1741015359941
Time: 1 ms
--------------------------------------------------
received prefix: 10.0.0.11
start time: 1741015359945
local preference: 222
end time: 1741015359946
Time: 1 ms
--------------------------------------------------
received prefix: 10.0.0.11
start time: 1741015359952
local preference: 218
end time: 1741015359952
Time: 0 ms
--------------------------------------------------
received prefix: 10.0.0.11
start time: 1741015360021
local preference: 222
end time: 1741015360023
Time: 2 ms
--------------------------------------------------
received prefix: 10.0.0.7
start time: 1741015360265
local preference: 234
end time: 1741015360267
Time: 2 ms
--------------------------------------------------
received prefix: 10.0.0.7
start time: 1741015360294
local preference: 222
end time: 1741015360299
Time: 5 ms
--------------------------------------------------
received prefix: 10.0.0.7
start time: 1741015360314
local preference: 234
end time: 1741015360315
Time: 1 ms
--------------------------------------------------
received prefix: 10.0.0.7
start time: 1741015360324
local preference: 222
end time: 1741015360326
Time: 2 ms
--------------------------------------------------
received prefix: 10.0.0.7
start time: 1741015360331
local preference: 232
end time: 1741015360332
Time: 1 ms
--------------------------------------------------
received prefix: 10.0.0.7
start time: 1741015360348
local preference: 236
end time: 1741015360349
Time: 1 ms
--------------------------------------------------
received prefix: 10.0.0.7
start time: 1741015360359
local preference: 235
end time: 1741015360360
Time: 1 ms
--------------------------------------------------
received prefix: 10.0.0.7
start time: 1741015360363
local preference: 221
end time: 1741015360364
Time: 1 ms
--------------------------------------------------
received prefix: 10.0.0.7
start time: 1741015360381
local preference: 234
end time: 1741015360381
Time: 0 ms
--------------------------------------------------
received prefix: 10.0.0.8
start time: 1741015360512
local preference: 219
end time: 1741015360512
Time: 0 ms
--------------------------------------------------
received prefix: 10.0.0.8
start time: 1741015360518
local preference: 223
end time: 1741015360521
Time: 3 ms
--------------------------------------------------
received prefix: 10.0.0.8
start time: 1741015360547
local preference: 219
end time: 1741015360548
Time: 1 ms
--------------------------------------------------
received prefix: 10.0.0.8
start time: 1741015360550
local preference: 223
end time: 1741015360551
Time: 1 ms
--------------------------------------------------
received prefix: 10.0.0.8
start time: 1741015360554
local preference: 217
end time: 1741015360556
Time: 2 ms
--------------------------------------------------
received prefix: 10.0.0.8
start time: 1741015360559
local preference: 221
end time: 1741015360560
Time: 1 ms
--------------------------------------------------
received prefix: 10.0.0.8
start time: 1741015360565
local preference: 219
end time: 1741015360565
Time: 0 ms
--------------------------------------------------
received prefix: 10.0.0.8
start time: 1741015360569
local preference: 223
end time: 1741015360570
Time: 1 ms
--------------------------------------------------
received prefix: 10.0.0.8
start time: 1741015360573
local preference: 219
end time: 1741015360574
Time: 1 ms
--------------------------------------------------
received prefix: 10.0.0.9
start time: 1741015360689
local preference: 235
end time: 1741015360689
Time: 0 ms
--------------------------------------------------
received prefix: 10.0.0.9
start time: 1741015360699
local preference: 222
end time: 1741015360700
Time: 1 ms
--------------------------------------------------
received prefix: 10.0.0.9
start time: 1741015360711
local preference: 235
end time: 1741015360712
Time: 1 ms
--------------------------------------------------
received prefix: 10.0.0.9
start time: 1741015360715
local preference: 222
end time: 1741015360716
Time: 1 ms
--------------------------------------------------
received prefix: 10.0.0.9
start time: 1741015360727
local preference: 232
end time: 1741015360728
Time: 1 ms
--------------------------------------------------
received prefix: 10.0.0.9
start time: 1741015360731
local preference: 236
end time: 1741015360732
Time: 1 ms
--------------------------------------------------
received prefix: 10.0.0.9
start time: 1741015360735
local preference: 235
end time: 1741015360736
Time: 1 ms
--------------------------------------------------
received prefix: 10.0.0.9
start time: 1741015360740
local preference: 220
end time: 1741015360740
Time: 0 ms
--------------------------------------------------
received prefix: 10.0.0.9
start time: 1741015360743
local preference: 235
end time: 1741015360744
Time: 1 ms
--------------------------------------------------
received prefix: 10.0.0.9
start time: 1741015360746
local preference: 222
end time: 1741015360747
Time: 1 ms
--------------------------------------------------
received prefix: 10.0.0.10
start time: 1741015361127
local preference: 232
end time: 1741015361128
Time: 1 ms
--------------------------------------------------
received prefix: 10.0.0.10
start time: 1741015361130
local preference: 236
end time: 1741015361131
Time: 1 ms
--------------------------------------------------
received prefix: 10.0.0.10
start time: 1741015361135
local preference: 232
end time: 1741015361136
Time: 1 ms
--------------------------------------------------
received prefix: 10.0.0.10
start time: 1741015361140
local preference: 236
end time: 1741015361142
Time: 2 ms
--------------------------------------------------
received prefix: 10.0.0.10
start time: 1741015361146
local preference: 230
end time: 1741015361147
Time: 1 ms
--------------------------------------------------
received prefix: 10.0.0.10
start time: 1741015361150
local preference: 234
end time: 1741015361151
Time: 1 ms
--------------------------------------------------
received prefix: 10.0.0.10
start time: 1741015361195
local preference: 233
end time: 1741015361196
Time: 1 ms
--------------------------------------------------
received prefix: 10.0.0.10
start time: 1741015361198
local preference: 236
end time: 1741015361199
Time: 1 ms
--------------------------------------------------
received prefix: 10.0.0.10
start time: 1741015361203
local preference: 232
end time: 1741015361204
Time: 1 ms
--------------------------------------------------
received prefix: 10.0.0.10
start time: 1741015361207
local preference: 236
end time: 1741015361207
Time: 0 ms
--------------------------------------------------
received prefix: 10.0.0.15
start time: 1741015361347
local preference: 219
end time: 1741015361348
Time: 1 ms
--------------------------------------------------
received prefix: 10.0.0.15
start time: 1741015361355
local preference: 222
end time: 1741015361356
Time: 1 ms
--------------------------------------------------
received prefix: 10.0.0.15
start time: 1741015361368
local preference: 219
end time: 1741015361369
Time: 1 ms
--------------------------------------------------
received prefix: 10.0.0.15
start time: 1741015361381
local preference: 222
end time: 1741015361382
Time: 1 ms
--------------------------------------------------
received prefix: 10.0.0.15
start time: 1741015361385
local preference: 216
end time: 1741015361386
Time: 1 ms
--------------------------------------------------
received prefix: 10.0.0.15
start time: 1741015361389
local preference: 220
end time: 1741015361390
Time: 1 ms
--------------------------------------------------
received prefix: 10.0.0.15
start time: 1741015361397
local preference: 219
end time: 1741015361398
Time: 1 ms
--------------------------------------------------
received prefix: 10.0.0.15
start time: 1741015361420
local preference: 223
end time: 1741015361422
Time: 2 ms
--------------------------------------------------
received prefix: 10.0.0.15
start time: 1741015361446
local preference: 219
end time: 1741015361447
Time: 1 ms
--------------------------------------------------
received prefix: 10.0.0.15
start time: 1741015361450
local preference: 222
end time: 1741015361451
Time: 1 ms
--------------------------------------------------
received prefix: 10.0.0.16
start time: 1741015361647
local preference: 34
end time: 1741015361648
Time: 1 ms
--------------------------------------------------
received prefix: 10.0.0.16
start time: 1741015361650
local preference: 36
end time: 1741015361654
Time: 4 ms
--------------------------------------------------
received prefix: 10.0.0.16
start time: 1741015361662
local preference: 34
end time: 1741015361663
Time: 1 ms
--------------------------------------------------
received prefix: 10.0.0.16
start time: 1741015361679
local preference: 36
end time: 1741015361680
Time: 1 ms
--------------------------------------------------
received prefix: 10.0.0.16
start time: 1741015361684
local preference: 66
end time: 1741015361685
Time: 1 ms
--------------------------------------------------
received prefix: 10.0.0.16
start time: 1741015361702
local preference: 38
end time: 1741015361703
Time: 1 ms
--------------------------------------------------
received prefix: 10.0.0.16
start time: 1741015361708
local preference: 35
end time: 1741015361709
Time: 1 ms
--------------------------------------------------
received prefix: 10.0.0.16
start time: 1741015361711
local preference: 37
end time: 1741015361712
Time: 1 ms
--------------------------------------------------
received prefix: 10.0.0.16
start time: 1741015361748
local preference: 34
end time: 1741015361749
Time: 1 ms
--------------------------------------------------
received prefix: 10.0.0.16
start time: 1741015361751
local preference: 36
end time: 1741015361752
Time: 1 ms
--------------------------------------------------
received prefix: 10.0.0.17
start time: 1741015361895
local preference: 223
end time: 1741015361898
Time: 3 ms
--------------------------------------------------
received prefix: 10.0.0.17
start time: 1741015361908
local preference: 227
end time: 1741015361909
Time: 1 ms
--------------------------------------------------
received prefix: 10.0.0.17
start time: 1741015361915
local preference: 224
end time: 1741015361916
Time: 1 ms
--------------------------------------------------
received prefix: 10.0.0.17
start time: 1741015361918
local preference: 227
end time: 1741015361919
Time: 1 ms
--------------------------------------------------
received prefix: 10.0.0.17
start time: 1741015361924
local preference: 221
end time: 1741015361925
Time: 1 ms
--------------------------------------------------
received prefix: 10.0.0.17
start time: 1741015361928
local preference: 225
end time: 1741015361929
Time: 1 ms
--------------------------------------------------
received prefix: 10.0.0.17
start time: 1741015361947
local preference: 224
end time: 1741015361949
Time: 2 ms
--------------------------------------------------
received prefix: 10.0.0.17
start time: 1741015361959
local preference: 228
end time: 1741015361960
Time: 1 ms
--------------------------------------------------
received prefix: 10.0.0.17
start time: 1741015361979
local preference: 223
end time: 1741015361980
Time: 1 ms
--------------------------------------------------
received prefix: 10.0.0.17
start time: 1741015361982
local preference: 227
end time: 1741015361983
Time: 1 ms
--------------------------------------------------
received prefix: 10.0.0.18
start time: 1741015362312
local preference: 234
end time: 1741015362313
Time: 1 ms
--------------------------------------------------
received prefix: 10.0.0.18
start time: 1741015362317
local preference: 187
end time: 1741015362318
Time: 1 ms
--------------------------------------------------
received prefix: 10.0.0.18
start time: 1741015362328
local preference: 234
end time: 1741015362330
Time: 2 ms
--------------------------------------------------
received prefix: 10.0.0.18
start time: 1741015362335
local preference: 187
end time: 1741015362336
Time: 1 ms
--------------------------------------------------
received prefix: 10.0.0.18
start time: 1741015362339
local preference: 236
end time: 1741015362340
Time: 1 ms
--------------------------------------------------
received prefix: 10.0.0.18
start time: 1741015362343
local preference: 220
end time: 1741015362344
Time: 1 ms
--------------------------------------------------
received prefix: 10.0.0.18
start time: 1741015362375
local preference: 233
end time: 1741015362376
Time: 1 ms
--------------------------------------------------
received prefix: 10.0.0.18
start time: 1741015362379
local preference: 185
end time: 1741015362382
Time: 3 ms
--------------------------------------------------
received prefix: 10.0.0.18
start time: 1741015362393
local preference: 234
end time: 1741015362394
Time: 1 ms
--------------------------------------------------
received prefix: 10.0.0.18
start time: 1741015362401
local preference: 187
end time: 1741015362402
Time: 1 ms
--------------------------------------------------
received prefix: 10.0.0.19
start time: 1741015362601
local preference: 234
end time: 1741015362602
Time: 1 ms
--------------------------------------------------
received prefix: 10.0.0.19
start time: 1741015362605
local preference: 237
end time: 1741015362606
Time: 1 ms
--------------------------------------------------
received prefix: 10.0.0.19
start time: 1741015362610
local preference: 234
end time: 1741015362611
Time: 1 ms
--------------------------------------------------
received prefix: 10.0.0.19
start time: 1741015362619
local preference: 237
end time: 1741015362620
Time: 1 ms
--------------------------------------------------
received prefix: 10.0.0.19
start time: 1741015362626
local preference: 231
end time: 1741015362627
Time: 1 ms
--------------------------------------------------
received prefix: 10.0.0.19
start time: 1741015362640
local preference: 235
end time: 1741015362642
Time: 2 ms
--------------------------------------------------
received prefix: 10.0.0.19
start time: 1741015362648
local preference: 234
end time: 1741015362649
Time: 1 ms
--------------------------------------------------
received prefix: 10.0.0.19
start time: 1741015362657
local preference: 238
end time: 1741015362658
Time: 1 ms
--------------------------------------------------
received prefix: 10.0.0.19
start time: 1741015362682
local preference: 234
end time: 1741015362683
Time: 1 ms
--------------------------------------------------
received prefix: 10.0.0.19
start time: 1741015362687
local preference: 237
end time: 1741015362687
Time: 0 ms
--------------------------------------------------
received prefix: 10.0.0.23
start time: 1741015362883
local preference: 182
end time: 1741015362884
Time: 1 ms
--------------------------------------------------
received prefix: 10.0.0.23
start time: 1741015362886
local preference: 134
end time: 1741015362887
Time: 1 ms
--------------------------------------------------
received prefix: 10.0.0.23
start time: 1741015362890
local preference: 182
end time: 1741015362891
Time: 1 ms
--------------------------------------------------
received prefix: 10.0.0.23
start time: 1741015362893
local preference: 134
end time: 1741015362894
Time: 1 ms
--------------------------------------------------
received prefix: 10.0.0.23
start time: 1741015362913
local preference: 216
end time: 1741015362914
Time: 1 ms
--------------------------------------------------
received prefix: 10.0.0.23
start time: 1741015362916
local preference: 168
end time: 1741015362917
Time: 1 ms
--------------------------------------------------
received prefix: 10.0.0.23
start time: 1741015362924
local preference: 180
end time: 1741015362925
Time: 1 ms
--------------------------------------------------
received prefix: 10.0.0.23
start time: 1741015362938
local preference: 133
end time: 1741015362940
Time: 2 ms
--------------------------------------------------
received prefix: 10.0.0.23
start time: 1741015362944
local preference: 182
end time: 1741015362944
Time: 0 ms
--------------------------------------------------
received prefix: 10.0.0.23
start time: 1741015362947
local preference: 134
end time: 1741015362948
Time: 1 ms
--------------------------------------------------
received prefix: 10.0.0.24
start time: 1741015363312
local preference: 161
end time: 1741015363313
Time: 1 ms
--------------------------------------------------
received prefix: 10.0.0.24
start time: 1741015363357
local preference: 113
end time: 1741015363358
Time: 1 ms
--------------------------------------------------
received prefix: 10.0.0.24
start time: 1741015363433
local preference: 161
end time: 1741015363434
Time: 1 ms
--------------------------------------------------
received prefix: 10.0.0.24
start time: 1741015363439
local preference: 113
end time: 1741015363440
Time: 1 ms
--------------------------------------------------
received prefix: 10.0.0.24
start time: 1741015363448
local preference: 195
end time: 1741015363450
Time: 2 ms
--------------------------------------------------
received prefix: 10.0.0.24
start time: 1741015363453
local preference: 147
end time: 1741015363454
Time: 1 ms
--------------------------------------------------
received prefix: 10.0.0.24
start time: 1741015363488
local preference: 159
end time: 1741015363490
Time: 2 ms
--------------------------------------------------
received prefix: 10.0.0.24
start time: 1741015363507
local preference: 112
end time: 1741015363507
Time: 0 ms
--------------------------------------------------
received prefix: 10.0.0.24
start time: 1741015363510
local preference: 161
end time: 1741015363511
Time: 1 ms
--------------------------------------------------
received prefix: 10.0.0.24
start time: 1741015363514
local preference: 113
end time: 1741015363514
Time: 0 ms
--------------------------------------------------
received prefix: 10.0.0.27
start time: 1741015363761
local preference: 194
end time: 1741015363762
Time: 1 ms
--------------------------------------------------
received prefix: 10.0.0.27
start time: 1741015363769
local preference: 198
end time: 1741015363771
Time: 2 ms
--------------------------------------------------
received prefix: 10.0.0.27
start time: 1741015363775
local preference: 194
end time: 1741015363776
Time: 1 ms
--------------------------------------------------
received prefix: 10.0.0.27
start time: 1741015363779
local preference: 198
end time: 1741015363780
Time: 1 ms
--------------------------------------------------
received prefix: 10.0.0.27
start time: 1741015363793
local preference: 192
end time: 1741015363794
Time: 1 ms
--------------------------------------------------
received prefix: 10.0.0.27
start time: 1741015363797
local preference: 195
end time: 1741015363798
Time: 1 ms
--------------------------------------------------
received prefix: 10.0.0.27
start time: 1741015363802
local preference: 194
end time: 1741015363803
Time: 1 ms
--------------------------------------------------
received prefix: 10.0.0.27
start time: 1741015363807
local preference: 198
end time: 1741015363807
Time: 0 ms
--------------------------------------------------
received prefix: 10.0.0.27
start time: 1741015363810
local preference: 194
end time: 1741015363811
Time: 1 ms
--------------------------------------------------
received prefix: 10.0.0.27
start time: 1741015363836
local preference: 198
end time: 1741015363838
Time: 2 ms
--------------------------------------------------
received prefix: 10.0.0.28
start time: 1741015364017
local preference: 202
end time: 1741015364018
Time: 1 ms
--------------------------------------------------
received prefix: 10.0.0.28
start time: 1741015364026
local preference: 206
end time: 1741015364028
Time: 2 ms
--------------------------------------------------
received prefix: 10.0.0.28
start time: 1741015364034
local preference: 202
end time: 1741015364036
Time: 2 ms
--------------------------------------------------
received prefix: 10.0.0.28
start time: 1741015364057
local preference: 206
end time: 1741015364058
Time: 1 ms
--------------------------------------------------
received prefix: 10.0.0.28
start time: 1741015364072
local preference: 200
end time: 1741015364075
Time: 3 ms
--------------------------------------------------
received prefix: 10.0.0.28
start time: 1741015364080
local preference: 203
end time: 1741015364081
Time: 1 ms
--------------------------------------------------
received prefix: 10.0.0.28
start time: 1741015364085
local preference: 202
end time: 1741015364086
Time: 1 ms
--------------------------------------------------
received prefix: 10.0.0.28
start time: 1741015364089
local preference: 206
end time: 1741015364090
Time: 1 ms
--------------------------------------------------
received prefix: 10.0.0.28
start time: 1741015364094
local preference: 202
end time: 1741015364094
Time: 0 ms
--------------------------------------------------
received prefix: 10.0.0.28
start time: 1741015364097
local preference: 206
end time: 1741015364098
Time: 1 ms
--------------------------------------------------
received prefix: 10.0.0.29
start time: 1741015364281
local preference: 203
end time: 1741015364281
Time: 0 ms
--------------------------------------------------
received prefix: 10.0.0.29
start time: 1741015364283
local preference: 207
end time: 1741015364284
Time: 1 ms
--------------------------------------------------
received prefix: 10.0.0.29
start time: 1741015364291
local preference: 203
end time: 1741015364295
Time: 4 ms
--------------------------------------------------
received prefix: 10.0.0.29
start time: 1741015364327
local preference: 207
end time: 1741015364328
Time: 1 ms
--------------------------------------------------
received prefix: 10.0.0.29
start time: 1741015364333
local preference: 201
end time: 1741015364333
Time: 0 ms
--------------------------------------------------
received prefix: 10.0.0.29
start time: 1741015364336
local preference: 204
end time: 1741015364336
Time: 0 ms
--------------------------------------------------
received prefix: 10.0.0.29
start time: 1741015364343
local preference: 203
end time: 1741015364344
Time: 1 ms
--------------------------------------------------
received prefix: 10.0.0.29
start time: 1741015364363
local preference: 207
end time: 1741015364364
Time: 1 ms
--------------------------------------------------
received prefix: 10.0.0.29
start time: 1741015364373
local preference: 203
end time: 1741015364375
Time: 2 ms
--------------------------------------------------
received prefix: 10.0.0.29
start time: 1741015364378
local preference: 207
end time: 1741015364379
Time: 1 ms
--------------------------------------------------
received prefix: 10.0.0.30
start time: 1741015364499
local preference: 219
end time: 1741015364501
Time: 2 ms
--------------------------------------------------
received prefix: 10.0.0.30
start time: 1741015364517
local preference: 223
end time: 1741015364518
Time: 1 ms
--------------------------------------------------
received prefix: 10.0.0.30
start time: 1741015364533
local preference: 219
end time: 1741015364533
Time: 0 ms
--------------------------------------------------
received prefix: 10.0.0.30
start time: 1741015364537
local preference: 223
end time: 1741015364538
Time: 1 ms
--------------------------------------------------
received prefix: 10.0.0.30
start time: 1741015364543
local preference: 217
end time: 1741015364544
Time: 1 ms
--------------------------------------------------
received prefix: 10.0.0.30
start time: 1741015364567
local preference: 221
end time: 1741015364568
Time: 1 ms
--------------------------------------------------
received prefix: 10.0.0.30
start time: 1741015364572
local preference: 219
end time: 1741015364573
Time: 1 ms
--------------------------------------------------
received prefix: 10.0.0.30
start time: 1741015364576
local preference: 223
end time: 1741015364577
Time: 1 ms
--------------------------------------------------
received prefix: 10.0.0.30
start time: 1741015364588
local preference: 219
end time: 1741015364589
Time: 1 ms
--------------------------------------------------
received prefix: 10.0.0.30
start time: 1741015364605
local preference: 223
end time: 1741015364606
Time: 1 ms
--------------------------------------------------
received prefix: 10.0.0.31
start time: 1741015364731
local preference: 219
end time: 1741015364732
Time: 1 ms
--------------------------------------------------
received prefix: 10.0.0.31
start time: 1741015364758
local preference: 223
end time: 1741015364759
Time: 1 ms
--------------------------------------------------
received prefix: 10.0.0.31
start time: 1741015364764
local preference: 219
end time: 1741015364765
Time: 1 ms
--------------------------------------------------
received prefix: 10.0.0.31
start time: 1741015364775
local preference: 223
end time: 1741015364777
Time: 2 ms
--------------------------------------------------
received prefix: 10.0.0.31
start time: 1741015364783
local preference: 217
end time: 1741015364784
Time: 1 ms
--------------------------------------------------
received prefix: 10.0.0.31
start time: 1741015364788
local preference: 221
end time: 1741015364789
Time: 1 ms
--------------------------------------------------
received prefix: 10.0.0.31
start time: 1741015364796
local preference: 219
end time: 1741015364796
Time: 0 ms
--------------------------------------------------
received prefix: 10.0.0.31
start time: 1741015364816
local preference: 223
end time: 1741015364817
Time: 1 ms
--------------------------------------------------
received prefix: 10.0.0.31
start time: 1741015364825
local preference: 219
end time: 1741015364829
Time: 4 ms
--------------------------------------------------
received prefix: 10.0.0.31
start time: 1741015364840
local preference: 223
end time: 1741015364842
Time: 2 ms
--------------------------------------------------
received prefix: 10.0.0.8
start time: 1741015366789
local preference: 219
end time: 1741015366790
Time: 1 ms
--------------------------------------------------
received prefix: 10.0.0.8
start time: 1741015366805
local preference: 219
end time: 1741015366805
Time: 0 ms
--------------------------------------------------
received prefix: 10.0.0.8
start time: 1741015366808
local preference: 219
end time: 1741015366809
Time: 1 ms
--------------------------------------------------
received prefix: 10.0.0.8
start time: 1741015366811
local preference: 217
end time: 1741015366812
Time: 1 ms
--------------------------------------------------
received prefix: 10.0.0.8
start time: 1741015366815
local preference: 219
end time: 1741015366816
Time: 1 ms
--------------------------------------------------
received prefix: 10.0.0.7
start time: 1741015366974
local preference: 234
end time: 1741015366975
Time: 1 ms
--------------------------------------------------
received prefix: 10.0.0.7
start time: 1741015366981
local preference: 234
end time: 1741015366982
Time: 1 ms
--------------------------------------------------
received prefix: 10.0.0.7
start time: 1741015366986
local preference: 234
end time: 1741015366987
Time: 1 ms
--------------------------------------------------
received prefix: 10.0.0.7
start time: 1741015367002
local preference: 232
end time: 1741015367002
Time: 0 ms
--------------------------------------------------
received prefix: 10.0.0.7
start time: 1741015367006
local preference: 234
end time: 1741015367008
Time: 2 ms
--------------------------------------------------
received prefix: 10.0.0.9
start time: 1741015369662
local preference: 235
end time: 1741015369663
Time: 1 ms
--------------------------------------------------
received prefix: 10.0.0.10
start time: 1741015369737
local preference: 232
end time: 1741015369739
Time: 2 ms
--------------------------------------------------
received prefix: 10.0.0.11
start time: 1741015369798
local preference: 218
end time: 1741015369798
Time: 0 ms
--------------------------------------------------
received prefix: 10.0.0.12
start time: 1741015369859
local preference: 227
end time: 1741015369860
Time: 1 ms
--------------------------------------------------
received prefix: 10.0.0.32
start time: 1741015370298
local preference: 219
end time: 1741015370299
Time: 1 ms
--------------------------------------------------
received prefix: 10.0.0.26
start time: 1741015370736
local preference: 193
end time: 1741015370737
Time: 1 ms
--------------------------------------------------
received prefix: 10.0.0.25
start time: 1741015371264
local preference: 192
end time: 1741015371264
Time: 0 ms
--------------------------------------------------
received prefix: 10.0.0.21
start time: 1741015371903
local preference: 227
end time: 1741015371904
Time: 1 ms
--------------------------------------------------
received prefix: 10.0.0.22
start time: 1741015372378
local preference: 219
end time: 1741015372379
Time: 1 ms
--------------------------------------------------
received prefix: 10.0.0.20
start time: 1741015373003
local preference: 215
end time: 1741015373004
Time: 1 ms
--------------------------------------------------
received prefix: 10.0.0.13
start time: 1741015373504
local preference: 229
end time: 1741015373505
Time: 1 ms
--------------------------------------------------
received prefix: 10.0.0.14
start time: 1741015374243
local preference: 220
end time: 1741015374244
Time: 1 ms
--------------------------------------------------
received prefix: 10.0.0.15
start time: 1741015374723
local preference: 219
end time: 1741015374724
Time: 1 ms
--------------------------------------------------
received prefix: 10.0.0.16
start time: 1741015375334
local preference: 35
end time: 1741015375335
Time: 1 ms
--------------------------------------------------
received prefix: 10.0.0.17
start time: 1741015376008
local preference: 224
end time: 1741015376009
Time: 1 ms
--------------------------------------------------
received prefix: 10.0.0.18
start time: 1741015376626
local preference: 233
end time: 1741015376627
Time: 1 ms
--------------------------------------------------
received prefix: 10.0.0.19
start time: 1741015377123
local preference: 234
end time: 1741015377124
Time: 1 ms
--------------------------------------------------
received prefix: 10.0.0.23
start time: 1741015377687
local preference: 181
end time: 1741015377689
Time: 2 ms
--------------------------------------------------
received prefix: 10.0.0.24
start time: 1741015378369
local preference: 160
end time: 1741015378370
Time: 1 ms
--------------------------------------------------
received prefix: 10.0.0.27
start time: 1741015378952
local preference: 194
end time: 1741015378953
Time: 1 ms
--------------------------------------------------
received prefix: 10.0.0.28
start time: 1741015379715
local preference: 202
end time: 1741015379716
Time: 1 ms
--------------------------------------------------
received prefix: 10.0.0.29
start time: 1741015380537
local preference: 203
end time: 1741015380538
Time: 1 ms
--------------------------------------------------
received prefix: 10.0.0.30
start time: 1741015381248
local preference: 219
end time: 1741015381248
Time: 0 ms
--------------------------------------------------
received prefix: 10.0.0.31
start time: 1741015381871
local preference: 219
end time: 1741015381872
Time: 1 ms
--------------------------------------------------
received prefix: 10.0.0.6
start time: 1741015407950
local preference: 232
end time: 1741015407950
Time: 0 ms
--------------------------------------------------
received prefix: 10.0.0.4
start time: 1741015408236
local preference: 187
end time: 1741015408237
Time: 1 ms
--------------------------------------------------
received prefix: 10.0.0.5
start time: 1741015408586
local preference: 222
end time: 1741015408587
Time: 1 ms
--------------------------------------------------
received prefix: 10.0.0.12
start time: 1741015408705
local preference: 234
end time: 1741015408706
Time: 1 ms
--------------------------------------------------
received prefix: 10.0.0.7
start time: 1741015411841
local preference: 235
end time: 1741015411842
Time: 1 ms
--------------------------------------------------
received prefix: 10.0.0.7
start time: 1741015411844
local preference: 235
end time: 1741015411845
Time: 1 ms
--------------------------------------------------
received prefix: 10.0.0.7
start time: 1741015411852
local preference: 232
end time: 1741015411853
Time: 1 ms
--------------------------------------------------
received prefix: 10.0.0.7
start time: 1741015411856
local preference: 235
end time: 1741015411858
Time: 2 ms
--------------------------------------------------
received prefix: 10.0.0.7
start time: 1741015411860
local preference: 235
end time: 1741015411861
Time: 1 ms
--------------------------------------------------
received prefix: 10.0.0.8
start time: 1741015411884
local preference: 219
end time: 1741015411885
Time: 1 ms
--------------------------------------------------
received prefix: 10.0.0.8
start time: 1741015411891
local preference: 219
end time: 1741015411892
Time: 1 ms
--------------------------------------------------
received prefix: 10.0.0.8
start time: 1741015411894
local preference: 217
end time: 1741015411895
Time: 1 ms
--------------------------------------------------
received prefix: 10.0.0.8
start time: 1741015411897
local preference: 219
end time: 1741015411898
Time: 1 ms
--------------------------------------------------
received prefix: 10.0.0.8
start time: 1741015411900
local preference: 219
end time: 1741015411901
Time: 1 ms
--------------------------------------------------
received prefix: 10.0.0.7
start time: 1741015412102
local preference: 235
end time: 1741015412103
Time: 1 ms
--------------------------------------------------
received prefix: 10.0.0.7
start time: 1741015412105
local preference: 235
end time: 1741015412106
Time: 1 ms
--------------------------------------------------
received prefix: 10.0.0.7
start time: 1741015412108
local preference: 232
end time: 1741015412109
Time: 1 ms
--------------------------------------------------
received prefix: 10.0.0.7
start time: 1741015412110
local preference: 235
end time: 1741015412111
Time: 1 ms
--------------------------------------------------
received prefix: 10.0.0.7
start time: 1741015412122
local preference: 235
end time: 1741015412125
Time: 3 ms
--------------------------------------------------
received prefix: 10.0.0.8
start time: 1741015412142
local preference: 219
end time: 1741015412143
Time: 1 ms
--------------------------------------------------
received prefix: 10.0.0.8
start time: 1741015412152
local preference: 219
end time: 1741015412153
Time: 1 ms
--------------------------------------------------
received prefix: 10.0.0.8
start time: 1741015412156
local preference: 217
end time: 1741015412158
Time: 2 ms
--------------------------------------------------
received prefix: 10.0.0.8
start time: 1741015412163
local preference: 219
end time: 1741015412164
Time: 1 ms
--------------------------------------------------
received prefix: 10.0.0.8
start time: 1741015412168
local preference: 219
end time: 1741015412169
Time: 1 ms
--------------------------------------------------
received prefix: 10.0.0.7
start time: 1741015412283
local preference: 235
end time: 1741015412283
Time: 0 ms
--------------------------------------------------
received prefix: 10.0.0.7
start time: 1741015412312
local preference: 235
end time: 1741015412312
Time: 0 ms
--------------------------------------------------
received prefix: 10.0.0.7
start time: 1741015412315
local preference: 232
end time: 1741015412315
Time: 0 ms
--------------------------------------------------
received prefix: 10.0.0.7
start time: 1741015412319
local preference: 235
end time: 1741015412321
Time: 2 ms
--------------------------------------------------
received prefix: 10.0.0.7
start time: 1741015412324
local preference: 235
end time: 1741015412325
Time: 1 ms
--------------------------------------------------
received prefix: 10.0.0.8
start time: 1741015412414
local preference: 219
end time: 1741015412415
Time: 1 ms
--------------------------------------------------
received prefix: 10.0.0.8
start time: 1741015412417
local preference: 219
end time: 1741015412418
Time: 1 ms
--------------------------------------------------
received prefix: 10.0.0.8
start time: 1741015412420
local preference: 217
end time: 1741015412421
Time: 1 ms
--------------------------------------------------
received prefix: 10.0.0.8
start time: 1741015412445
local preference: 219
end time: 1741015412445
Time: 0 ms
--------------------------------------------------
received prefix: 10.0.0.8
start time: 1741015412448
local preference: 219
end time: 1741015412449
Time: 1 ms
--------------------------------------------------
received prefix: 10.0.0.12
start time: 1741015412587
local preference: 226
end time: 1741015412587
Time: 0 ms
--------------------------------------------------
received prefix: 10.0.0.12
start time: 1741015412590
local preference: 230
end time: 1741015412591
Time: 1 ms
--------------------------------------------------
received prefix: 10.0.0.12
start time: 1741015412619
local preference: 226
end time: 1741015412620
Time: 1 ms
--------------------------------------------------
received prefix: 10.0.0.12
start time: 1741015412623
local preference: 230
end time: 1741015412624
Time: 1 ms
--------------------------------------------------
received prefix: 10.0.0.12
start time: 1741015412628
local preference: 224
end time: 1741015412630
Time: 2 ms
--------------------------------------------------
received prefix: 10.0.0.12
start time: 1741015412633
local preference: 227
end time: 1741015412634
Time: 1 ms
--------------------------------------------------
received prefix: 10.0.0.12
start time: 1741015412638
local preference: 226
end time: 1741015412639
Time: 1 ms
--------------------------------------------------
received prefix: 10.0.0.12
start time: 1741015412650
local preference: 230
end time: 1741015412651
Time: 1 ms
--------------------------------------------------
received prefix: 10.0.0.12
start time: 1741015412654
local preference: 226
end time: 1741015412655
Time: 1 ms
--------------------------------------------------
received prefix: 10.0.0.7
start time: 1741015412804
local preference: 235
end time: 1741015412804
Time: 0 ms
--------------------------------------------------
received prefix: 10.0.0.7
start time: 1741015412807
local preference: 235
end time: 1741015412808
Time: 1 ms
--------------------------------------------------
received prefix: 10.0.0.7
start time: 1741015412837
local preference: 235
end time: 1741015412838
Time: 1 ms
--------------------------------------------------
received prefix: 10.0.0.7
start time: 1741015412840
local preference: 235
end time: 1741015412841
Time: 1 ms
--------------------------------------------------
received prefix: 10.0.0.7
start time: 1741015412844
local preference: 235
end time: 1741015412845
Time: 1 ms
--------------------------------------------------
received prefix: 10.0.0.8
start time: 1741015412852
local preference: 219
end time: 1741015412852
Time: 0 ms
--------------------------------------------------
received prefix: 10.0.0.8
start time: 1741015412855
local preference: 219
end time: 1741015412856
Time: 1 ms
--------------------------------------------------
received prefix: 10.0.0.8
start time: 1741015412875
local preference: 219
end time: 1741015412876
Time: 1 ms
--------------------------------------------------
received prefix: 10.0.0.8
start time: 1741015412877
local preference: 219
end time: 1741015412878
Time: 1 ms
--------------------------------------------------
received prefix: 10.0.0.8
start time: 1741015412883
local preference: 219
end time: 1741015412886
Time: 3 ms
--------------------------------------------------
received prefix: 10.0.0.7
start time: 1741015412964
local preference: 235
end time: 1741015412965
Time: 1 ms
--------------------------------------------------
received prefix: 10.0.0.7
start time: 1741015412967
local preference: 235
end time: 1741015412968
Time: 1 ms
--------------------------------------------------
received prefix: 10.0.0.7
start time: 1741015412970
local preference: 235
end time: 1741015412971
Time: 1 ms
--------------------------------------------------
received prefix: 10.0.0.7
start time: 1741015412973
local preference: 232
end time: 1741015412974
Time: 1 ms
--------------------------------------------------
received prefix: 10.0.0.7
start time: 1741015412999
local preference: 235
end time: 1741015413000
Time: 1 ms
--------------------------------------------------
received prefix: 10.0.0.8
start time: 1741015413027
local preference: 219
end time: 1741015413028
Time: 1 ms
--------------------------------------------------
received prefix: 10.0.0.8
start time: 1741015413032
local preference: 219
end time: 1741015413033
Time: 1 ms
--------------------------------------------------
received prefix: 10.0.0.8
start time: 1741015413041
local preference: 219
end time: 1741015413043
Time: 2 ms
--------------------------------------------------
received prefix: 10.0.0.8
start time: 1741015413060
local preference: 217
end time: 1741015413060
Time: 0 ms
--------------------------------------------------
received prefix: 10.0.0.8
start time: 1741015413064
local preference: 219
end time: 1741015413065
Time: 1 ms
--------------------------------------------------
received prefix: 10.0.0.11
start time: 1741015413144
local preference: 218
end time: 1741015413145
Time: 1 ms
--------------------------------------------------
received prefix: 10.0.0.11
start time: 1741015413148
local preference: 218
end time: 1741015413149
Time: 1 ms
--------------------------------------------------
received prefix: 10.0.0.11
start time: 1741015413186
local preference: 218
end time: 1741015413187
Time: 1 ms
--------------------------------------------------
received prefix: 10.0.0.11
start time: 1741015413190
local preference: 215
end time: 1741015413192
Time: 2 ms
--------------------------------------------------
received prefix: 10.0.0.11
start time: 1741015413196
local preference: 218
end time: 1741015413197
Time: 1 ms
--------------------------------------------------
received prefix: 10.0.0.9
start time: 1741015413358
local preference: 234
end time: 1741015413361
Time: 3 ms
--------------------------------------------------
received prefix: 10.0.0.9
start time: 1741015413385
local preference: 235
end time: 1741015413386
Time: 1 ms
--------------------------------------------------
received prefix: 10.0.0.9
start time: 1741015413389
local preference: 234
end time: 1741015413389
Time: 0 ms
--------------------------------------------------
received prefix: 10.0.0.9
start time: 1741015413392
local preference: 232
end time: 1741015413392
Time: 0 ms
--------------------------------------------------
received prefix: 10.0.0.9
start time: 1741015413394
local preference: 235
end time: 1741015413395
Time: 1 ms
--------------------------------------------------
received prefix: 10.0.0.10
start time: 1741015413556
local preference: 232
end time: 1741015413557
Time: 1 ms
--------------------------------------------------
received prefix: 10.0.0.10
start time: 1741015413562
local preference: 232
end time: 1741015413565
Time: 3 ms
--------------------------------------------------
received prefix: 10.0.0.10
start time: 1741015413608
local preference: 232
end time: 1741015413609
Time: 1 ms
--------------------------------------------------
received prefix: 10.0.0.10
start time: 1741015413612
local preference: 230
end time: 1741015413613
Time: 1 ms
--------------------------------------------------
received prefix: 10.0.0.10
start time: 1741015413619
local preference: 232
end time: 1741015413620
Time: 1 ms
--------------------------------------------------
received prefix: 10.0.0.12
start time: 1741015413857
local preference: 226
end time: 1741015413858
Time: 1 ms
--------------------------------------------------
received prefix: 10.0.0.12
start time: 1741015413898
local preference: 226
end time: 1741015413899
Time: 1 ms
--------------------------------------------------
received prefix: 10.0.0.12
start time: 1741015413904
local preference: 226
end time: 1741015413904
Time: 0 ms
--------------------------------------------------
received prefix: 10.0.0.12
start time: 1741015413907
local preference: 223
end time: 1741015413908
Time: 1 ms
--------------------------------------------------
received prefix: 10.0.0.12
start time: 1741015413917
local preference: 226
end time: 1741015413918
Time: 1 ms
--------------------------------------------------
received prefix: 10.0.0.13
start time: 1741015415533
local preference: 229
end time: 1741015415534
Time: 1 ms
--------------------------------------------------
received prefix: 10.0.0.14
start time: 1741015415768
local preference: 220
end time: 1741015415769
Time: 1 ms
--------------------------------------------------
received prefix: 10.0.0.7
start time: 1741015432204
local preference: 222
end time: 1741015432205
Time: 1 ms
--------------------------------------------------
received prefix: 10.0.0.8
start time: 1741015432524
local preference: 223
end time: 1741015432525
Time: 1 ms
--------------------------------------------------
received prefix: 10.0.0.11
start time: 1741015435840
local preference: 218
end time: 1741015435841
Time: 1 ms
--------------------------------------------------
received prefix: 10.0.0.11
start time: 1741015435846
local preference: 218
end time: 1741015435846
Time: 0 ms
--------------------------------------------------
received prefix: 10.0.0.11
start time: 1741015435848
local preference: 216
end time: 1741015435849
Time: 1 ms
--------------------------------------------------
received prefix: 10.0.0.11
start time: 1741015435857
local preference: 218
end time: 1741015435858
Time: 1 ms
--------------------------------------------------
received prefix: 10.0.0.11
start time: 1741015435863
local preference: 218
end time: 1741015435864
Time: 1 ms
--------------------------------------------------
received prefix: 10.0.0.9
start time: 1741015435907
local preference: 235
end time: 1741015435908
Time: 1 ms
--------------------------------------------------
received prefix: 10.0.0.9
start time: 1741015435909
local preference: 235
end time: 1741015435910
Time: 1 ms
--------------------------------------------------
received prefix: 10.0.0.9
start time: 1741015435913
local preference: 233
end time: 1741015435914
Time: 1 ms
--------------------------------------------------
received prefix: 10.0.0.9
start time: 1741015435927
local preference: 235
end time: 1741015435927
Time: 0 ms
--------------------------------------------------
received prefix: 10.0.0.9
start time: 1741015435945
local preference: 235
end time: 1741015435946
Time: 1 ms
--------------------------------------------------
received prefix: 10.0.0.10
start time: 1741015436007
local preference: 233
end time: 1741015436008
Time: 1 ms
--------------------------------------------------
received prefix: 10.0.0.10
start time: 1741015436010
local preference: 233
end time: 1741015436011
Time: 1 ms
--------------------------------------------------
received prefix: 10.0.0.10
start time: 1741015436013
local preference: 230
end time: 1741015436013
Time: 0 ms
--------------------------------------------------
received prefix: 10.0.0.10
start time: 1741015436015
local preference: 233
end time: 1741015436015
Time: 0 ms
--------------------------------------------------
received prefix: 10.0.0.10
start time: 1741015436018
local preference: 233
end time: 1741015436019
Time: 1 ms
--------------------------------------------------
received prefix: 10.0.0.12
start time: 1741015436072
local preference: 226
end time: 1741015436073
Time: 1 ms
--------------------------------------------------
received prefix: 10.0.0.12
start time: 1741015436074
local preference: 226
end time: 1741015436075
Time: 1 ms
--------------------------------------------------
received prefix: 10.0.0.12
start time: 1741015436077
local preference: 224
end time: 1741015436078
Time: 1 ms
--------------------------------------------------
received prefix: 10.0.0.12
start time: 1741015436079
local preference: 226
end time: 1741015436080
Time: 1 ms
--------------------------------------------------
received prefix: 10.0.0.12
start time: 1741015436084
local preference: 226
end time: 1741015436084
Time: 0 ms
--------------------------------------------------
received prefix: 10.0.0.11
start time: 1741015436255
local preference: 218
end time: 1741015436256
Time: 1 ms
--------------------------------------------------
received prefix: 10.0.0.11
start time: 1741015436258
local preference: 218
end time: 1741015436258
Time: 0 ms
--------------------------------------------------
received prefix: 10.0.0.11
start time: 1741015436260
local preference: 216
end time: 1741015436261
Time: 1 ms
--------------------------------------------------
received prefix: 10.0.0.11
start time: 1741015436263
local preference: 218
end time: 1741015436264
Time: 1 ms
--------------------------------------------------
received prefix: 10.0.0.11
start time: 1741015436266
local preference: 218
end time: 1741015436266
Time: 0 ms
--------------------------------------------------
received prefix: 10.0.0.9
start time: 1741015436323
local preference: 235
end time: 1741015436323
Time: 0 ms
--------------------------------------------------
received prefix: 10.0.0.9
start time: 1741015436325
local preference: 235
end time: 1741015436326
Time: 1 ms
--------------------------------------------------
received prefix: 10.0.0.9
start time: 1741015436330
local preference: 233
end time: 1741015436331
Time: 1 ms
--------------------------------------------------
received prefix: 10.0.0.9
start time: 1741015436337
local preference: 235
end time: 1741015436337
Time: 0 ms
--------------------------------------------------
received prefix: 10.0.0.9
start time: 1741015436340
local preference: 235
end time: 1741015436341
Time: 1 ms
--------------------------------------------------
received prefix: 10.0.0.10
start time: 1741015436395
local preference: 233
end time: 1741015436396
Time: 1 ms
--------------------------------------------------
received prefix: 10.0.0.10
start time: 1741015436410
local preference: 233
end time: 1741015436411
Time: 1 ms
--------------------------------------------------
received prefix: 10.0.0.10
start time: 1741015436413
local preference: 230
end time: 1741015436414
Time: 1 ms
--------------------------------------------------
received prefix: 10.0.0.10
start time: 1741015436427
local preference: 233
end time: 1741015436428
Time: 1 ms
--------------------------------------------------
received prefix: 10.0.0.10
start time: 1741015436436
local preference: 233
end time: 1741015436438
Time: 2 ms
--------------------------------------------------
received prefix: 10.0.0.12
start time: 1741015436521
local preference: 226
end time: 1741015436522
Time: 1 ms
--------------------------------------------------
received prefix: 10.0.0.12
start time: 1741015436542
local preference: 226
end time: 1741015436543
Time: 1 ms
--------------------------------------------------
received prefix: 10.0.0.12
start time: 1741015436545
local preference: 224
end time: 1741015436545
Time: 0 ms
--------------------------------------------------
received prefix: 10.0.0.12
start time: 1741015436565
local preference: 226
end time: 1741015436566
Time: 1 ms
--------------------------------------------------
received prefix: 10.0.0.12
start time: 1741015436569
local preference: 226
end time: 1741015436570
Time: 1 ms
--------------------------------------------------
received prefix: 10.0.0.11
start time: 1741015436606
local preference: 218
end time: 1741015436607
Time: 1 ms
--------------------------------------------------
received prefix: 10.0.0.11
start time: 1741015436609
local preference: 218
end time: 1741015436610
Time: 1 ms
--------------------------------------------------
received prefix: 10.0.0.11
start time: 1741015436630
local preference: 216
end time: 1741015436631
Time: 1 ms
--------------------------------------------------
received prefix: 10.0.0.11
start time: 1741015436645
local preference: 218
end time: 1741015436646
Time: 1 ms
--------------------------------------------------
received prefix: 10.0.0.11
start time: 1741015436652
local preference: 218
end time: 1741015436653
Time: 1 ms
--------------------------------------------------
received prefix: 10.0.0.9
start time: 1741015436870
local preference: 235
end time: 1741015436871
Time: 1 ms
--------------------------------------------------
received prefix: 10.0.0.9
start time: 1741015436874
local preference: 235
end time: 1741015436876
Time: 2 ms
--------------------------------------------------
received prefix: 10.0.0.9
start time: 1741015436879
local preference: 233
end time: 1741015436879
Time: 0 ms
--------------------------------------------------
received prefix: 10.0.0.9
start time: 1741015436881
local preference: 235
end time: 1741015436882
Time: 1 ms
--------------------------------------------------
received prefix: 10.0.0.9
start time: 1741015436884
local preference: 235
end time: 1741015436885
Time: 1 ms
--------------------------------------------------
received prefix: 10.0.0.10
start time: 1741015437053
local preference: 233
end time: 1741015437054
Time: 1 ms
--------------------------------------------------
received prefix: 10.0.0.10
start time: 1741015437056
local preference: 233
end time: 1741015437056
Time: 0 ms
--------------------------------------------------
received prefix: 10.0.0.10
start time: 1741015437067
local preference: 230
end time: 1741015437067
Time: 0 ms
--------------------------------------------------
received prefix: 10.0.0.10
start time: 1741015437073
local preference: 233
end time: 1741015437073
Time: 0 ms
--------------------------------------------------
received prefix: 10.0.0.10
start time: 1741015437076
local preference: 233
end time: 1741015437077
Time: 1 ms
--------------------------------------------------
received prefix: 10.0.0.12
start time: 1741015437304
local preference: 226
end time: 1741015437305
Time: 1 ms
--------------------------------------------------
received prefix: 10.0.0.12
start time: 1741015437311
local preference: 226
end time: 1741015437312
Time: 1 ms
--------------------------------------------------
received prefix: 10.0.0.12
start time: 1741015437314
local preference: 224
end time: 1741015437316
Time: 2 ms
--------------------------------------------------
received prefix: 10.0.0.12
start time: 1741015437327
local preference: 226
end time: 1741015437328
Time: 1 ms
--------------------------------------------------
received prefix: 10.0.0.12
start time: 1741015437348
local preference: 226
end time: 1741015437348
Time: 0 ms
--------------------------------------------------
received prefix: 10.0.0.11
start time: 1741015437505
local preference: 218
end time: 1741015437506
Time: 1 ms
--------------------------------------------------
received prefix: 10.0.0.11
start time: 1741015437508
local preference: 218
end time: 1741015437509
Time: 1 ms
--------------------------------------------------
received prefix: 10.0.0.11
start time: 1741015437511
local preference: 218
end time: 1741015437512
Time: 1 ms
--------------------------------------------------
received prefix: 10.0.0.11
start time: 1741015437515
local preference: 218
end time: 1741015437515
Time: 0 ms
--------------------------------------------------
received prefix: 10.0.0.11
start time: 1741015437518
local preference: 218
end time: 1741015437519
Time: 1 ms
--------------------------------------------------
received prefix: 10.0.0.9
start time: 1741015437564
local preference: 235
end time: 1741015437564
Time: 0 ms
--------------------------------------------------
received prefix: 10.0.0.9
start time: 1741015437582
local preference: 235
end time: 1741015437583
Time: 1 ms
--------------------------------------------------
received prefix: 10.0.0.9
start time: 1741015437588
local preference: 235
end time: 1741015437589
Time: 1 ms
--------------------------------------------------
received prefix: 10.0.0.9
start time: 1741015437593
local preference: 235
end time: 1741015437594
Time: 1 ms
--------------------------------------------------
received prefix: 10.0.0.9
start time: 1741015437596
local preference: 235
end time: 1741015437597
Time: 1 ms
--------------------------------------------------
received prefix: 10.0.0.10
start time: 1741015437630
local preference: 233
end time: 1741015437631
Time: 1 ms
--------------------------------------------------
received prefix: 10.0.0.10
start time: 1741015437634
local preference: 233
end time: 1741015437634
Time: 0 ms
--------------------------------------------------
received prefix: 10.0.0.10
start time: 1741015437638
local preference: 233
end time: 1741015437638
Time: 0 ms
--------------------------------------------------
received prefix: 10.0.0.10
start time: 1741015437641
local preference: 233
end time: 1741015437642
Time: 1 ms
--------------------------------------------------
received prefix: 10.0.0.10
start time: 1741015437656
local preference: 233
end time: 1741015437658
Time: 2 ms
--------------------------------------------------
received prefix: 10.0.0.12
start time: 1741015437674
local preference: 226
end time: 1741015437675
Time: 1 ms
--------------------------------------------------
received prefix: 10.0.0.12
start time: 1741015437683
local preference: 226
end time: 1741015437684
Time: 1 ms
--------------------------------------------------
received prefix: 10.0.0.12
start time: 1741015437726
local preference: 226
end time: 1741015437726
Time: 0 ms
--------------------------------------------------
received prefix: 10.0.0.12
start time: 1741015437730
local preference: 226
end time: 1741015437731
Time: 1 ms
--------------------------------------------------
received prefix: 10.0.0.12
start time: 1741015437739
local preference: 226
end time: 1741015437740
Time: 1 ms
--------------------------------------------------
received prefix: 10.0.0.11
start time: 1741015437774
local preference: 218
end time: 1741015437775
Time: 1 ms
--------------------------------------------------
received prefix: 10.0.0.11
start time: 1741015437810
local preference: 218
end time: 1741015437811
Time: 1 ms
--------------------------------------------------
received prefix: 10.0.0.11
start time: 1741015437813
local preference: 218
end time: 1741015437814
Time: 1 ms
--------------------------------------------------
received prefix: 10.0.0.11
start time: 1741015437816
local preference: 216
end time: 1741015437817
Time: 1 ms
--------------------------------------------------
received prefix: 10.0.0.11
start time: 1741015437819
local preference: 218
end time: 1741015437820
Time: 1 ms
--------------------------------------------------
received prefix: 10.0.0.9
start time: 1741015437846
local preference: 235
end time: 1741015437847
Time: 1 ms
--------------------------------------------------
received prefix: 10.0.0.9
start time: 1741015437870
local preference: 235
end time: 1741015437871
Time: 1 ms
--------------------------------------------------
received prefix: 10.0.0.9
start time: 1741015437873
local preference: 235
end time: 1741015437874
Time: 1 ms
--------------------------------------------------
received prefix: 10.0.0.9
start time: 1741015437876
local preference: 233
end time: 1741015437877
Time: 1 ms
--------------------------------------------------
received prefix: 10.0.0.9
start time: 1741015437879
local preference: 235
end time: 1741015437880
Time: 1 ms
--------------------------------------------------
received prefix: 10.0.0.10
start time: 1741015437906
local preference: 233
end time: 1741015437907
Time: 1 ms
--------------------------------------------------
received prefix: 10.0.0.10
start time: 1741015437912
local preference: 233
end time: 1741015437913
Time: 1 ms
--------------------------------------------------
received prefix: 10.0.0.10
start time: 1741015437915
local preference: 233
end time: 1741015437916
Time: 1 ms
--------------------------------------------------
received prefix: 10.0.0.10
start time: 1741015437921
local preference: 230
end time: 1741015437922
Time: 1 ms
--------------------------------------------------
received prefix: 10.0.0.10
start time: 1741015437925
local preference: 233
end time: 1741015437926
Time: 1 ms
--------------------------------------------------
received prefix: 10.0.0.12
start time: 1741015437971
local preference: 226
end time: 1741015437972
Time: 1 ms
--------------------------------------------------
received prefix: 10.0.0.12
start time: 1741015437992
local preference: 226
end time: 1741015437993
Time: 1 ms
--------------------------------------------------
received prefix: 10.0.0.12
start time: 1741015437996
local preference: 226
end time: 1741015437998
Time: 2 ms
--------------------------------------------------
received prefix: 10.0.0.12
start time: 1741015438006
local preference: 224
end time: 1741015438006
Time: 0 ms
--------------------------------------------------
received prefix: 10.0.0.12
start time: 1741015438012
local preference: 226
end time: 1741015438015
Time: 3 ms
--------------------------------------------------
received prefix: 10.0.0.13
start time: 1741015438066
local preference: 229
end time: 1741015438067
Time: 1 ms
--------------------------------------------------
received prefix: 10.0.0.13
start time: 1741015438091
local preference: 229
end time: 1741015438092
Time: 1 ms
--------------------------------------------------
received prefix: 10.0.0.13
start time: 1741015438094
local preference: 229
end time: 1741015438095
Time: 1 ms
--------------------------------------------------
received prefix: 10.0.0.13
start time: 1741015438098
local preference: 226
end time: 1741015438099
Time: 1 ms
--------------------------------------------------
received prefix: 10.0.0.13
start time: 1741015438106
local preference: 229
end time: 1741015438108
Time: 2 ms
--------------------------------------------------
received prefix: 10.0.0.14
start time: 1741015438302
local preference: 220
end time: 1741015438303
Time: 1 ms
--------------------------------------------------
received prefix: 10.0.0.14
start time: 1741015438315
local preference: 220
end time: 1741015438320
Time: 5 ms
--------------------------------------------------
received prefix: 10.0.0.14
start time: 1741015438337
local preference: 220
end time: 1741015438338
Time: 1 ms
--------------------------------------------------
received prefix: 10.0.0.14
start time: 1741015438342
local preference: 218
end time: 1741015438343
Time: 1 ms
--------------------------------------------------
received prefix: 10.0.0.14
start time: 1741015438345
local preference: 220
end time: 1741015438346
Time: 1 ms
--------------------------------------------------
received prefix: 10.0.0.20
start time: 1741015440124
local preference: 215
end time: 1741015440125
Time: 1 ms
--------------------------------------------------
received prefix: 10.0.0.15
start time: 1741015440410
local preference: 218
end time: 1741015440410
Time: 0 ms
--------------------------------------------------
received prefix: 10.0.0.16
start time: 1741015440614
local preference: 34
end time: 1741015440616
Time: 2 ms
--------------------------------------------------
received prefix: 10.0.0.17
start time: 1741015440899
local preference: 223
end time: 1741015440899
Time: 0 ms
--------------------------------------------------
received prefix: 10.0.0.18
start time: 1741015441199
local preference: 234
end time: 1741015441200
Time: 1 ms
--------------------------------------------------
received prefix: 10.0.0.19
start time: 1741015441477
local preference: 233
end time: 1741015441478
Time: 1 ms
--------------------------------------------------
received prefix: 10.0.0.11
start time: 1741015455667
local preference: 222
end time: 1741015455668
Time: 1 ms
--------------------------------------------------
received prefix: 10.0.0.9
start time: 1741015455914
local preference: 222
end time: 1741015455915
Time: 1 ms
--------------------------------------------------
received prefix: 10.0.0.10
start time: 1741015456170
local preference: 236
end time: 1741015456171
Time: 1 ms
--------------------------------------------------
received prefix: 10.0.0.12
start time: 1741015456609
local preference: 230
end time: 1741015456610
Time: 1 ms
--------------------------------------------------
received prefix: 10.0.0.20
start time: 1741015460198
local preference: 215
end time: 1741015460199
Time: 1 ms
--------------------------------------------------
received prefix: 10.0.0.20
start time: 1741015460201
local preference: 215
end time: 1741015460202
Time: 1 ms
--------------------------------------------------
received prefix: 10.0.0.20
start time: 1741015460205
local preference: 215
end time: 1741015460206
Time: 1 ms
--------------------------------------------------
received prefix: 10.0.0.20
start time: 1741015460215
local preference: 213
end time: 1741015460215
Time: 0 ms
--------------------------------------------------
received prefix: 10.0.0.20
start time: 1741015460217
local preference: 215
end time: 1741015460218
Time: 1 ms
--------------------------------------------------
received prefix: 10.0.0.15
start time: 1741015460314
local preference: 218
end time: 1741015460315
Time: 1 ms
--------------------------------------------------
received prefix: 10.0.0.15
start time: 1741015460323
local preference: 218
end time: 1741015460324
Time: 1 ms
--------------------------------------------------
received prefix: 10.0.0.15
start time: 1741015460328
local preference: 218
end time: 1741015460328
Time: 0 ms
--------------------------------------------------
received prefix: 10.0.0.15
start time: 1741015460330
local preference: 216
end time: 1741015460331
Time: 1 ms
--------------------------------------------------
received prefix: 10.0.0.15
start time: 1741015460333
local preference: 219
end time: 1741015460333
Time: 0 ms
--------------------------------------------------
received prefix: 10.0.0.16
start time: 1741015460387
local preference: 35
end time: 1741015460387
Time: 0 ms
--------------------------------------------------
received prefix: 10.0.0.16
start time: 1741015460389
local preference: 35
end time: 1741015460390
Time: 1 ms
--------------------------------------------------
received prefix: 10.0.0.16
start time: 1741015460401
local preference: 35
end time: 1741015460402
Time: 1 ms
--------------------------------------------------
received prefix: 10.0.0.16
start time: 1741015460413
local preference: 69
end time: 1741015460413
Time: 0 ms
--------------------------------------------------
received prefix: 10.0.0.16
start time: 1741015460416
local preference: 34
end time: 1741015460417
Time: 1 ms
--------------------------------------------------
received prefix: 10.0.0.17
start time: 1741015460537
local preference: 223
end time: 1741015460538
Time: 1 ms
--------------------------------------------------
received prefix: 10.0.0.17
start time: 1741015460540
local preference: 223
end time: 1741015460540
Time: 0 ms
--------------------------------------------------
received prefix: 10.0.0.17
start time: 1741015460542
local preference: 223
end time: 1741015460542
Time: 0 ms
--------------------------------------------------
received prefix: 10.0.0.17
start time: 1741015460545
local preference: 221
end time: 1741015460549
Time: 4 ms
--------------------------------------------------
received prefix: 10.0.0.17
start time: 1741015460570
local preference: 224
end time: 1741015460571
Time: 1 ms
--------------------------------------------------
received prefix: 10.0.0.18
start time: 1741015460685
local preference: 235
end time: 1741015460685
Time: 0 ms
--------------------------------------------------
received prefix: 10.0.0.18
start time: 1741015460694
local preference: 235
end time: 1741015460695
Time: 1 ms
--------------------------------------------------
received prefix: 10.0.0.18
start time: 1741015460713
local preference: 235
end time: 1741015460713
Time: 0 ms
--------------------------------------------------
received prefix: 10.0.0.18
start time: 1741015460718
local preference: 236
end time: 1741015460720
Time: 2 ms
--------------------------------------------------
received prefix: 10.0.0.18
start time: 1741015460731
local preference: 234
end time: 1741015460731
Time: 0 ms
--------------------------------------------------
received prefix: 10.0.0.19
start time: 1741015460813
local preference: 233
end time: 1741015460813
Time: 0 ms
--------------------------------------------------
received prefix: 10.0.0.19
start time: 1741015460825
local preference: 233
end time: 1741015460826
Time: 1 ms
--------------------------------------------------
received prefix: 10.0.0.19
start time: 1741015460856
local preference: 233
end time: 1741015460857
Time: 1 ms
--------------------------------------------------
received prefix: 10.0.0.19
start time: 1741015460861
local preference: 231
end time: 1741015460862
Time: 1 ms
--------------------------------------------------
received prefix: 10.0.0.19
start time: 1741015460864
local preference: 234
end time: 1741015460865
Time: 1 ms
--------------------------------------------------
received prefix: 10.0.0.21
start time: 1741015461175
local preference: 227
end time: 1741015461176
Time: 1 ms
--------------------------------------------------
received prefix: 10.0.0.22
start time: 1741015461221
local preference: 219
end time: 1741015461221
Time: 0 ms
--------------------------------------------------
received prefix: 10.0.0.25
start time: 1741015470521
local preference: 192
end time: 1741015470523
Time: 2 ms
--------------------------------------------------
received prefix: 10.0.0.16
start time: 1741015473489
local preference: 36
end time: 1741015473491
Time: 2 ms
--------------------------------------------------
received prefix: 10.0.0.18
start time: 1741015473782
local preference: 187
end time: 1741015473784
Time: 2 ms
--------------------------------------------------
received prefix: 10.0.0.32
start time: 1741015484000
local preference: 219
end time: 1741015484000
Time: 0 ms
--------------------------------------------------
received prefix: 10.0.0.30
start time: 1741015484068
local preference: 219
end time: 1741015484069
Time: 1 ms
--------------------------------------------------
received prefix: 10.0.0.31
start time: 1741015484128
local preference: 219
end time: 1741015484128
Time: 0 ms
--------------------------------------------------
received prefix: 10.0.0.1
start time: 1741015680035
local preference: 192
end time: 1741015680044
Time: 9 ms
--------------------------------------------------
received prefix: 10.0.0.1
start time: 1741015680059
local preference: 192
end time: 1741015680060
Time: 1 ms
--------------------------------------------------
received prefix: 10.0.0.1
start time: 1741015680066
local preference: 192
end time: 1741015680067
Time: 1 ms
--------------------------------------------------
received prefix: 10.0.0.1
start time: 1741015680069
local preference: 192
end time: 1741015680070
Time: 1 ms
--------------------------------------------------
received prefix: 10.0.0.1
start time: 1741015680073
local preference: 192
end time: 1741015680073
Time: 0 ms
--------------------------------------------------
received prefix: 10.0.0.1
start time: 1741015680076
local preference: 192
end time: 1741015680076
Time: 0 ms
--------------------------------------------------
received prefix: 10.0.0.1
start time: 1741015680079
local preference: 192
end time: 1741015680080
Time: 1 ms
--------------------------------------------------
received prefix: 10.0.0.1
start time: 1741015680082
local preference: 192
end time: 1741015680083
Time: 1 ms
--------------------------------------------------
received prefix: 10.0.0.1
start time: 1741015680088
local preference: 192
end time: 1741015680090
Time: 2 ms
--------------------------------------------------
received prefix: 10.0.0.1
start time: 1741015680096
local preference: 192
end time: 1741015680097
Time: 1 ms
--------------------------------------------------
received prefix: 10.0.0.2
start time: 1741015680100
local preference: 192
end time: 1741015680101
Time: 1 ms
--------------------------------------------------
received prefix: 10.0.0.2
start time: 1741015680106
local preference: 192
end time: 1741015680107
Time: 1 ms
--------------------------------------------------
received prefix: 10.0.0.2
start time: 1741015680111
local preference: 192
end time: 1741015680111
Time: 0 ms
--------------------------------------------------
received prefix: 10.0.0.2
start time: 1741015680114
local preference: 192
end time: 1741015680114
Time: 0 ms
--------------------------------------------------
received prefix: 10.0.0.2
start time: 1741015680119
local preference: 192
end time: 1741015680120
Time: 1 ms
--------------------------------------------------
received prefix: 10.0.0.2
start time: 1741015680139
local preference: 192
end time: 1741015680140
Time: 1 ms
--------------------------------------------------
received prefix: 10.0.0.2
start time: 1741015680142
local preference: 192
end time: 1741015680143
Time: 1 ms
--------------------------------------------------
received prefix: 10.0.0.2
start time: 1741015680145
local preference: 192
end time: 1741015680146
Time: 1 ms
--------------------------------------------------
received prefix: 10.0.0.2
start time: 1741015680148
local preference: 192
end time: 1741015680149
Time: 1 ms
--------------------------------------------------
received prefix: 10.0.0.2
start time: 1741015680157
local preference: 192
end time: 1741015680158
Time: 1 ms
--------------------------------------------------
received prefix: 10.0.0.3
start time: 1741015680168
local preference: 191
end time: 1741015680170
Time: 2 ms
--------------------------------------------------
received prefix: 10.0.0.3
start time: 1741015680172
local preference: 191
end time: 1741015680173
Time: 1 ms
--------------------------------------------------
received prefix: 10.0.0.3
start time: 1741015680177
local preference: 191
end time: 1741015680178
Time: 1 ms
--------------------------------------------------
received prefix: 10.0.0.3
start time: 1741015680180
local preference: 191
end time: 1741015680183
Time: 3 ms
--------------------------------------------------
received prefix: 10.0.0.3
start time: 1741015680205
local preference: 191
end time: 1741015680206
Time: 1 ms
--------------------------------------------------
received prefix: 10.0.0.3
start time: 1741015680209
local preference: 191
end time: 1741015680209
Time: 0 ms
--------------------------------------------------
received prefix: 10.0.0.3
start time: 1741015680214
local preference: 191
end time: 1741015680215
Time: 1 ms
--------------------------------------------------
received prefix: 10.0.0.3
start time: 1741015680220
local preference: 191
end time: 1741015680221
Time: 1 ms
--------------------------------------------------
received prefix: 10.0.0.3
start time: 1741015680235
local preference: 191
end time: 1741015680236
Time: 1 ms
--------------------------------------------------
received prefix: 10.0.0.3
start time: 1741015680245
local preference: 191
end time: 1741015680246
Time: 1 ms
--------------------------------------------------
received prefix: 10.0.0.4
start time: 1741015680480
local preference: 187
end time: 1741015680481
Time: 1 ms
--------------------------------------------------
received prefix: 10.0.0.4
start time: 1741015680483
local preference: 187
end time: 1741015680484
Time: 1 ms
--------------------------------------------------
received prefix: 10.0.0.4
start time: 1741015680488
local preference: 187
end time: 1741015680489
Time: 1 ms
--------------------------------------------------
received prefix: 10.0.0.4
start time: 1741015680492
local preference: 187
end time: 1741015680493
Time: 1 ms
--------------------------------------------------
received prefix: 10.0.0.4
start time: 1741015680510
local preference: 187
end time: 1741015680511
Time: 1 ms
--------------------------------------------------
received prefix: 10.0.0.4
start time: 1741015680516
local preference: 187
end time: 1741015680517
Time: 1 ms
--------------------------------------------------
received prefix: 10.0.0.4
start time: 1741015680524
local preference: 187
end time: 1741015680525
Time: 1 ms
--------------------------------------------------
received prefix: 10.0.0.4
start time: 1741015680537
local preference: 187
end time: 1741015680538
Time: 1 ms
--------------------------------------------------
received prefix: 10.0.0.4
start time: 1741015680542
local preference: 187
end time: 1741015680543
Time: 1 ms
--------------------------------------------------
received prefix: 10.0.0.4
start time: 1741015680546
local preference: 187
end time: 1741015680547
Time: 1 ms
--------------------------------------------------
received prefix: 10.0.0.5
start time: 1741015680609
local preference: 191
end time: 1741015680610
Time: 1 ms
--------------------------------------------------
received prefix: 10.0.0.5
start time: 1741015680612
local preference: 191
end time: 1741015680613
Time: 1 ms
--------------------------------------------------
received prefix: 10.0.0.5
start time: 1741015680622
local preference: 191
end time: 1741015680623
Time: 1 ms
--------------------------------------------------
received prefix: 10.0.0.5
start time: 1741015680631
local preference: 191
end time: 1741015680632
Time: 1 ms
--------------------------------------------------
received prefix: 10.0.0.5
start time: 1741015680635
local preference: 191
end time: 1741015680636
Time: 1 ms
--------------------------------------------------
received prefix: 10.0.0.5
start time: 1741015680639
local preference: 191
end time: 1741015680641
Time: 2 ms
--------------------------------------------------
received prefix: 10.0.0.5
start time: 1741015680664
local preference: 191
end time: 1741015680665
Time: 1 ms
--------------------------------------------------
received prefix: 10.0.0.5
start time: 1741015680668
local preference: 191
end time: 1741015680669
Time: 1 ms
--------------------------------------------------
received prefix: 10.0.0.5
start time: 1741015680676
local preference: 191
end time: 1741015680678
Time: 2 ms
--------------------------------------------------
received prefix: 10.0.0.5
start time: 1741015680687
local preference: 191
end time: 1741015680687
Time: 0 ms
--------------------------------------------------
received prefix: 10.0.0.6
start time: 1741015680707
local preference: 193
end time: 1741015680708
Time: 1 ms
--------------------------------------------------
received prefix: 10.0.0.6
start time: 1741015680750
local preference: 193
end time: 1741015680752
Time: 2 ms
--------------------------------------------------
received prefix: 10.0.0.6
start time: 1741015680763
local preference: 193
end time: 1741015680764
Time: 1 ms
--------------------------------------------------
received prefix: 10.0.0.6
start time: 1741015680772
local preference: 193
end time: 1741015680772
Time: 0 ms
--------------------------------------------------
received prefix: 10.0.0.6
start time: 1741015680790
local preference: 193
end time: 1741015680791
Time: 1 ms
--------------------------------------------------
received prefix: 10.0.0.6
start time: 1741015680797
local preference: 193
end time: 1741015680797
Time: 0 ms
--------------------------------------------------
received prefix: 10.0.0.6
start time: 1741015680819
local preference: 193
end time: 1741015680821
Time: 2 ms
--------------------------------------------------
received prefix: 10.0.0.6
start time: 1741015680828
local preference: 193
end time: 1741015680829
Time: 1 ms
--------------------------------------------------
received prefix: 10.0.0.6
start time: 1741015680833
local preference: 193
end time: 1741015680834
Time: 1 ms
--------------------------------------------------
received prefix: 10.0.0.6
start time: 1741015680850
local preference: 193
end time: 1741015680850
Time: 0 ms
--------------------------------------------------
received prefix: 10.0.0.8
start time: 1741015682202
local preference: 191
end time: 1741015682203
Time: 1 ms
--------------------------------------------------
received prefix: 10.0.0.6
start time: 1741015682578
local preference: 193
end time: 1741015682579
Time: 1 ms
--------------------------------------------------
received prefix: 10.0.0.1
start time: 1741015683140
local preference: 192
end time: 1741015683141
Time: 1 ms
--------------------------------------------------
received prefix: 10.0.0.2
start time: 1741015683618
local preference: 192
end time: 1741015683619
Time: 1 ms
--------------------------------------------------
received prefix: 10.0.0.3
start time: 1741015684273
local preference: 190
end time: 1741015684274
Time: 1 ms
--------------------------------------------------
received prefix: 10.0.0.4
start time: 1741015684658
local preference: 187
end time: 1741015684659
Time: 1 ms
--------------------------------------------------
received prefix: 10.0.0.5
start time: 1741015685181
local preference: 191
end time: 1741015685182
Time: 1 ms
--------------------------------------------------
received prefix: 10.0.0.7
start time: 1741015685252
local preference: 193
end time: 1741015685253
Time: 1 ms
--------------------------------------------------
received prefix: 10.0.0.32
start time: 1741015732675
local preference: 191
end time: 1741015732677
Time: 2 ms
--------------------------------------------------
received prefix: 10.0.0.3
start time: 1741015732967
local preference: 191
end time: 1741015732968
Time: 1 ms
--------------------------------------------------
received prefix: 10.0.0.1
start time: 1741015733319
local preference: 193
end time: 1741015733320
Time: 1 ms
--------------------------------------------------
received prefix: 10.0.0.2
start time: 1741015733552
local preference: 193
end time: 1741015733552
Time: 0 ms
--------------------------------------------------
received prefix: 10.0.0.26
start time: 1741015733607
local preference: 189
end time: 1741015733608
Time: 1 ms
--------------------------------------------------
received prefix: 10.0.0.25
start time: 1741015733670
local preference: 189
end time: 1741015733671
Time: 1 ms
--------------------------------------------------
received prefix: 10.0.0.21
start time: 1741015733701
local preference: 193
end time: 1741015733702
Time: 1 ms
--------------------------------------------------
received prefix: 10.0.0.22
start time: 1741015733744
local preference: 192
end time: 1741015733744
Time: 0 ms
--------------------------------------------------
received prefix: 10.0.0.20
start time: 1741015733774
local preference: 192
end time: 1741015733774
Time: 0 ms
--------------------------------------------------
received prefix: 10.0.0.13
start time: 1741015733815
local preference: 193
end time: 1741015733816
Time: 1 ms
--------------------------------------------------
received prefix: 10.0.0.14
start time: 1741015733831
local preference: 192
end time: 1741015733832
Time: 1 ms
--------------------------------------------------
received prefix: 10.0.0.11
start time: 1741015733896
local preference: 192
end time: 1741015733897
Time: 1 ms
--------------------------------------------------
received prefix: 10.0.0.7
start time: 1741015733955
local preference: 194
end time: 1741015733956
Time: 1 ms
--------------------------------------------------
received prefix: 10.0.0.8
start time: 1741015734053
local preference: 192
end time: 1741015734053
Time: 0 ms
--------------------------------------------------
received prefix: 10.0.0.6
start time: 1741015734139
local preference: 194
end time: 1741015734140
Time: 1 ms
--------------------------------------------------
received prefix: 10.0.0.4
start time: 1741015734170
local preference: 188
end time: 1741015734171
Time: 1 ms
--------------------------------------------------
received prefix: 10.0.0.5
start time: 1741015734243
local preference: 192
end time: 1741015734244
Time: 1 ms
--------------------------------------------------
received prefix: 10.0.0.9
start time: 1741015734306
local preference: 194
end time: 1741015734307
Time: 1 ms
--------------------------------------------------
received prefix: 10.0.0.10
start time: 1741015734399
local preference: 194
end time: 1741015734400
Time: 1 ms
--------------------------------------------------
received prefix: 10.0.0.15
start time: 1741015734486
local preference: 192
end time: 1741015734486
Time: 0 ms
--------------------------------------------------
received prefix: 10.0.0.16
start time: 1741015734542
local preference: 195
end time: 1741015734543
Time: 1 ms
--------------------------------------------------
received prefix: 10.0.0.17
start time: 1741015734594
local preference: 193
end time: 1741015734596
Time: 2 ms
--------------------------------------------------
received prefix: 10.0.0.18
start time: 1741015734692
local preference: 195
end time: 1741015734693
Time: 1 ms
--------------------------------------------------
received prefix: 10.0.0.19
start time: 1741015734733
local preference: 194
end time: 1741015734734
Time: 1 ms
--------------------------------------------------
received prefix: 10.0.0.23
start time: 1741015734802
local preference: 194
end time: 1741015734803
Time: 1 ms
--------------------------------------------------
received prefix: 10.0.0.24
start time: 1741015734873
local preference: 194
end time: 1741015734874
Time: 1 ms
--------------------------------------------------
received prefix: 10.0.0.27
start time: 1741015734961
local preference: 188
end time: 1741015734962
Time: 1 ms
--------------------------------------------------
received prefix: 10.0.0.28
start time: 1741015735054
local preference: 185
end time: 1741015735055
Time: 1 ms
--------------------------------------------------
received prefix: 10.0.0.29
start time: 1741015735142
local preference: 189
end time: 1741015735142
Time: 0 ms
--------------------------------------------------
received prefix: 10.0.0.30
start time: 1741015735204
local preference: 192
end time: 1741015735204
Time: 0 ms
--------------------------------------------------
received prefix: 10.0.0.31
start time: 1741015735347
local preference: 191
end time: 1741015735348
Time: 1 ms
--------------------------------------------------
received prefix: 10.0.0.32
start time: 1741015738799
local preference: 191
end time: 1741015738800
Time: 1 ms
--------------------------------------------------
received prefix: 10.0.0.32
start time: 1741015738819
local preference: 192
end time: 1741015738820
Time: 1 ms
--------------------------------------------------
received prefix: 10.0.0.32
start time: 1741015738823
local preference: 191
end time: 1741015738824
Time: 1 ms
--------------------------------------------------
received prefix: 10.0.0.32
start time: 1741015738826
local preference: 192
end time: 1741015738827
Time: 1 ms
--------------------------------------------------
received prefix: 10.0.0.32
start time: 1741015738841
local preference: 191
end time: 1741015738842
Time: 1 ms
--------------------------------------------------
received prefix: 10.0.0.32
start time: 1741015738852
local preference: 192
end time: 1741015738853
Time: 1 ms
--------------------------------------------------
received prefix: 10.0.0.32
start time: 1741015738859
local preference: 191
end time: 1741015738860
Time: 1 ms
--------------------------------------------------
received prefix: 10.0.0.32
start time: 1741015738872
local preference: 192
end time: 1741015738873
Time: 1 ms
--------------------------------------------------
received prefix: 10.0.0.32
start time: 1741015738876
local preference: 191
end time: 1741015738877
Time: 1 ms
--------------------------------------------------
received prefix: 10.0.0.32
start time: 1741015738879
local preference: 192
end time: 1741015738880
Time: 1 ms
--------------------------------------------------
received prefix: 10.0.0.26
start time: 1741015738987
local preference: 188
end time: 1741015738988
Time: 1 ms
--------------------------------------------------
received prefix: 10.0.0.26
start time: 1741015738990
local preference: 189
end time: 1741015738992
Time: 2 ms
--------------------------------------------------
received prefix: 10.0.0.26
start time: 1741015738999
local preference: 188
end time: 1741015739001
Time: 2 ms
--------------------------------------------------
received prefix: 10.0.0.26
start time: 1741015739009
local preference: 189
end time: 1741015739010
Time: 1 ms
--------------------------------------------------
received prefix: 10.0.0.26
start time: 1741015739015
local preference: 188
end time: 1741015739016
Time: 1 ms
--------------------------------------------------
received prefix: 10.0.0.26
start time: 1741015739018
local preference: 188
end time: 1741015739019
Time: 1 ms
--------------------------------------------------
received prefix: 10.0.0.26
start time: 1741015739025
local preference: 188
end time: 1741015739026
Time: 1 ms
--------------------------------------------------
received prefix: 10.0.0.26
start time: 1741015739029
local preference: 189
end time: 1741015739030
Time: 1 ms
--------------------------------------------------
received prefix: 10.0.0.26
start time: 1741015739059
local preference: 188
end time: 1741015739060
Time: 1 ms
--------------------------------------------------
received prefix: 10.0.0.26
start time: 1741015739062
local preference: 189
end time: 1741015739063
Time: 1 ms
--------------------------------------------------
received prefix: 10.0.0.25
start time: 1741015739151
local preference: 188
end time: 1741015739152
Time: 1 ms
--------------------------------------------------
received prefix: 10.0.0.25
start time: 1741015739154
local preference: 189
end time: 1741015739155
Time: 1 ms
--------------------------------------------------
received prefix: 10.0.0.25
start time: 1741015739186
local preference: 188
end time: 1741015739187
Time: 1 ms
--------------------------------------------------
received prefix: 10.0.0.25
start time: 1741015739197
local preference: 189
end time: 1741015739199
Time: 2 ms
--------------------------------------------------
received prefix: 10.0.0.25
start time: 1741015739218
local preference: 188
end time: 1741015739219
Time: 1 ms
--------------------------------------------------
received prefix: 10.0.0.25
start time: 1741015739224
local preference: 188
end time: 1741015739225
Time: 1 ms
--------------------------------------------------
received prefix: 10.0.0.25
start time: 1741015739229
local preference: 188
end time: 1741015739230
Time: 1 ms
--------------------------------------------------
received prefix: 10.0.0.25
start time: 1741015739233
local preference: 189
end time: 1741015739233
Time: 0 ms
--------------------------------------------------
received prefix: 10.0.0.25
start time: 1741015739244
local preference: 188
end time: 1741015739245
Time: 1 ms
--------------------------------------------------
received prefix: 10.0.0.25
start time: 1741015739250
local preference: 189
end time: 1741015739250
Time: 0 ms
--------------------------------------------------
received prefix: 10.0.0.21
start time: 1741015739338
local preference: 192
end time: 1741015739340
Time: 2 ms
--------------------------------------------------
received prefix: 10.0.0.21
start time: 1741015739353
local preference: 193
end time: 1741015739355
Time: 2 ms
--------------------------------------------------
received prefix: 10.0.0.21
start time: 1741015739372
local preference: 192
end time: 1741015739372
Time: 0 ms
--------------------------------------------------
received prefix: 10.0.0.21
start time: 1741015739375
local preference: 193
end time: 1741015739376
Time: 1 ms
--------------------------------------------------
received prefix: 10.0.0.21
start time: 1741015739379
local preference: 192
end time: 1741015739380
Time: 1 ms
--------------------------------------------------
received prefix: 10.0.0.21
start time: 1741015739383
local preference: 193
end time: 1741015739384
Time: 1 ms
--------------------------------------------------
received prefix: 10.0.0.21
start time: 1741015739403
local preference: 192
end time: 1741015739403
Time: 0 ms
--------------------------------------------------
received prefix: 10.0.0.21
start time: 1741015739406
local preference: 193
end time: 1741015739406
Time: 0 ms
--------------------------------------------------
received prefix: 10.0.0.21
start time: 1741015739411
local preference: 192
end time: 1741015739413
Time: 2 ms
--------------------------------------------------
received prefix: 10.0.0.21
start time: 1741015739438
local preference: 193
end time: 1741015739438
Time: 0 ms
--------------------------------------------------
received prefix: 10.0.0.22
start time: 1741015739536
local preference: 191
end time: 1741015739537
Time: 1 ms
--------------------------------------------------
received prefix: 10.0.0.22
start time: 1741015739547
local preference: 192
end time: 1741015739548
Time: 1 ms
--------------------------------------------------
received prefix: 10.0.0.22
start time: 1741015739554
local preference: 191
end time: 1741015739555
Time: 1 ms
--------------------------------------------------
received prefix: 10.0.0.22
start time: 1741015739557
local preference: 192
end time: 1741015739558
Time: 1 ms
--------------------------------------------------
received prefix: 10.0.0.22
start time: 1741015739562
local preference: 191
end time: 1741015739563
Time: 1 ms
--------------------------------------------------
received prefix: 10.0.0.22
start time: 1741015739566
local preference: 192
end time: 1741015739567
Time: 1 ms
--------------------------------------------------
received prefix: 10.0.0.22
start time: 1741015739571
local preference: 191
end time: 1741015739572
Time: 1 ms
--------------------------------------------------
received prefix: 10.0.0.22
start time: 1741015739595
local preference: 192
end time: 1741015739596
Time: 1 ms
--------------------------------------------------
received prefix: 10.0.0.22
start time: 1741015739611
local preference: 191
end time: 1741015739613
Time: 2 ms
--------------------------------------------------
received prefix: 10.0.0.22
start time: 1741015739616
local preference: 192
end time: 1741015739617
Time: 1 ms
--------------------------------------------------
received prefix: 10.0.0.20
start time: 1741015739781
local preference: 191
end time: 1741015739781
Time: 0 ms
--------------------------------------------------
received prefix: 10.0.0.20
start time: 1741015739784
local preference: 192
end time: 1741015739785
Time: 1 ms
--------------------------------------------------
received prefix: 10.0.0.20
start time: 1741015739789
local preference: 191
end time: 1741015739789
Time: 0 ms
--------------------------------------------------
received prefix: 10.0.0.20
start time: 1741015739792
local preference: 192
end time: 1741015739792
Time: 0 ms
--------------------------------------------------
received prefix: 10.0.0.20
start time: 1741015739796
local preference: 191
end time: 1741015739797
Time: 1 ms
--------------------------------------------------
received prefix: 10.0.0.20
start time: 1741015739811
local preference: 191
end time: 1741015739812
Time: 1 ms
--------------------------------------------------
received prefix: 10.0.0.20
start time: 1741015739817
local preference: 191
end time: 1741015739817
Time: 0 ms
--------------------------------------------------
received prefix: 10.0.0.20
start time: 1741015739819
local preference: 192
end time: 1741015739821
Time: 2 ms
--------------------------------------------------
received prefix: 10.0.0.20
start time: 1741015739832
local preference: 191
end time: 1741015739833
Time: 1 ms
--------------------------------------------------
received prefix: 10.0.0.20
start time: 1741015739847
local preference: 191
end time: 1741015739849
Time: 2 ms
--------------------------------------------------
received prefix: 10.0.0.13
start time: 1741015739961
local preference: 193
end time: 1741015739962
Time: 1 ms
--------------------------------------------------
received prefix: 10.0.0.13
start time: 1741015739964
local preference: 193
end time: 1741015739965
Time: 1 ms
--------------------------------------------------
received prefix: 10.0.0.13
start time: 1741015739968
local preference: 193
end time: 1741015739968
Time: 0 ms
--------------------------------------------------
received prefix: 10.0.0.13
start time: 1741015739983
local preference: 193
end time: 1741015739983
Time: 0 ms
--------------------------------------------------
received prefix: 10.0.0.13
start time: 1741015739987
local preference: 193
end time: 1741015739987
Time: 0 ms
--------------------------------------------------
received prefix: 10.0.0.13
start time: 1741015739993
local preference: 193
end time: 1741015739994
Time: 1 ms
--------------------------------------------------
received prefix: 10.0.0.13
start time: 1741015739998
local preference: 193
end time: 1741015739999
Time: 1 ms
--------------------------------------------------
received prefix: 10.0.0.13
start time: 1741015740002
local preference: 193
end time: 1741015740006
Time: 4 ms
--------------------------------------------------
received prefix: 10.0.0.13
start time: 1741015740035
local preference: 193
end time: 1741015740036
Time: 1 ms
--------------------------------------------------
received prefix: 10.0.0.13
start time: 1741015740044
local preference: 193
end time: 1741015740045
Time: 1 ms
--------------------------------------------------
received prefix: 10.0.0.14
start time: 1741015740216
local preference: 192
end time: 1741015740217
Time: 1 ms
--------------------------------------------------
received prefix: 10.0.0.14
start time: 1741015740220
local preference: 192
end time: 1741015740221
Time: 1 ms
--------------------------------------------------
received prefix: 10.0.0.14
start time: 1741015740229
local preference: 192
end time: 1741015740230
Time: 1 ms
--------------------------------------------------
received prefix: 10.0.0.14
start time: 1741015740233
local preference: 192
end time: 1741015740234
Time: 1 ms
--------------------------------------------------
received prefix: 10.0.0.14
start time: 1741015740237
local preference: 191
end time: 1741015740238
Time: 1 ms
--------------------------------------------------
received prefix: 10.0.0.14
start time: 1741015740246
local preference: 192
end time: 1741015740247
Time: 1 ms
--------------------------------------------------
received prefix: 10.0.0.14
start time: 1741015740276
local preference: 192
end time: 1741015740277
Time: 1 ms
--------------------------------------------------
received prefix: 10.0.0.14
start time: 1741015740280
local preference: 192
end time: 1741015740281
Time: 1 ms
--------------------------------------------------
received prefix: 10.0.0.14
start time: 1741015740284
local preference: 192
end time: 1741015740285
Time: 1 ms
--------------------------------------------------
received prefix: 10.0.0.14
start time: 1741015740300
local preference: 192
end time: 1741015740301
Time: 1 ms
--------------------------------------------------
received prefix: 10.0.0.11
start time: 1741015740501
local preference: 191
end time: 1741015740502
Time: 1 ms
--------------------------------------------------
received prefix: 10.0.0.11
start time: 1741015740505
local preference: 192
end time: 1741015740506
Time: 1 ms
--------------------------------------------------
received prefix: 10.0.0.11
start time: 1741015740512
local preference: 191
end time: 1741015740513
Time: 1 ms
--------------------------------------------------
received prefix: 10.0.0.11
start time: 1741015740519
local preference: 192
end time: 1741015740520
Time: 1 ms
--------------------------------------------------
received prefix: 10.0.0.11
start time: 1741015740540
local preference: 191
end time: 1741015740542
Time: 2 ms
--------------------------------------------------
received prefix: 10.0.0.11
start time: 1741015740548
local preference: 192
end time: 1741015740548
Time: 0 ms
--------------------------------------------------
received prefix: 10.0.0.11
start time: 1741015740552
local preference: 191
end time: 1741015740554
Time: 2 ms
--------------------------------------------------
received prefix: 10.0.0.11
start time: 1741015740579
local preference: 192
end time: 1741015740580
Time: 1 ms
--------------------------------------------------
received prefix: 10.0.0.11
start time: 1741015740584
local preference: 191
end time: 1741015740585
Time: 1 ms
--------------------------------------------------
received prefix: 10.0.0.11
start time: 1741015740594
local preference: 192
end time: 1741015740596
Time: 2 ms
--------------------------------------------------
received prefix: 10.0.0.7
start time: 1741015741120
local preference: 193
end time: 1741015741121
Time: 1 ms
--------------------------------------------------
received prefix: 10.0.0.7
start time: 1741015741139
local preference: 194
end time: 1741015741140
Time: 1 ms
--------------------------------------------------
received prefix: 10.0.0.7
start time: 1741015741146
local preference: 193
end time: 1741015741147
Time: 1 ms
--------------------------------------------------
received prefix: 10.0.0.7
start time: 1741015741154
local preference: 194
end time: 1741015741155
Time: 1 ms
--------------------------------------------------
received prefix: 10.0.0.7
start time: 1741015741163
local preference: 193
end time: 1741015741164
Time: 1 ms
--------------------------------------------------
received prefix: 10.0.0.7
start time: 1741015741171
local preference: 194
end time: 1741015741172
Time: 1 ms
--------------------------------------------------
received prefix: 10.0.0.7
start time: 1741015741180
local preference: 193
end time: 1741015741181
Time: 1 ms
--------------------------------------------------
received prefix: 10.0.0.7
start time: 1741015741183
local preference: 194
end time: 1741015741184
Time: 1 ms
--------------------------------------------------
received prefix: 10.0.0.7
start time: 1741015741187
local preference: 193
end time: 1741015741187
Time: 0 ms
--------------------------------------------------
received prefix: 10.0.0.8
start time: 1741015741895
local preference: 191
end time: 1741015741896
Time: 1 ms
--------------------------------------------------
received prefix: 10.0.0.8
start time: 1741015741899
local preference: 192
end time: 1741015741899
Time: 0 ms
--------------------------------------------------
received prefix: 10.0.0.8
start time: 1741015741958
local preference: 191
end time: 1741015741959
Time: 1 ms
--------------------------------------------------
received prefix: 10.0.0.8
start time: 1741015741978
local preference: 192
end time: 1741015741979
Time: 1 ms
--------------------------------------------------
received prefix: 10.0.0.8
start time: 1741015741982
local preference: 191
end time: 1741015741983
Time: 1 ms
--------------------------------------------------
received prefix: 10.0.0.8
start time: 1741015741985
local preference: 192
end time: 1741015741986
Time: 1 ms
--------------------------------------------------
received prefix: 10.0.0.8
start time: 1741015741989
local preference: 191
end time: 1741015741990
Time: 1 ms
--------------------------------------------------
received prefix: 10.0.0.8
start time: 1741015741993
local preference: 192
end time: 1741015741994
Time: 1 ms
--------------------------------------------------
received prefix: 10.0.0.8
start time: 1741015742025
local preference: 191
end time: 1741015742026
Time: 1 ms
--------------------------------------------------
received prefix: 10.0.0.9
start time: 1741015742279
local preference: 193
end time: 1741015742280
Time: 1 ms
--------------------------------------------------
received prefix: 10.0.0.9
start time: 1741015742286
local preference: 194
end time: 1741015742287
Time: 1 ms
--------------------------------------------------
received prefix: 10.0.0.9
start time: 1741015742293
local preference: 193
end time: 1741015742295
Time: 2 ms
--------------------------------------------------
received prefix: 10.0.0.9
start time: 1741015742303
local preference: 194
end time: 1741015742304
Time: 1 ms
--------------------------------------------------
received prefix: 10.0.0.9
start time: 1741015742322
local preference: 193
end time: 1741015742322
Time: 0 ms
--------------------------------------------------
received prefix: 10.0.0.9
start time: 1741015742325
local preference: 194
end time: 1741015742325
Time: 0 ms
--------------------------------------------------
received prefix: 10.0.0.9
start time: 1741015742328
local preference: 193
end time: 1741015742329
Time: 1 ms
--------------------------------------------------
received prefix: 10.0.0.9
start time: 1741015742330
local preference: 194
end time: 1741015742331
Time: 1 ms
--------------------------------------------------
received prefix: 10.0.0.9
start time: 1741015742334
local preference: 193
end time: 1741015742334
Time: 0 ms
--------------------------------------------------
received prefix: 10.0.0.9
start time: 1741015742336
local preference: 194
end time: 1741015742337
Time: 1 ms
--------------------------------------------------
received prefix: 10.0.0.10
start time: 1741015742818
local preference: 193
end time: 1741015742818
Time: 0 ms
--------------------------------------------------
received prefix: 10.0.0.10
start time: 1741015742824
local preference: 194
end time: 1741015742825
Time: 1 ms
--------------------------------------------------
received prefix: 10.0.0.10
start time: 1741015742829
local preference: 193
end time: 1741015742830
Time: 1 ms
--------------------------------------------------
received prefix: 10.0.0.10
start time: 1741015742834
local preference: 194
end time: 1741015742835
Time: 1 ms
--------------------------------------------------
received prefix: 10.0.0.10
start time: 1741015742838
local preference: 193
end time: 1741015742839
Time: 1 ms
--------------------------------------------------
received prefix: 10.0.0.10
start time: 1741015742841
local preference: 193
end time: 1741015742843
Time: 2 ms
--------------------------------------------------
received prefix: 10.0.0.10
start time: 1741015742848
local preference: 193
end time: 1741015742849
Time: 1 ms
--------------------------------------------------
received prefix: 10.0.0.10
start time: 1741015742851
local preference: 194
end time: 1741015742852
Time: 1 ms
--------------------------------------------------
received prefix: 10.0.0.10
start time: 1741015742856
local preference: 193
end time: 1741015742857
Time: 1 ms
--------------------------------------------------
received prefix: 10.0.0.10
start time: 1741015742867
local preference: 194
end time: 1741015742868
Time: 1 ms
--------------------------------------------------
received prefix: 10.0.0.15
start time: 1741015743225
local preference: 191
end time: 1741015743227
Time: 2 ms
--------------------------------------------------
received prefix: 10.0.0.15
start time: 1741015743237
local preference: 192
end time: 1741015743239
Time: 2 ms
--------------------------------------------------
received prefix: 10.0.0.15
start time: 1741015743244
local preference: 191
end time: 1741015743245
Time: 1 ms
--------------------------------------------------
received prefix: 10.0.0.15
start time: 1741015743247
local preference: 192
end time: 1741015743248
Time: 1 ms
--------------------------------------------------
received prefix: 10.0.0.15
start time: 1741015743251
local preference: 191
end time: 1741015743252
Time: 1 ms
--------------------------------------------------
received prefix: 10.0.0.15
start time: 1741015743258
local preference: 192
end time: 1741015743259
Time: 1 ms
--------------------------------------------------
received prefix: 10.0.0.15
start time: 1741015743276
local preference: 191
end time: 1741015743277
Time: 1 ms
--------------------------------------------------
received prefix: 10.0.0.15
start time: 1741015743279
local preference: 192
end time: 1741015743280
Time: 1 ms
--------------------------------------------------
received prefix: 10.0.0.15
start time: 1741015743283
local preference: 191
end time: 1741015743284
Time: 1 ms
--------------------------------------------------
received prefix: 10.0.0.15
start time: 1741015743286
local preference: 192
end time: 1741015743287
Time: 1 ms
--------------------------------------------------
received prefix: 10.0.0.16
start time: 1741015743492
local preference: 194
end time: 1741015743493
Time: 1 ms
--------------------------------------------------
received prefix: 10.0.0.16
start time: 1741015743498
local preference: 195
end time: 1741015743499
Time: 1 ms
--------------------------------------------------
received prefix: 10.0.0.16
start time: 1741015743502
local preference: 195
end time: 1741015743503
Time: 1 ms
--------------------------------------------------
received prefix: 10.0.0.16
start time: 1741015743508
local preference: 195
end time: 1741015743511
Time: 3 ms
--------------------------------------------------
received prefix: 10.0.0.16
start time: 1741015743530
local preference: 194
end time: 1741015743531
Time: 1 ms
--------------------------------------------------
received prefix: 10.0.0.16
start time: 1741015743534
local preference: 195
end time: 1741015743535
Time: 1 ms
--------------------------------------------------
received prefix: 10.0.0.16
start time: 1741015743539
local preference: 195
end time: 1741015743540
Time: 1 ms
--------------------------------------------------
received prefix: 10.0.0.16
start time: 1741015743543
local preference: 195
end time: 1741015743543
Time: 0 ms
--------------------------------------------------
received prefix: 10.0.0.16
start time: 1741015743548
local preference: 194
end time: 1741015743551
Time: 3 ms
--------------------------------------------------
received prefix: 10.0.0.16
start time: 1741015743557
local preference: 195
end time: 1741015743558
Time: 1 ms
--------------------------------------------------
received prefix: 10.0.0.17
start time: 1741015744115
local preference: 192
end time: 1741015744116
Time: 1 ms
--------------------------------------------------
received prefix: 10.0.0.17
start time: 1741015744124
local preference: 193
end time: 1741015744126
Time: 2 ms
--------------------------------------------------
received prefix: 10.0.0.17
start time: 1741015744146
local preference: 192
end time: 1741015744148
Time: 2 ms
--------------------------------------------------
received prefix: 10.0.0.17
start time: 1741015744151
local preference: 193
end time: 1741015744152
Time: 1 ms
--------------------------------------------------
received prefix: 10.0.0.17
start time: 1741015744155
local preference: 192
end time: 1741015744156
Time: 1 ms
--------------------------------------------------
received prefix: 10.0.0.17
start time: 1741015744161
local preference: 192
end time: 1741015744161
Time: 0 ms
--------------------------------------------------
received prefix: 10.0.0.17
start time: 1741015744175
local preference: 192
end time: 1741015744175
Time: 0 ms
--------------------------------------------------
received prefix: 10.0.0.17
start time: 1741015744183
local preference: 193
end time: 1741015744184
Time: 1 ms
--------------------------------------------------
received prefix: 10.0.0.17
start time: 1741015744188
local preference: 192
end time: 1741015744190
Time: 2 ms
--------------------------------------------------
received prefix: 10.0.0.17
start time: 1741015744221
local preference: 193
end time: 1741015744222
Time: 1 ms
--------------------------------------------------
received prefix: 10.0.0.18
start time: 1741015744620
local preference: 194
end time: 1741015744621
Time: 1 ms
--------------------------------------------------
received prefix: 10.0.0.18
start time: 1741015744626
local preference: 194
end time: 1741015744627
Time: 1 ms
--------------------------------------------------
received prefix: 10.0.0.18
start time: 1741015744639
local preference: 194
end time: 1741015744640
Time: 1 ms
--------------------------------------------------
received prefix: 10.0.0.18
start time: 1741015744657
local preference: 194
end time: 1741015744658
Time: 1 ms
--------------------------------------------------
received prefix: 10.0.0.18
start time: 1741015744664
local preference: 194
end time: 1741015744665
Time: 1 ms
--------------------------------------------------
received prefix: 10.0.0.18
start time: 1741015744674
local preference: 194
end time: 1741015744675
Time: 1 ms
--------------------------------------------------
received prefix: 10.0.0.18
start time: 1741015744684
local preference: 194
end time: 1741015744685
Time: 1 ms
--------------------------------------------------
received prefix: 10.0.0.18
start time: 1741015744689
local preference: 194
end time: 1741015744690
Time: 1 ms
--------------------------------------------------
received prefix: 10.0.0.18
start time: 1741015744695
local preference: 194
end time: 1741015744696
Time: 1 ms
--------------------------------------------------
received prefix: 10.0.0.18
start time: 1741015744714
local preference: 194
end time: 1741015744715
Time: 1 ms
--------------------------------------------------
received prefix: 10.0.0.19
start time: 1741015745148
local preference: 193
end time: 1741015745149
Time: 1 ms
--------------------------------------------------
received prefix: 10.0.0.19
start time: 1741015745151
local preference: 194
end time: 1741015745152
Time: 1 ms
--------------------------------------------------
received prefix: 10.0.0.19
start time: 1741015745156
local preference: 193
end time: 1741015745157
Time: 1 ms
--------------------------------------------------
received prefix: 10.0.0.19
start time: 1741015745175
local preference: 194
end time: 1741015745179
Time: 4 ms
--------------------------------------------------
received prefix: 10.0.0.19
start time: 1741015745188
local preference: 193
end time: 1741015745191
Time: 3 ms
--------------------------------------------------
received prefix: 10.0.0.19
start time: 1741015745198
local preference: 194
end time: 1741015745199
Time: 1 ms
--------------------------------------------------
received prefix: 10.0.0.19
start time: 1741015745204
local preference: 193
end time: 1741015745205
Time: 1 ms
--------------------------------------------------
received prefix: 10.0.0.19
start time: 1741015745210
local preference: 194
end time: 1741015745211
Time: 1 ms
--------------------------------------------------
received prefix: 10.0.0.19
start time: 1741015745226
local preference: 193
end time: 1741015745227
Time: 1 ms
--------------------------------------------------
received prefix: 10.0.0.19
start time: 1741015745232
local preference: 194
end time: 1741015745233
Time: 1 ms
--------------------------------------------------
received prefix: 10.0.0.23
start time: 1741015745504
local preference: 193
end time: 1741015745505
Time: 1 ms
--------------------------------------------------
received prefix: 10.0.0.23
start time: 1741015745508
local preference: 194
end time: 1741015745509
Time: 1 ms
--------------------------------------------------
received prefix: 10.0.0.23
start time: 1741015745512
local preference: 193
end time: 1741015745513
Time: 1 ms
--------------------------------------------------
received prefix: 10.0.0.23
start time: 1741015745515
local preference: 194
end time: 1741015745516
Time: 1 ms
--------------------------------------------------
received prefix: 10.0.0.23
start time: 1741015745538
local preference: 193
end time: 1741015745539
Time: 1 ms
--------------------------------------------------
received prefix: 10.0.0.23
start time: 1741015745542
local preference: 194
end time: 1741015745543
Time: 1 ms
--------------------------------------------------
received prefix: 10.0.0.23
start time: 1741015745547
local preference: 193
end time: 1741015745548
Time: 1 ms
--------------------------------------------------
received prefix: 10.0.0.23
start time: 1741015745558
local preference: 194
end time: 1741015745559
Time: 1 ms
--------------------------------------------------
received prefix: 10.0.0.23
start time: 1741015745571
local preference: 193
end time: 1741015745572
Time: 1 ms
--------------------------------------------------
received prefix: 10.0.0.23
start time: 1741015745575
local preference: 194
end time: 1741015745576
Time: 1 ms
--------------------------------------------------
received prefix: 10.0.0.24
start time: 1741015746074
local preference: 194
end time: 1741015746075
Time: 1 ms
--------------------------------------------------
received prefix: 10.0.0.24
start time: 1741015746123
local preference: 194
end time: 1741015746124
Time: 1 ms
--------------------------------------------------
received prefix: 10.0.0.24
start time: 1741015746129
local preference: 194
end time: 1741015746130
Time: 1 ms
--------------------------------------------------
received prefix: 10.0.0.24
start time: 1741015746137
local preference: 194
end time: 1741015746138
Time: 1 ms
--------------------------------------------------
received prefix: 10.0.0.24
start time: 1741015746143
local preference: 193
end time: 1741015746144
Time: 1 ms
--------------------------------------------------
received prefix: 10.0.0.24
start time: 1741015746152
local preference: 194
end time: 1741015746153
Time: 1 ms
--------------------------------------------------
received prefix: 10.0.0.24
start time: 1741015746160
local preference: 194
end time: 1741015746161
Time: 1 ms
--------------------------------------------------
received prefix: 10.0.0.24
start time: 1741015746169
local preference: 194
end time: 1741015746170
Time: 1 ms
--------------------------------------------------
received prefix: 10.0.0.24
start time: 1741015746176
local preference: 193
end time: 1741015746177
Time: 1 ms
--------------------------------------------------
received prefix: 10.0.0.24
start time: 1741015746203
local preference: 194
end time: 1741015746206
Time: 3 ms
--------------------------------------------------
received prefix: 10.0.0.27
start time: 1741015746623
local preference: 188
end time: 1741015746625
Time: 2 ms
--------------------------------------------------
received prefix: 10.0.0.27
start time: 1741015746628
local preference: 189
end time: 1741015746628
Time: 0 ms
--------------------------------------------------
received prefix: 10.0.0.27
start time: 1741015746641
local preference: 188
end time: 1741015746642
Time: 1 ms
--------------------------------------------------
received prefix: 10.0.0.27
start time: 1741015746647
local preference: 189
end time: 1741015746648
Time: 1 ms
--------------------------------------------------
received prefix: 10.0.0.27
start time: 1741015746733
local preference: 188
end time: 1741015746736
Time: 3 ms
--------------------------------------------------
received prefix: 10.0.0.27
start time: 1741015746747
local preference: 189
end time: 1741015746748
Time: 1 ms
--------------------------------------------------
received prefix: 10.0.0.27
start time: 1741015746751
local preference: 188
end time: 1741015746751
Time: 0 ms
--------------------------------------------------
received prefix: 10.0.0.27
start time: 1741015746757
local preference: 189
end time: 1741015746758
Time: 1 ms
--------------------------------------------------
received prefix: 10.0.0.27
start time: 1741015746762
local preference: 188
end time: 1741015746763
Time: 1 ms
--------------------------------------------------
received prefix: 10.0.0.27
start time: 1741015746765
local preference: 189
end time: 1741015746766
Time: 1 ms
--------------------------------------------------
received prefix: 10.0.0.28
start time: 1741015747023
local preference: 189
end time: 1741015747025
Time: 2 ms
--------------------------------------------------
received prefix: 10.0.0.28
start time: 1741015747043
local preference: 190
end time: 1741015747044
Time: 1 ms
--------------------------------------------------
received prefix: 10.0.0.28
start time: 1741015747069
local preference: 189
end time: 1741015747070
Time: 1 ms
--------------------------------------------------
received prefix: 10.0.0.28
start time: 1741015747084
local preference: 190
end time: 1741015747087
Time: 3 ms
--------------------------------------------------
received prefix: 10.0.0.28
start time: 1741015747105
local preference: 189
end time: 1741015747105
Time: 0 ms
--------------------------------------------------
received prefix: 10.0.0.28
start time: 1741015747108
local preference: 189
end time: 1741015747109
Time: 1 ms
--------------------------------------------------
received prefix: 10.0.0.28
start time: 1741015747114
local preference: 189
end time: 1741015747115
Time: 1 ms
--------------------------------------------------
received prefix: 10.0.0.28
start time: 1741015747118
local preference: 190
end time: 1741015747119
Time: 1 ms
--------------------------------------------------
received prefix: 10.0.0.28
start time: 1741015747123
local preference: 189
end time: 1741015747123
Time: 0 ms
--------------------------------------------------
received prefix: 10.0.0.28
start time: 1741015747132
local preference: 190
end time: 1741015747134
Time: 2 ms
--------------------------------------------------
received prefix: 10.0.0.29
start time: 1741015747286
local preference: 190
end time: 1741015747287
Time: 1 ms
--------------------------------------------------
received prefix: 10.0.0.29
start time: 1741015747291
local preference: 190
end time: 1741015747292
Time: 1 ms
--------------------------------------------------
received prefix: 10.0.0.29
start time: 1741015747297
local preference: 190
end time: 1741015747298
Time: 1 ms
--------------------------------------------------
received prefix: 10.0.0.29
start time: 1741015747301
local preference: 190
end time: 1741015747301
Time: 0 ms
--------------------------------------------------
received prefix: 10.0.0.29
start time: 1741015747305
local preference: 189
end time: 1741015747306
Time: 1 ms
--------------------------------------------------
received prefix: 10.0.0.29
start time: 1741015747325
local preference: 190
end time: 1741015747327
Time: 2 ms
--------------------------------------------------
received prefix: 10.0.0.29
start time: 1741015747334
local preference: 190
end time: 1741015747335
Time: 1 ms
--------------------------------------------------
received prefix: 10.0.0.29
start time: 1741015747346
local preference: 190
end time: 1741015747347
Time: 1 ms
--------------------------------------------------
received prefix: 10.0.0.29
start time: 1741015747351
local preference: 190
end time: 1741015747352
Time: 1 ms
--------------------------------------------------
received prefix: 10.0.0.29
start time: 1741015747354
local preference: 190
end time: 1741015747355
Time: 1 ms
--------------------------------------------------
received prefix: 10.0.0.30
start time: 1741015748094
local preference: 191
end time: 1741015748095
Time: 1 ms
--------------------------------------------------
received prefix: 10.0.0.30
start time: 1741015748135
local preference: 192
end time: 1741015748136
Time: 1 ms
--------------------------------------------------
received prefix: 10.0.0.30
start time: 1741015748172
local preference: 191
end time: 1741015748173
Time: 1 ms
--------------------------------------------------
received prefix: 10.0.0.30
start time: 1741015748205
local preference: 192
end time: 1741015748207
Time: 2 ms
--------------------------------------------------
received prefix: 10.0.0.30
start time: 1741015748226
local preference: 191
end time: 1741015748227
Time: 1 ms
--------------------------------------------------
received prefix: 10.0.0.30
start time: 1741015748237
local preference: 192
end time: 1741015748238
Time: 1 ms
--------------------------------------------------
received prefix: 10.0.0.30
start time: 1741015748241
local preference: 191
end time: 1741015748242
Time: 1 ms
--------------------------------------------------
received prefix: 10.0.0.30
start time: 1741015748244
local preference: 192
end time: 1741015748245
Time: 1 ms
--------------------------------------------------
received prefix: 10.0.0.30
start time: 1741015748248
local preference: 191
end time: 1741015748249
Time: 1 ms
--------------------------------------------------
received prefix: 10.0.0.30
start time: 1741015748253
local preference: 192
end time: 1741015748254
Time: 1 ms
--------------------------------------------------
received prefix: 10.0.0.31
start time: 1741015748617
local preference: 191
end time: 1741015748618
Time: 1 ms
--------------------------------------------------
received prefix: 10.0.0.31
start time: 1741015748621
local preference: 192
end time: 1741015748622
Time: 1 ms
--------------------------------------------------
received prefix: 10.0.0.31
start time: 1741015748632
local preference: 191
end time: 1741015748633
Time: 1 ms
--------------------------------------------------
received prefix: 10.0.0.31
start time: 1741015748644
local preference: 192
end time: 1741015748645
Time: 1 ms
--------------------------------------------------
received prefix: 10.0.0.31
start time: 1741015748650
local preference: 191
end time: 1741015748651
Time: 1 ms
--------------------------------------------------
received prefix: 10.0.0.31
start time: 1741015748653
local preference: 192
end time: 1741015748654
Time: 1 ms
--------------------------------------------------
received prefix: 10.0.0.31
start time: 1741015748658
local preference: 191
end time: 1741015748659
Time: 1 ms
--------------------------------------------------
received prefix: 10.0.0.31
start time: 1741015748661
local preference: 192
end time: 1741015748662
Time: 1 ms
--------------------------------------------------
received prefix: 10.0.0.31
start time: 1741015748709
local preference: 191
end time: 1741015748710
Time: 1 ms
--------------------------------------------------
received prefix: 10.0.0.31
start time: 1741015748722
local preference: 192
end time: 1741015748723
Time: 1 ms
--------------------------------------------------
received prefix: 10.0.0.8
start time: 1741015752038
local preference: 191
end time: 1741015752039
Time: 1 ms
--------------------------------------------------
received prefix: 10.0.0.8
start time: 1741015752045
local preference: 191
end time: 1741015752047
Time: 2 ms
--------------------------------------------------
received prefix: 10.0.0.8
start time: 1741015752069
local preference: 191
end time: 1741015752072
Time: 3 ms
--------------------------------------------------
received prefix: 10.0.0.8
start time: 1741015752080
local preference: 191
end time: 1741015752081
Time: 1 ms
--------------------------------------------------
received prefix: 10.0.0.8
start time: 1741015752084
local preference: 191
end time: 1741015752085
Time: 1 ms
--------------------------------------------------
received prefix: 10.0.0.7
start time: 1741015752250
local preference: 193
end time: 1741015752251
Time: 1 ms
--------------------------------------------------
received prefix: 10.0.0.7
start time: 1741015752254
local preference: 193
end time: 1741015752255
Time: 1 ms
--------------------------------------------------
received prefix: 10.0.0.7
start time: 1741015752259
local preference: 193
end time: 1741015752260
Time: 1 ms
--------------------------------------------------
received prefix: 10.0.0.7
start time: 1741015752273
local preference: 193
end time: 1741015752274
Time: 1 ms
--------------------------------------------------
received prefix: 10.0.0.7
start time: 1741015752278
local preference: 193
end time: 1741015752278
Time: 0 ms
--------------------------------------------------
received prefix: 10.0.0.9
start time: 1741015754939
local preference: 194
end time: 1741015754940
Time: 1 ms
--------------------------------------------------
received prefix: 10.0.0.10
start time: 1741015754986
local preference: 193
end time: 1741015754987
Time: 1 ms
--------------------------------------------------
received prefix: 10.0.0.11
start time: 1741015755031
local preference: 191
end time: 1741015755031
Time: 0 ms
--------------------------------------------------
received prefix: 10.0.0.12
start time: 1741015755090
local preference: 192
end time: 1741015755090
Time: 0 ms
--------------------------------------------------
received prefix: 10.0.0.32
start time: 1741015755354
local preference: 191
end time: 1741015755355
Time: 1 ms
--------------------------------------------------
received prefix: 10.0.0.26
start time: 1741015755691
local preference: 188
end time: 1741015755692
Time: 1 ms
--------------------------------------------------
received prefix: 10.0.0.25
start time: 1741015756016
local preference: 188
end time: 1741015756017
Time: 1 ms
--------------------------------------------------
received prefix: 10.0.0.21
start time: 1741015756419
local preference: 192
end time: 1741015756419
Time: 0 ms
--------------------------------------------------
received prefix: 10.0.0.22
start time: 1741015756834
local preference: 191
end time: 1741015756835
Time: 1 ms
--------------------------------------------------
received prefix: 10.0.0.20
start time: 1741015757344
local preference: 191
end time: 1741015757346
Time: 2 ms
--------------------------------------------------
received prefix: 10.0.0.13
start time: 1741015757781
local preference: 193
end time: 1741015757782
Time: 1 ms
--------------------------------------------------
received prefix: 10.0.0.14
start time: 1741015758232
local preference: 192
end time: 1741015758232
Time: 0 ms
--------------------------------------------------
received prefix: 10.0.0.15
start time: 1741015758706
local preference: 191
end time: 1741015758707
Time: 1 ms
--------------------------------------------------
received prefix: 10.0.0.16
start time: 1741015759152
local preference: 195
end time: 1741015759153
Time: 1 ms
--------------------------------------------------
received prefix: 10.0.0.17
start time: 1741015759782
local preference: 192
end time: 1741015759782
Time: 0 ms
--------------------------------------------------
received prefix: 10.0.0.18
start time: 1741015760414
local preference: 194
end time: 1741015760415
Time: 1 ms
--------------------------------------------------
received prefix: 10.0.0.19
start time: 1741015760812
local preference: 193
end time: 1741015760813
Time: 1 ms
--------------------------------------------------
received prefix: 10.0.0.23
start time: 1741015761259
local preference: 193
end time: 1741015761260
Time: 1 ms
--------------------------------------------------
received prefix: 10.0.0.24
start time: 1741015761710
local preference: 194
end time: 1741015761711
Time: 1 ms
--------------------------------------------------
received prefix: 10.0.0.27
start time: 1741015762246
local preference: 188
end time: 1741015762248
Time: 2 ms
--------------------------------------------------
received prefix: 10.0.0.28
start time: 1741015762677
local preference: 189
end time: 1741015762679
Time: 2 ms
--------------------------------------------------
received prefix: 10.0.0.29
start time: 1741015763128
local preference: 190
end time: 1741015763129
Time: 1 ms
--------------------------------------------------
received prefix: 10.0.0.30
start time: 1741015763625
local preference: 191
end time: 1741015763626
Time: 1 ms
--------------------------------------------------
received prefix: 10.0.0.31
start time: 1741015764041
local preference: 191
end time: 1741015764041
Time: 0 ms
--------------------------------------------------
received prefix: 10.0.0.6
start time: 1741015788003
local preference: 194
end time: 1741015788004
Time: 1 ms
--------------------------------------------------
received prefix: 10.0.0.4
start time: 1741015788283
local preference: 187
end time: 1741015788284
Time: 1 ms
--------------------------------------------------
received prefix: 10.0.0.5
start time: 1741015788569
local preference: 192
end time: 1741015788570
Time: 1 ms
--------------------------------------------------
received prefix: 10.0.0.12
start time: 1741015788645
local preference: 193
end time: 1741015788646
Time: 1 ms
--------------------------------------------------
received prefix: 10.0.0.7
start time: 1741015791757
local preference: 193
end time: 1741015791759
Time: 2 ms
--------------------------------------------------
received prefix: 10.0.0.7
start time: 1741015791766
local preference: 193
end time: 1741015791767
Time: 1 ms
--------------------------------------------------
received prefix: 10.0.0.7
start time: 1741015791784
local preference: 193
end time: 1741015791786
Time: 2 ms
--------------------------------------------------
received prefix: 10.0.0.7
start time: 1741015791791
local preference: 193
end time: 1741015791794
Time: 3 ms
--------------------------------------------------
received prefix: 10.0.0.7
start time: 1741015791804
local preference: 193
end time: 1741015791805
Time: 1 ms
--------------------------------------------------
received prefix: 10.0.0.8
start time: 1741015791830
local preference: 191
end time: 1741015791831
Time: 1 ms
--------------------------------------------------
received prefix: 10.0.0.8
start time: 1741015791836
local preference: 191
end time: 1741015791837
Time: 1 ms
--------------------------------------------------
received prefix: 10.0.0.8
start time: 1741015791840
local preference: 191
end time: 1741015791841
Time: 1 ms
--------------------------------------------------
received prefix: 10.0.0.8
start time: 1741015791855
local preference: 191
end time: 1741015791856
Time: 1 ms
--------------------------------------------------
received prefix: 10.0.0.8
start time: 1741015791862
local preference: 191
end time: 1741015791863
Time: 1 ms
--------------------------------------------------
received prefix: 10.0.0.7
start time: 1741015792097
local preference: 193
end time: 1741015792098
Time: 1 ms
--------------------------------------------------
received prefix: 10.0.0.7
start time: 1741015792104
local preference: 193
end time: 1741015792104
Time: 0 ms
--------------------------------------------------
received prefix: 10.0.0.7
start time: 1741015792108
local preference: 193
end time: 1741015792108
Time: 0 ms
--------------------------------------------------
received prefix: 10.0.0.7
start time: 1741015792130
local preference: 193
end time: 1741015792131
Time: 1 ms
--------------------------------------------------
received prefix: 10.0.0.7
start time: 1741015792134
local preference: 193
end time: 1741015792135
Time: 1 ms
--------------------------------------------------
received prefix: 10.0.0.8
start time: 1741015792140
local preference: 191
end time: 1741015792141
Time: 1 ms
--------------------------------------------------
received prefix: 10.0.0.8
start time: 1741015792152
local preference: 191
end time: 1741015792153
Time: 1 ms
--------------------------------------------------
received prefix: 10.0.0.8
start time: 1741015792161
local preference: 191
end time: 1741015792163
Time: 2 ms
--------------------------------------------------
received prefix: 10.0.0.8
start time: 1741015792166
local preference: 191
end time: 1741015792167
Time: 1 ms
--------------------------------------------------
received prefix: 10.0.0.8
start time: 1741015792172
local preference: 191
end time: 1741015792173
Time: 1 ms
--------------------------------------------------
received prefix: 10.0.0.7
start time: 1741015792316
local preference: 193
end time: 1741015792317
Time: 1 ms
--------------------------------------------------
received prefix: 10.0.0.7
start time: 1741015792319
local preference: 193
end time: 1741015792321
Time: 2 ms
--------------------------------------------------
received prefix: 10.0.0.7
start time: 1741015792331
local preference: 193
end time: 1741015792332
Time: 1 ms
--------------------------------------------------
received prefix: 10.0.0.7
start time: 1741015792355
local preference: 193
end time: 1741015792355
Time: 0 ms
--------------------------------------------------
received prefix: 10.0.0.7
start time: 1741015792358
local preference: 193
end time: 1741015792359
Time: 1 ms
--------------------------------------------------
received prefix: 10.0.0.8
start time: 1741015792487
local preference: 191
end time: 1741015792488
Time: 1 ms
--------------------------------------------------
received prefix: 10.0.0.8
start time: 1741015792514
local preference: 191
end time: 1741015792517
Time: 3 ms
--------------------------------------------------
received prefix: 10.0.0.8
start time: 1741015792525
local preference: 191
end time: 1741015792526
Time: 1 ms
--------------------------------------------------
received prefix: 10.0.0.8
start time: 1741015792531
local preference: 191
end time: 1741015792531
Time: 0 ms
--------------------------------------------------
received prefix: 10.0.0.8
start time: 1741015792543
local preference: 191
end time: 1741015792544
Time: 1 ms
--------------------------------------------------
received prefix: 10.0.0.12
start time: 1741015792684
local preference: 192
end time: 1741015792685
Time: 1 ms
--------------------------------------------------
received prefix: 10.0.0.12
start time: 1741015792709
local preference: 193
end time: 1741015792710
Time: 1 ms
--------------------------------------------------
received prefix: 10.0.0.12
start time: 1741015792713
local preference: 192
end time: 1741015792714
Time: 1 ms
--------------------------------------------------
received prefix: 10.0.0.12
start time: 1741015792717
local preference: 193
end time: 1741015792718
Time: 1 ms
--------------------------------------------------
received prefix: 10.0.0.12
start time: 1741015792721
local preference: 192
end time: 1741015792722
Time: 1 ms
--------------------------------------------------
received prefix: 10.0.0.12
start time: 1741015792724
local preference: 193
end time: 1741015792725
Time: 1 ms
--------------------------------------------------
received prefix: 10.0.0.12
start time: 1741015792730
local preference: 192
end time: 1741015792732
Time: 2 ms
--------------------------------------------------
received prefix: 10.0.0.12
start time: 1741015792762
local preference: 193
end time: 1741015792763
Time: 1 ms
--------------------------------------------------
received prefix: 10.0.0.12
start time: 1741015792766
local preference: 192
end time: 1741015792767
Time: 1 ms
--------------------------------------------------
received prefix: 10.0.0.7
start time: 1741015792897
local preference: 193
end time: 1741015792898
Time: 1 ms
--------------------------------------------------
received prefix: 10.0.0.7
start time: 1741015792901
local preference: 193
end time: 1741015792901
Time: 0 ms
--------------------------------------------------
received prefix: 10.0.0.7
start time: 1741015792934
local preference: 193
end time: 1741015792935
Time: 1 ms
--------------------------------------------------
received prefix: 10.0.0.7
start time: 1741015792938
local preference: 193
end time: 1741015792939
Time: 1 ms
--------------------------------------------------
received prefix: 10.0.0.7
start time: 1741015792942
local preference: 193
end time: 1741015792942
Time: 0 ms
--------------------------------------------------
received prefix: 10.0.0.8
start time: 1741015792949
local preference: 191
end time: 1741015792950
Time: 1 ms
--------------------------------------------------
received prefix: 10.0.0.8
start time: 1741015792966
local preference: 191
end time: 1741015792966
Time: 0 ms
--------------------------------------------------
received prefix: 10.0.0.8
start time: 1741015792969
local preference: 191
end time: 1741015792970
Time: 1 ms
--------------------------------------------------
received prefix: 10.0.0.8
start time: 1741015792972
local preference: 191
end time: 1741015792973
Time: 1 ms
--------------------------------------------------
received prefix: 10.0.0.8
start time: 1741015792980
local preference: 191
end time: 1741015792982
Time: 2 ms
--------------------------------------------------
received prefix: 10.0.0.7
start time: 1741015793102
local preference: 193
end time: 1741015793104
Time: 2 ms
--------------------------------------------------
received prefix: 10.0.0.7
start time: 1741015793111
local preference: 193
end time: 1741015793112
Time: 1 ms
--------------------------------------------------
received prefix: 10.0.0.7
start time: 1741015793117
local preference: 193
end time: 1741015793118
Time: 1 ms
--------------------------------------------------
received prefix: 10.0.0.7
start time: 1741015793134
local preference: 193
end time: 1741015793135
Time: 1 ms
--------------------------------------------------
received prefix: 10.0.0.7
start time: 1741015793138
local preference: 193
end time: 1741015793138
Time: 0 ms
--------------------------------------------------
received prefix: 10.0.0.8
start time: 1741015793147
local preference: 191
end time: 1741015793148
Time: 1 ms
--------------------------------------------------
received prefix: 10.0.0.8
start time: 1741015793150
local preference: 191
end time: 1741015793152
Time: 2 ms
--------------------------------------------------
received prefix: 10.0.0.8
start time: 1741015793239
local preference: 191
end time: 1741015793240
Time: 1 ms
--------------------------------------------------
received prefix: 10.0.0.8
start time: 1741015793243
local preference: 191
end time: 1741015793243
Time: 0 ms
--------------------------------------------------
received prefix: 10.0.0.8
start time: 1741015793246
local preference: 191
end time: 1741015793248
Time: 2 ms
--------------------------------------------------
received prefix: 10.0.0.11
start time: 1741015793368
local preference: 191
end time: 1741015793369
Time: 1 ms
--------------------------------------------------
received prefix: 10.0.0.11
start time: 1741015793408
local preference: 191
end time: 1741015793409
Time: 1 ms
--------------------------------------------------
received prefix: 10.0.0.11
start time: 1741015793411
local preference: 191
end time: 1741015793412
Time: 1 ms
--------------------------------------------------
received prefix: 10.0.0.11
start time: 1741015793415
local preference: 191
end time: 1741015793416
Time: 1 ms
--------------------------------------------------
received prefix: 10.0.0.11
start time: 1741015793418
local preference: 191
end time: 1741015793419
Time: 1 ms
--------------------------------------------------
received prefix: 10.0.0.9
start time: 1741015793550
local preference: 193
end time: 1741015793551
Time: 1 ms
--------------------------------------------------
received prefix: 10.0.0.9
start time: 1741015793577
local preference: 193
end time: 1741015793578
Time: 1 ms
--------------------------------------------------
received prefix: 10.0.0.9
start time: 1741015793582
local preference: 193
end time: 1741015793584
Time: 2 ms
--------------------------------------------------
received prefix: 10.0.0.9
start time: 1741015793591
local preference: 193
end time: 1741015793592
Time: 1 ms
--------------------------------------------------
received prefix: 10.0.0.9
start time: 1741015793596
local preference: 193
end time: 1741015793597
Time: 1 ms
--------------------------------------------------
received prefix: 10.0.0.10
start time: 1741015793936
local preference: 193
end time: 1741015793937
Time: 1 ms
--------------------------------------------------
received prefix: 10.0.0.10
start time: 1741015793940
local preference: 193
end time: 1741015793940
Time: 0 ms
--------------------------------------------------
received prefix: 10.0.0.10
start time: 1741015793951
local preference: 193
end time: 1741015793952
Time: 1 ms
--------------------------------------------------
received prefix: 10.0.0.10
start time: 1741015793959
local preference: 193
end time: 1741015793961
Time: 2 ms
--------------------------------------------------
received prefix: 10.0.0.10
start time: 1741015793971
local preference: 193
end time: 1741015793971
Time: 0 ms
--------------------------------------------------
received prefix: 10.0.0.12
start time: 1741015794173
local preference: 192
end time: 1741015794174
Time: 1 ms
--------------------------------------------------
received prefix: 10.0.0.12
start time: 1741015794176
local preference: 192
end time: 1741015794178
Time: 2 ms
--------------------------------------------------
received prefix: 10.0.0.12
start time: 1741015794215
local preference: 192
end time: 1741015794217
Time: 2 ms
--------------------------------------------------
received prefix: 10.0.0.12
start time: 1741015794226
local preference: 192
end time: 1741015794227
Time: 1 ms
--------------------------------------------------
received prefix: 10.0.0.12
start time: 1741015794230
local preference: 192
end time: 1741015794231
Time: 1 ms
--------------------------------------------------
received prefix: 10.0.0.13
start time: 1741015796993
local preference: 193
end time: 1741015796994
Time: 1 ms
--------------------------------------------------
received prefix: 10.0.0.14
start time: 1741015797572
local preference: 192
end time: 1741015797573
Time: 1 ms
--------------------------------------------------
received prefix: 10.0.0.7
start time: 1741015814450
local preference: 194
end time: 1741015814451
Time: 1 ms
--------------------------------------------------
received prefix: 10.0.0.8
start time: 1741015814717
local preference: 192
end time: 1741015814718
Time: 1 ms
--------------------------------------------------
received prefix: 10.0.0.11
start time: 1741015817850
local preference: 191
end time: 1741015817851
Time: 1 ms
--------------------------------------------------
received prefix: 10.0.0.11
start time: 1741015817856
local preference: 191
end time: 1741015817858
Time: 2 ms
--------------------------------------------------
received prefix: 10.0.0.11
start time: 1741015817873
local preference: 191
end time: 1741015817874
Time: 1 ms
--------------------------------------------------
received prefix: 10.0.0.11
start time: 1741015817876
local preference: 191
end time: 1741015817876
Time: 0 ms
--------------------------------------------------
received prefix: 10.0.0.11
start time: 1741015817878
local preference: 191
end time: 1741015817879
Time: 1 ms
--------------------------------------------------
received prefix: 10.0.0.9
start time: 1741015817913
local preference: 193
end time: 1741015817913
Time: 0 ms
--------------------------------------------------
received prefix: 10.0.0.9
start time: 1741015817915
local preference: 193
end time: 1741015817916
Time: 1 ms
--------------------------------------------------
received prefix: 10.0.0.9
start time: 1741015817928
local preference: 193
end time: 1741015817930
Time: 2 ms
--------------------------------------------------
received prefix: 10.0.0.9
start time: 1741015817933
local preference: 193
end time: 1741015817934
Time: 1 ms
--------------------------------------------------
received prefix: 10.0.0.9
start time: 1741015817939
local preference: 193
end time: 1741015817941
Time: 2 ms
--------------------------------------------------
received prefix: 10.0.0.10
start time: 1741015817974
local preference: 193
end time: 1741015817975
Time: 1 ms
--------------------------------------------------
received prefix: 10.0.0.10
start time: 1741015817978
local preference: 193
end time: 1741015817979
Time: 1 ms
--------------------------------------------------
received prefix: 10.0.0.10
start time: 1741015817982
local preference: 193
end time: 1741015817983
Time: 1 ms
--------------------------------------------------
received prefix: 10.0.0.10
start time: 1741015817990
local preference: 193
end time: 1741015817991
Time: 1 ms
--------------------------------------------------
received prefix: 10.0.0.10
start time: 1741015817996
local preference: 193
end time: 1741015818003
Time: 7 ms
--------------------------------------------------
received prefix: 10.0.0.12
start time: 1741015818037
local preference: 192
end time: 1741015818038
Time: 1 ms
--------------------------------------------------
received prefix: 10.0.0.12
start time: 1741015818040
local preference: 192
end time: 1741015818041
Time: 1 ms
--------------------------------------------------
received prefix: 10.0.0.12
start time: 1741015818074
local preference: 192
end time: 1741015818076
Time: 2 ms
--------------------------------------------------
received prefix: 10.0.0.12
start time: 1741015818078
local preference: 192
end time: 1741015818079
Time: 1 ms
--------------------------------------------------
received prefix: 10.0.0.12
start time: 1741015818082
local preference: 192
end time: 1741015818083
Time: 1 ms
--------------------------------------------------
received prefix: 10.0.0.11
start time: 1741015818141
local preference: 191
end time: 1741015818142
Time: 1 ms
--------------------------------------------------
received prefix: 10.0.0.11
start time: 1741015818144
local preference: 191
end time: 1741015818145
Time: 1 ms
--------------------------------------------------
received prefix: 10.0.0.11
start time: 1741015818147
local preference: 191
end time: 1741015818148
Time: 1 ms
--------------------------------------------------
received prefix: 10.0.0.11
start time: 1741015818154
local preference: 191
end time: 1741015818154
Time: 0 ms
--------------------------------------------------
received prefix: 10.0.0.11
start time: 1741015818158
local preference: 191
end time: 1741015818159
Time: 1 ms
--------------------------------------------------
received prefix: 10.0.0.9
start time: 1741015818193
local preference: 193
end time: 1741015818194
Time: 1 ms
--------------------------------------------------
received prefix: 10.0.0.9
start time: 1741015818196
local preference: 193
end time: 1741015818197
Time: 1 ms
--------------------------------------------------
received prefix: 10.0.0.9
start time: 1741015818211
local preference: 193
end time: 1741015818212
Time: 1 ms
--------------------------------------------------
received prefix: 10.0.0.9
start time: 1741015818216
local preference: 193
end time: 1741015818217
Time: 1 ms
--------------------------------------------------
received prefix: 10.0.0.9
start time: 1741015818220
local preference: 193
end time: 1741015818220
Time: 0 ms
--------------------------------------------------
received prefix: 10.0.0.10
start time: 1741015818226
local preference: 193
end time: 1741015818228
Time: 2 ms
--------------------------------------------------
received prefix: 10.0.0.10
start time: 1741015818259
local preference: 193
end time: 1741015818260
Time: 1 ms
--------------------------------------------------
received prefix: 10.0.0.10
start time: 1741015818265
local preference: 193
end time: 1741015818266
Time: 1 ms
--------------------------------------------------
received prefix: 10.0.0.10
start time: 1741015818271
local preference: 193
end time: 1741015818271
Time: 0 ms
--------------------------------------------------
received prefix: 10.0.0.10
start time: 1741015818274
local preference: 193
end time: 1741015818275
Time: 1 ms
--------------------------------------------------
received prefix: 10.0.0.12
start time: 1741015818327
local preference: 192
end time: 1741015818328
Time: 1 ms
--------------------------------------------------
received prefix: 10.0.0.12
start time: 1741015818331
local preference: 192
end time: 1741015818332
Time: 1 ms
--------------------------------------------------
received prefix: 10.0.0.12
start time: 1741015818336
local preference: 192
end time: 1741015818337
Time: 1 ms
--------------------------------------------------
received prefix: 10.0.0.12
start time: 1741015818368
local preference: 192
end time: 1741015818369
Time: 1 ms
--------------------------------------------------
received prefix: 10.0.0.12
start time: 1741015818374
local preference: 192
end time: 1741015818375
Time: 1 ms
--------------------------------------------------
received prefix: 10.0.0.11
start time: 1741015818433
local preference: 191
end time: 1741015818434
Time: 1 ms
--------------------------------------------------
received prefix: 10.0.0.11
start time: 1741015818436
local preference: 191
end time: 1741015818437
Time: 1 ms
--------------------------------------------------
received prefix: 10.0.0.11
start time: 1741015818439
local preference: 191
end time: 1741015818440
Time: 1 ms
--------------------------------------------------
received prefix: 10.0.0.11
start time: 1741015818442
local preference: 191
end time: 1741015818443
Time: 1 ms
--------------------------------------------------
received prefix: 10.0.0.11
start time: 1741015818470
local preference: 191
end time: 1741015818470
Time: 0 ms
--------------------------------------------------
received prefix: 10.0.0.9
start time: 1741015818586
local preference: 193
end time: 1741015818587
Time: 1 ms
--------------------------------------------------
received prefix: 10.0.0.9
start time: 1741015818589
local preference: 193
end time: 1741015818591
Time: 2 ms
--------------------------------------------------
received prefix: 10.0.0.9
start time: 1741015818599
local preference: 193
end time: 1741015818602
Time: 3 ms
--------------------------------------------------
received prefix: 10.0.0.9
start time: 1741015818625
local preference: 193
end time: 1741015818626
Time: 1 ms
--------------------------------------------------
received prefix: 10.0.0.9
start time: 1741015818628
local preference: 193
end time: 1741015818630
Time: 2 ms
--------------------------------------------------
received prefix: 10.0.0.10
start time: 1741015818737
local preference: 193
end time: 1741015818738
Time: 1 ms
--------------------------------------------------
received prefix: 10.0.0.10
start time: 1741015818740
local preference: 193
end time: 1741015818741
Time: 1 ms
--------------------------------------------------
received prefix: 10.0.0.10
start time: 1741015818743
local preference: 193
end time: 1741015818744
Time: 1 ms
--------------------------------------------------
received prefix: 10.0.0.10
start time: 1741015818746
local preference: 193
end time: 1741015818747
Time: 1 ms
--------------------------------------------------
received prefix: 10.0.0.10
start time: 1741015818753
local preference: 193
end time: 1741015818758
Time: 5 ms
--------------------------------------------------
received prefix: 10.0.0.12
start time: 1741015818954
local preference: 192
end time: 1741015818957
Time: 3 ms
--------------------------------------------------
received prefix: 10.0.0.12
start time: 1741015818960
local preference: 192
end time: 1741015818961
Time: 1 ms
--------------------------------------------------
received prefix: 10.0.0.12
start time: 1741015818964
local preference: 192
end time: 1741015818965
Time: 1 ms
--------------------------------------------------
received prefix: 10.0.0.12
start time: 1741015818968
local preference: 192
end time: 1741015818969
Time: 1 ms
--------------------------------------------------
received prefix: 10.0.0.12
start time: 1741015818972
local preference: 192
end time: 1741015818973
Time: 1 ms
--------------------------------------------------
received prefix: 10.0.0.11
start time: 1741015819467
local preference: 191
end time: 1741015819469
Time: 2 ms
--------------------------------------------------
received prefix: 10.0.0.11
start time: 1741015819493
local preference: 191
end time: 1741015819497
Time: 4 ms
--------------------------------------------------
received prefix: 10.0.0.11
start time: 1741015819501
local preference: 191
end time: 1741015819502
Time: 1 ms
--------------------------------------------------
received prefix: 10.0.0.11
start time: 1741015819523
local preference: 191
end time: 1741015819523
Time: 0 ms
--------------------------------------------------
received prefix: 10.0.0.11
start time: 1741015819525
local preference: 191
end time: 1741015819526
Time: 1 ms
--------------------------------------------------
received prefix: 10.0.0.9
start time: 1741015819537
local preference: 193
end time: 1741015819539
Time: 2 ms
--------------------------------------------------
received prefix: 10.0.0.9
start time: 1741015819541
local preference: 193
end time: 1741015819542
Time: 1 ms
--------------------------------------------------
received prefix: 10.0.0.9
start time: 1741015819545
local preference: 193
end time: 1741015819546
Time: 1 ms
--------------------------------------------------
received prefix: 10.0.0.9
start time: 1741015819549
local preference: 193
end time: 1741015819550
Time: 1 ms
--------------------------------------------------
received prefix: 10.0.0.9
start time: 1741015819552
local preference: 193
end time: 1741015819553
Time: 1 ms
--------------------------------------------------
received prefix: 10.0.0.10
start time: 1741015819597
local preference: 193
end time: 1741015819599
Time: 2 ms
--------------------------------------------------
received prefix: 10.0.0.10
start time: 1741015819602
local preference: 193
end time: 1741015819603
Time: 1 ms
--------------------------------------------------
received prefix: 10.0.0.10
start time: 1741015819606
local preference: 193
end time: 1741015819606
Time: 0 ms
--------------------------------------------------
received prefix: 10.0.0.10
start time: 1741015819609
local preference: 193
end time: 1741015819610
Time: 1 ms
--------------------------------------------------
received prefix: 10.0.0.10
start time: 1741015819616
local preference: 193
end time: 1741015819617
Time: 1 ms
--------------------------------------------------
received prefix: 10.0.0.12
start time: 1741015819644
local preference: 192
end time: 1741015819645
Time: 1 ms
--------------------------------------------------
received prefix: 10.0.0.12
start time: 1741015819647
local preference: 192
end time: 1741015819648
Time: 1 ms
--------------------------------------------------
received prefix: 10.0.0.12
start time: 1741015819651
local preference: 192
end time: 1741015819652
Time: 1 ms
--------------------------------------------------
received prefix: 10.0.0.12
start time: 1741015819654
local preference: 192
end time: 1741015819655
Time: 1 ms
--------------------------------------------------
received prefix: 10.0.0.12
start time: 1741015819660
local preference: 192
end time: 1741015819662
Time: 2 ms
--------------------------------------------------
received prefix: 10.0.0.11
start time: 1741015819686
local preference: 191
end time: 1741015819687
Time: 1 ms
--------------------------------------------------
received prefix: 10.0.0.11
start time: 1741015819689
local preference: 191
end time: 1741015819689
Time: 0 ms
--------------------------------------------------
received prefix: 10.0.0.11
start time: 1741015819692
local preference: 191
end time: 1741015819696
Time: 4 ms
--------------------------------------------------
received prefix: 10.0.0.11
start time: 1741015819704
local preference: 191
end time: 1741015819705
Time: 1 ms
--------------------------------------------------
received prefix: 10.0.0.11
start time: 1741015819709
local preference: 191
end time: 1741015819710
Time: 1 ms
--------------------------------------------------
received prefix: 10.0.0.9
start time: 1741015819718
local preference: 193
end time: 1741015819719
Time: 1 ms
--------------------------------------------------
received prefix: 10.0.0.9
start time: 1741015819721
local preference: 193
end time: 1741015819722
Time: 1 ms
--------------------------------------------------
received prefix: 10.0.0.9
start time: 1741015819732
local preference: 193
end time: 1741015819732
Time: 0 ms
--------------------------------------------------
received prefix: 10.0.0.9
start time: 1741015819735
local preference: 193
end time: 1741015819737
Time: 2 ms
--------------------------------------------------
received prefix: 10.0.0.9
start time: 1741015819740
local preference: 193
end time: 1741015819741
Time: 1 ms
--------------------------------------------------
received prefix: 10.0.0.10
start time: 1741015819748
local preference: 193
end time: 1741015819749
Time: 1 ms
--------------------------------------------------
received prefix: 10.0.0.10
start time: 1741015819751
local preference: 193
end time: 1741015819752
Time: 1 ms
--------------------------------------------------
received prefix: 10.0.0.10
start time: 1741015819758
local preference: 193
end time: 1741015819759
Time: 1 ms
--------------------------------------------------
received prefix: 10.0.0.10
start time: 1741015819762
local preference: 193
end time: 1741015819762
Time: 0 ms
--------------------------------------------------
received prefix: 10.0.0.10
start time: 1741015819768
local preference: 193
end time: 1741015819769
Time: 1 ms
--------------------------------------------------
received prefix: 10.0.0.12
start time: 1741015819781
local preference: 192
end time: 1741015819782
Time: 1 ms
--------------------------------------------------
received prefix: 10.0.0.12
start time: 1741015819784
local preference: 192
end time: 1741015819785
Time: 1 ms
--------------------------------------------------
received prefix: 10.0.0.12
start time: 1741015819794
local preference: 192
end time: 1741015819797
Time: 3 ms
--------------------------------------------------
received prefix: 10.0.0.12
start time: 1741015819836
local preference: 192
end time: 1741015819838
Time: 2 ms
--------------------------------------------------
received prefix: 10.0.0.12
start time: 1741015819840
local preference: 192
end time: 1741015819841
Time: 1 ms
--------------------------------------------------
received prefix: 10.0.0.13
start time: 1741015819966
local preference: 193
end time: 1741015819967
Time: 1 ms
--------------------------------------------------
received prefix: 10.0.0.13
start time: 1741015819970
local preference: 193
end time: 1741015819971
Time: 1 ms
--------------------------------------------------
received prefix: 10.0.0.13
start time: 1741015819975
local preference: 193
end time: 1741015819976
Time: 1 ms
--------------------------------------------------
received prefix: 10.0.0.13
start time: 1741015820007
local preference: 192
end time: 1741015820008
Time: 1 ms
--------------------------------------------------
received prefix: 10.0.0.13
start time: 1741015820011
local preference: 193
end time: 1741015820012
Time: 1 ms
--------------------------------------------------
received prefix: 10.0.0.14
start time: 1741015820190
local preference: 192
end time: 1741015820191
Time: 1 ms
--------------------------------------------------
received prefix: 10.0.0.14
start time: 1741015820194
local preference: 192
end time: 1741015820195
Time: 1 ms
--------------------------------------------------
received prefix: 10.0.0.14
start time: 1741015820204
local preference: 192
end time: 1741015820205
Time: 1 ms
--------------------------------------------------
received prefix: 10.0.0.14
start time: 1741015820207
local preference: 191
end time: 1741015820208
Time: 1 ms
--------------------------------------------------
received prefix: 10.0.0.14
start time: 1741015820234
local preference: 192
end time: 1741015820235
Time: 1 ms
--------------------------------------------------
received prefix: 10.0.0.20
start time: 1741015822676
local preference: 191
end time: 1741015822677
Time: 1 ms
--------------------------------------------------
received prefix: 10.0.0.15
start time: 1741015823003
local preference: 191
end time: 1741015823004
Time: 1 ms
--------------------------------------------------
received prefix: 10.0.0.16
start time: 1741015823343
local preference: 194
end time: 1741015823344
Time: 1 ms
--------------------------------------------------
received prefix: 10.0.0.17
start time: 1741015823728
local preference: 192
end time: 1741015823729
Time: 1 ms
--------------------------------------------------
received prefix: 10.0.0.18
start time: 1741015824549
local preference: 194
end time: 1741015824550
Time: 1 ms
--------------------------------------------------
received prefix: 10.0.0.19
start time: 1741015825177
local preference: 193
end time: 1741015825178
Time: 1 ms
--------------------------------------------------
received prefix: 10.0.0.11
start time: 1741015840792
local preference: 192
end time: 1741015840793
Time: 1 ms
--------------------------------------------------
received prefix: 10.0.0.9
start time: 1741015841126
local preference: 194
end time: 1741015841127
Time: 1 ms
--------------------------------------------------
received prefix: 10.0.0.10
start time: 1741015841438
local preference: 194
end time: 1741015841439
Time: 1 ms
--------------------------------------------------
received prefix: 10.0.0.12
start time: 1741015841827
local preference: 193
end time: 1741015841827
Time: 0 ms
--------------------------------------------------
received prefix: 10.0.0.20
start time: 1741015845452
local preference: 191
end time: 1741015845453
Time: 1 ms
--------------------------------------------------
received prefix: 10.0.0.20
start time: 1741015845455
local preference: 191
end time: 1741015845456
Time: 1 ms
--------------------------------------------------
received prefix: 10.0.0.20
start time: 1741015845458
local preference: 191
end time: 1741015845458
Time: 0 ms
--------------------------------------------------
received prefix: 10.0.0.20
start time: 1741015845461
local preference: 191
end time: 1741015845462
Time: 1 ms
--------------------------------------------------
received prefix: 10.0.0.20
start time: 1741015845481
local preference: 191
end time: 1741015845483
Time: 2 ms
--------------------------------------------------
received prefix: 10.0.0.15
start time: 1741015845615
local preference: 191
end time: 1741015845616
Time: 1 ms
--------------------------------------------------
received prefix: 10.0.0.15
start time: 1741015845627
local preference: 191
end time: 1741015845631
Time: 4 ms
--------------------------------------------------
received prefix: 10.0.0.15
start time: 1741015845634
local preference: 191
end time: 1741015845635
Time: 1 ms
--------------------------------------------------
received prefix: 10.0.0.15
start time: 1741015845648
local preference: 191
end time: 1741015845649
Time: 1 ms
--------------------------------------------------
received prefix: 10.0.0.15
start time: 1741015845655
local preference: 191
end time: 1741015845656
Time: 1 ms
--------------------------------------------------
received prefix: 10.0.0.16
start time: 1741015845746
local preference: 194
end time: 1741015845747
Time: 1 ms
--------------------------------------------------
received prefix: 10.0.0.16
start time: 1741015845751
local preference: 194
end time: 1741015845752
Time: 1 ms
--------------------------------------------------
received prefix: 10.0.0.16
start time: 1741015845754
local preference: 194
end time: 1741015845755
Time: 1 ms
--------------------------------------------------
received prefix: 10.0.0.16
start time: 1741015845768
local preference: 194
end time: 1741015845768
Time: 0 ms
--------------------------------------------------
received prefix: 10.0.0.16
start time: 1741015845772
local preference: 195
end time: 1741015845773
Time: 1 ms
--------------------------------------------------
received prefix: 10.0.0.17
start time: 1741015845837
local preference: 192
end time: 1741015845838
Time: 1 ms
--------------------------------------------------
received prefix: 10.0.0.17
start time: 1741015845840
local preference: 192
end time: 1741015845840
Time: 0 ms
--------------------------------------------------
received prefix: 10.0.0.17
start time: 1741015845843
local preference: 192
end time: 1741015845843
Time: 0 ms
--------------------------------------------------
received prefix: 10.0.0.17
start time: 1741015845846
local preference: 192
end time: 1741015845846
Time: 0 ms
--------------------------------------------------
received prefix: 10.0.0.17
start time: 1741015845859
local preference: 192
end time: 1741015845860
Time: 1 ms
--------------------------------------------------
received prefix: 10.0.0.18
start time: 1741015845952
local preference: 194
end time: 1741015845953
Time: 1 ms
--------------------------------------------------
received prefix: 10.0.0.18
start time: 1741015845955
local preference: 194
end time: 1741015845956
Time: 1 ms
--------------------------------------------------
received prefix: 10.0.0.18
start time: 1741015845972
local preference: 194
end time: 1741015845972
Time: 0 ms
--------------------------------------------------
received prefix: 10.0.0.18
start time: 1741015845976
local preference: 194
end time: 1741015845977
Time: 1 ms
--------------------------------------------------
received prefix: 10.0.0.18
start time: 1741015845979
local preference: 194
end time: 1741015845980
Time: 1 ms
--------------------------------------------------
received prefix: 10.0.0.19
start time: 1741015846104
local preference: 193
end time: 1741015846105
Time: 1 ms
--------------------------------------------------
received prefix: 10.0.0.19
start time: 1741015846108
local preference: 193
end time: 1741015846109
Time: 1 ms
--------------------------------------------------
received prefix: 10.0.0.19
start time: 1741015846111
local preference: 193
end time: 1741015846111
Time: 0 ms
--------------------------------------------------
received prefix: 10.0.0.19
start time: 1741015846115
local preference: 193
end time: 1741015846115
Time: 0 ms
--------------------------------------------------
received prefix: 10.0.0.19
start time: 1741015846121
local preference: 193
end time: 1741015846121
Time: 0 ms
--------------------------------------------------
received prefix: 10.0.0.21
start time: 1741015846436
local preference: 192
end time: 1741015846438
Time: 2 ms
--------------------------------------------------
received prefix: 10.0.0.22
start time: 1741015846478
local preference: 191
end time: 1741015846479
Time: 1 ms
--------------------------------------------------
received prefix: 10.0.0.25
start time: 1741015856577
local preference: 188
end time: 1741015856578
Time: 1 ms
--------------------------------------------------
received prefix: 10.0.0.23
start time: 1741015856665
local preference: 193
end time: 1741015856666
Time: 1 ms
--------------------------------------------------
received prefix: 10.0.0.24
start time: 1741015856765
local preference: 193
end time: 1741015856766
Time: 1 ms
--------------------------------------------------
received prefix: 10.0.0.1
start time: 1741017653825
local preference: 189
end time: 1741017653839
Time: 14 ms
--------------------------------------------------
received prefix: 10.0.0.1
start time: 1741017653854
local preference: 189
end time: 1741017653854
Time: 0 ms
--------------------------------------------------
received prefix: 10.0.0.1
start time: 1741017653857
local preference: 189
end time: 1741017653857
Time: 0 ms
--------------------------------------------------
received prefix: 10.0.0.1
start time: 1741017653859
local preference: 189
end time: 1741017653860
Time: 1 ms
--------------------------------------------------
received prefix: 10.0.0.1
start time: 1741017653862
local preference: 189
end time: 1741017653862
Time: 0 ms
--------------------------------------------------
received prefix: 10.0.0.1
start time: 1741017653864
local preference: 189
end time: 1741017653869
Time: 5 ms
--------------------------------------------------
received prefix: 10.0.0.1
start time: 1741017653882
local preference: 189
end time: 1741017653883
Time: 1 ms
--------------------------------------------------
received prefix: 10.0.0.1
start time: 1741017653886
local preference: 189
end time: 1741017653888
Time: 2 ms
--------------------------------------------------
received prefix: 10.0.0.1
start time: 1741017653890
local preference: 189
end time: 1741017653891
Time: 1 ms
--------------------------------------------------
received prefix: 10.0.0.1
start time: 1741017653893
local preference: 189
end time: 1741017653893
Time: 0 ms
--------------------------------------------------
received prefix: 10.0.0.2
start time: 1741017653898
local preference: 189
end time: 1741017653898
Time: 0 ms
--------------------------------------------------
received prefix: 10.0.0.2
start time: 1741017653900
local preference: 189
end time: 1741017653901
Time: 1 ms
--------------------------------------------------
received prefix: 10.0.0.2
start time: 1741017653909
local preference: 189
end time: 1741017653910
Time: 1 ms
--------------------------------------------------
received prefix: 10.0.0.2
start time: 1741017653930
local preference: 189
end time: 1741017653933
Time: 3 ms
--------------------------------------------------
received prefix: 10.0.0.2
start time: 1741017653943
local preference: 189
end time: 1741017653944
Time: 1 ms
--------------------------------------------------
received prefix: 10.0.0.2
start time: 1741017653955
local preference: 189
end time: 1741017653955
Time: 0 ms
--------------------------------------------------
received prefix: 10.0.0.2
start time: 1741017653957
local preference: 189
end time: 1741017653958
Time: 1 ms
--------------------------------------------------
received prefix: 10.0.0.2
start time: 1741017653960
local preference: 189
end time: 1741017653961
Time: 1 ms
--------------------------------------------------
received prefix: 10.0.0.2
start time: 1741017653963
local preference: 189
end time: 1741017653964
Time: 1 ms
--------------------------------------------------
received prefix: 10.0.0.2
start time: 1741017653966
local preference: 189
end time: 1741017653966
Time: 0 ms
--------------------------------------------------
received prefix: 10.0.0.3
start time: 1741017654007
local preference: 188
end time: 1741017654010
Time: 3 ms
--------------------------------------------------
received prefix: 10.0.0.3
start time: 1741017654024
local preference: 188
end time: 1741017654025
Time: 1 ms
--------------------------------------------------
received prefix: 10.0.0.3
start time: 1741017654028
local preference: 188
end time: 1741017654028
Time: 0 ms
--------------------------------------------------
received prefix: 10.0.0.3
start time: 1741017654030
local preference: 188
end time: 1741017654031
Time: 1 ms
--------------------------------------------------
received prefix: 10.0.0.3
start time: 1741017654033
local preference: 187
end time: 1741017654033
Time: 0 ms
--------------------------------------------------
received prefix: 10.0.0.3
start time: 1741017654036
local preference: 187
end time: 1741017654039
Time: 3 ms
--------------------------------------------------
received prefix: 10.0.0.3
start time: 1741017654071
local preference: 188
end time: 1741017654075
Time: 4 ms
--------------------------------------------------
received prefix: 10.0.0.3
start time: 1741017654096
local preference: 188
end time: 1741017654097
Time: 1 ms
--------------------------------------------------
received prefix: 10.0.0.3
start time: 1741017654114
local preference: 188
end time: 1741017654116
Time: 2 ms
--------------------------------------------------
received prefix: 10.0.0.3
start time: 1741017654122
local preference: 188
end time: 1741017654123
Time: 1 ms
--------------------------------------------------
received prefix: 10.0.0.4
start time: 1741017654533
local preference: 182
end time: 1741017654534
Time: 1 ms
--------------------------------------------------
received prefix: 10.0.0.4
start time: 1741017654549
local preference: 182
end time: 1741017654553
Time: 4 ms
--------------------------------------------------
received prefix: 10.0.0.4
start time: 1741017654559
local preference: 182
end time: 1741017654560
Time: 1 ms
--------------------------------------------------
received prefix: 10.0.0.4
start time: 1741017654562
local preference: 182
end time: 1741017654562
Time: 0 ms
--------------------------------------------------
received prefix: 10.0.0.4
start time: 1741017654581
local preference: 182
end time: 1741017654582
Time: 1 ms
--------------------------------------------------
received prefix: 10.0.0.4
start time: 1741017654588
local preference: 182
end time: 1741017654589
Time: 1 ms
--------------------------------------------------
received prefix: 10.0.0.4
start time: 1741017654591
local preference: 182
end time: 1741017654592
Time: 1 ms
--------------------------------------------------
received prefix: 10.0.0.4
start time: 1741017654608
local preference: 182
end time: 1741017654612
Time: 4 ms
--------------------------------------------------
received prefix: 10.0.0.4
start time: 1741017654623
local preference: 182
end time: 1741017654623
Time: 0 ms
--------------------------------------------------
received prefix: 10.0.0.4
start time: 1741017654631
local preference: 182
end time: 1741017654632
Time: 1 ms
--------------------------------------------------
received prefix: 10.0.0.5
start time: 1741017654701
local preference: 188
end time: 1741017654701
Time: 0 ms
--------------------------------------------------
received prefix: 10.0.0.5
start time: 1741017654736
local preference: 188
end time: 1741017654740
Time: 4 ms
--------------------------------------------------
received prefix: 10.0.0.5
start time: 1741017654747
local preference: 188
end time: 1741017654748
Time: 1 ms
--------------------------------------------------
received prefix: 10.0.0.5
start time: 1741017654765
local preference: 188
end time: 1741017654766
Time: 1 ms
--------------------------------------------------
received prefix: 10.0.0.5
start time: 1741017654769
local preference: 188
end time: 1741017654773
Time: 4 ms
--------------------------------------------------
received prefix: 10.0.0.5
start time: 1741017654780
local preference: 188
end time: 1741017654783
Time: 3 ms
--------------------------------------------------
received prefix: 10.0.0.5
start time: 1741017654799
local preference: 188
end time: 1741017654800
Time: 1 ms
--------------------------------------------------
received prefix: 10.0.0.5
start time: 1741017654802
local preference: 188
end time: 1741017654804
Time: 2 ms
--------------------------------------------------
received prefix: 10.0.0.5
start time: 1741017654814
local preference: 188
end time: 1741017654815
Time: 1 ms
--------------------------------------------------
received prefix: 10.0.0.5
start time: 1741017654866
local preference: 188
end time: 1741017654867
Time: 1 ms
--------------------------------------------------
received prefix: 10.0.0.6
start time: 1741017654960
local preference: 190
end time: 1741017654961
Time: 1 ms
--------------------------------------------------
received prefix: 10.0.0.6
start time: 1741017654967
local preference: 190
end time: 1741017654973
Time: 6 ms
--------------------------------------------------
received prefix: 10.0.0.6
start time: 1741017655027
local preference: 190
end time: 1741017655027
Time: 0 ms
--------------------------------------------------
received prefix: 10.0.0.6
start time: 1741017655030
local preference: 190
end time: 1741017655032
Time: 2 ms
--------------------------------------------------
received prefix: 10.0.0.6
start time: 1741017655048
local preference: 190
end time: 1741017655049
Time: 1 ms
--------------------------------------------------
received prefix: 10.0.0.6
start time: 1741017655059
local preference: 190
end time: 1741017655060
Time: 1 ms
--------------------------------------------------
received prefix: 10.0.0.6
start time: 1741017655063
local preference: 190
end time: 1741017655064
Time: 1 ms
--------------------------------------------------
received prefix: 10.0.0.6
start time: 1741017655066
local preference: 190
end time: 1741017655067
Time: 1 ms
--------------------------------------------------
received prefix: 10.0.0.6
start time: 1741017655074
local preference: 190
end time: 1741017655077
Time: 3 ms
--------------------------------------------------
received prefix: 10.0.0.6
start time: 1741017655118
local preference: 190
end time: 1741017655118
Time: 0 ms
--------------------------------------------------
received prefix: 10.0.0.8
start time: 1741017657806
local preference: 187
end time: 1741017657807
Time: 1 ms
--------------------------------------------------
received prefix: 10.0.0.6
start time: 1741017658665
local preference: 190
end time: 1741017658666
Time: 1 ms
--------------------------------------------------
received prefix: 10.0.0.1
start time: 1741017659442
local preference: 189
end time: 1741017659443
Time: 1 ms
--------------------------------------------------
received prefix: 10.0.0.2
start time: 1741017660194
local preference: 189
end time: 1741017660195
Time: 1 ms
--------------------------------------------------
received prefix: 10.0.0.3
start time: 1741017660995
local preference: 187
end time: 1741017660996
Time: 1 ms
--------------------------------------------------
received prefix: 10.0.0.4
start time: 1741017662440
local preference: 182
end time: 1741017662441
Time: 1 ms
--------------------------------------------------
received prefix: 10.0.0.5
start time: 1741017663381
local preference: 188
end time: 1741017663382
Time: 1 ms
--------------------------------------------------
received prefix: 10.0.0.7
start time: 1741017663494
local preference: 190
end time: 1741017663495
Time: 1 ms
--------------------------------------------------
received prefix: 10.0.0.32
start time: 1741017740774
local preference: 188
end time: 1741017740774
Time: 0 ms
--------------------------------------------------
received prefix: 10.0.0.3
start time: 1741017741203
local preference: 188
end time: 1741017741207
Time: 4 ms
--------------------------------------------------
received prefix: 10.0.0.1
start time: 1741017741664
local preference: 189
end time: 1741017741664
Time: 0 ms
--------------------------------------------------
received prefix: 10.0.0.2
start time: 1741017742133
local preference: 189
end time: 1741017742134
Time: 1 ms
--------------------------------------------------
received prefix: 10.0.0.26
start time: 1741017742248
local preference: 184
end time: 1741017742249
Time: 1 ms
--------------------------------------------------
received prefix: 10.0.0.25
start time: 1741017742394
local preference: 184
end time: 1741017742397
Time: 3 ms
--------------------------------------------------
received prefix: 10.0.0.21
start time: 1741017742543
local preference: 190
end time: 1741017742546
Time: 3 ms
--------------------------------------------------
received prefix: 10.0.0.22
start time: 1741017742601
local preference: 188
end time: 1741017742601
Time: 0 ms
--------------------------------------------------
received prefix: 10.0.0.20
start time: 1741017742692
local preference: 188
end time: 1741017742693
Time: 1 ms
--------------------------------------------------
received prefix: 10.0.0.13
start time: 1741017742777
local preference: 190
end time: 1741017742778
Time: 1 ms
--------------------------------------------------
received prefix: 10.0.0.14
start time: 1741017742867
local preference: 189
end time: 1741017742869
Time: 2 ms
--------------------------------------------------
received prefix: 10.0.0.11
start time: 1741017742951
local preference: 189
end time: 1741017742952
Time: 1 ms
--------------------------------------------------
received prefix: 10.0.0.7
start time: 1741017743084
local preference: 191
end time: 1741017743085
Time: 1 ms
--------------------------------------------------
received prefix: 10.0.0.8
start time: 1741017743221
local preference: 188
end time: 1741017743224
Time: 3 ms
--------------------------------------------------
received prefix: 10.0.0.6
start time: 1741017743363
local preference: 191
end time: 1741017743364
Time: 1 ms
--------------------------------------------------
received prefix: 10.0.0.4
start time: 1741017743501
local preference: 183
end time: 1741017743501
Time: 0 ms
--------------------------------------------------
received prefix: 10.0.0.5
start time: 1741017743636
local preference: 189
end time: 1741017743641
Time: 5 ms
--------------------------------------------------
received prefix: 10.0.0.9
start time: 1741017743788
local preference: 191
end time: 1741017743788
Time: 0 ms
--------------------------------------------------
received prefix: 10.0.0.10
start time: 1741017744357
local preference: 190
end time: 1741017744357
Time: 0 ms
--------------------------------------------------
received prefix: 10.0.0.15
start time: 1741017744621
local preference: 189
end time: 1741017744622
Time: 1 ms
--------------------------------------------------
received prefix: 10.0.0.16
start time: 1741017744998
local preference: 192
end time: 1741017744999
Time: 1 ms
--------------------------------------------------
received prefix: 10.0.0.17
start time: 1741017745136
local preference: 189
end time: 1741017745137
Time: 1 ms
--------------------------------------------------
received prefix: 10.0.0.18
start time: 1741017745234
local preference: 192
end time: 1741017745234
Time: 0 ms
--------------------------------------------------
received prefix: 10.0.0.19
start time: 1741017745407
local preference: 191
end time: 1741017745409
Time: 2 ms
--------------------------------------------------
received prefix: 10.0.0.23
start time: 1741017745561
local preference: 190
end time: 1741017745561
Time: 0 ms
--------------------------------------------------
received prefix: 10.0.0.24
start time: 1741017745692
local preference: 191
end time: 1741017745693
Time: 1 ms
--------------------------------------------------
received prefix: 10.0.0.27
start time: 1741017745826
local preference: 184
end time: 1741017745827
Time: 1 ms
--------------------------------------------------
received prefix: 10.0.0.28
start time: 1741017746007
local preference: 180
end time: 1741017746008
Time: 1 ms
--------------------------------------------------
received prefix: 10.0.0.29
start time: 1741017746142
local preference: 185
end time: 1741017746142
Time: 0 ms
--------------------------------------------------
received prefix: 10.0.0.30
start time: 1741017746332
local preference: 189
end time: 1741017746333
Time: 1 ms
--------------------------------------------------
received prefix: 10.0.0.31
start time: 1741017746495
local preference: 187
end time: 1741017746496
Time: 1 ms
--------------------------------------------------
received prefix: 10.0.0.32
start time: 1741017751135
local preference: 188
end time: 1741017751136
Time: 1 ms
--------------------------------------------------
received prefix: 10.0.0.32
start time: 1741017751145
local preference: 188
end time: 1741017751146
Time: 1 ms
--------------------------------------------------
received prefix: 10.0.0.32
start time: 1741017751174
local preference: 188
end time: 1741017751176
Time: 2 ms
--------------------------------------------------
received prefix: 10.0.0.32
start time: 1741017751196
local preference: 188
end time: 1741017751196
Time: 0 ms
--------------------------------------------------
received prefix: 10.0.0.32
start time: 1741017751199
local preference: 187
end time: 1741017751200
Time: 1 ms
--------------------------------------------------
received prefix: 10.0.0.32
start time: 1741017751203
local preference: 188
end time: 1741017751203
Time: 0 ms
--------------------------------------------------
received prefix: 10.0.0.32
start time: 1741017751246
local preference: 188
end time: 1741017751247
Time: 1 ms
--------------------------------------------------
received prefix: 10.0.0.32
start time: 1741017751252
local preference: 188
end time: 1741017751253
Time: 1 ms
--------------------------------------------------
received prefix: 10.0.0.32
start time: 1741017751258
local preference: 188
end time: 1741017751259
Time: 1 ms
--------------------------------------------------
received prefix: 10.0.0.32
start time: 1741017751261
local preference: 188
end time: 1741017751262
Time: 1 ms
--------------------------------------------------
received prefix: 10.0.0.26
start time: 1741017751585
local preference: 183
end time: 1741017751586
Time: 1 ms
--------------------------------------------------
received prefix: 10.0.0.26
start time: 1741017751590
local preference: 184
end time: 1741017751591
Time: 1 ms
--------------------------------------------------
received prefix: 10.0.0.26
start time: 1741017751636
local preference: 183
end time: 1741017751637
Time: 1 ms
--------------------------------------------------
received prefix: 10.0.0.26
start time: 1741017751642
local preference: 184
end time: 1741017751642
Time: 0 ms
--------------------------------------------------
received prefix: 10.0.0.26
start time: 1741017751651
local preference: 183
end time: 1741017751652
Time: 1 ms
--------------------------------------------------
received prefix: 10.0.0.26
start time: 1741017751654
local preference: 184
end time: 1741017751655
Time: 1 ms
--------------------------------------------------
received prefix: 10.0.0.26
start time: 1741017751661
local preference: 183
end time: 1741017751662
Time: 1 ms
--------------------------------------------------
received prefix: 10.0.0.26
start time: 1741017751666
local preference: 184
end time: 1741017751668
Time: 2 ms
--------------------------------------------------
received prefix: 10.0.0.26
start time: 1741017751678
local preference: 183
end time: 1741017751679
Time: 1 ms
--------------------------------------------------
received prefix: 10.0.0.26
start time: 1741017751681
local preference: 184
end time: 1741017751682
Time: 1 ms
--------------------------------------------------
received prefix: 10.0.0.25
start time: 1741017751931
local preference: 184
end time: 1741017751932
Time: 1 ms
--------------------------------------------------
received prefix: 10.0.0.25
start time: 1741017751935
local preference: 184
end time: 1741017751935
Time: 0 ms
--------------------------------------------------
received prefix: 10.0.0.25
start time: 1741017751942
local preference: 184
end time: 1741017751943
Time: 1 ms
--------------------------------------------------
received prefix: 10.0.0.25
start time: 1741017751958
local preference: 184
end time: 1741017751960
Time: 2 ms
--------------------------------------------------
received prefix: 10.0.0.25
start time: 1741017751963
local preference: 183
end time: 1741017751964
Time: 1 ms
--------------------------------------------------
received prefix: 10.0.0.25
start time: 1741017751970
local preference: 184
end time: 1741017751975
Time: 5 ms
--------------------------------------------------
received prefix: 10.0.0.25
start time: 1741017752002
local preference: 184
end time: 1741017752003
Time: 1 ms
--------------------------------------------------
received prefix: 10.0.0.25
start time: 1741017752020
local preference: 184
end time: 1741017752021
Time: 1 ms
--------------------------------------------------
received prefix: 10.0.0.25
start time: 1741017752032
local preference: 184
end time: 1741017752033
Time: 1 ms
--------------------------------------------------
received prefix: 10.0.0.25
start time: 1741017752036
local preference: 184
end time: 1741017752037
Time: 1 ms
--------------------------------------------------
received prefix: 10.0.0.21
start time: 1741017752259
local preference: 189
end time: 1741017752261
Time: 2 ms
--------------------------------------------------
received prefix: 10.0.0.21
start time: 1741017752281
local preference: 190
end time: 1741017752282
Time: 1 ms
--------------------------------------------------
received prefix: 10.0.0.21
start time: 1741017752297
local preference: 189
end time: 1741017752298
Time: 1 ms
--------------------------------------------------
received prefix: 10.0.0.21
start time: 1741017752336
local preference: 190
end time: 1741017752343
Time: 7 ms
--------------------------------------------------
received prefix: 10.0.0.21
start time: 1741017752351
local preference: 189
end time: 1741017752352
Time: 1 ms
--------------------------------------------------
received prefix: 10.0.0.21
start time: 1741017752395
local preference: 190
end time: 1741017752395
Time: 0 ms
--------------------------------------------------
received prefix: 10.0.0.21
start time: 1741017752402
local preference: 189
end time: 1741017752403
Time: 1 ms
--------------------------------------------------
received prefix: 10.0.0.21
start time: 1741017752414
local preference: 190
end time: 1741017752415
Time: 1 ms
--------------------------------------------------
received prefix: 10.0.0.21
start time: 1741017752434
local preference: 189
end time: 1741017752435
Time: 1 ms
--------------------------------------------------
received prefix: 10.0.0.21
start time: 1741017752454
local preference: 190
end time: 1741017752455
Time: 1 ms
--------------------------------------------------
received prefix: 10.0.0.22
start time: 1741017752663
local preference: 188
end time: 1741017752664
Time: 1 ms
--------------------------------------------------
received prefix: 10.0.0.22
start time: 1741017752667
local preference: 188
end time: 1741017752667
Time: 0 ms
--------------------------------------------------
received prefix: 10.0.0.22
start time: 1741017752677
local preference: 188
end time: 1741017752680
Time: 3 ms
--------------------------------------------------
received prefix: 10.0.0.22
start time: 1741017752695
local preference: 188
end time: 1741017752696
Time: 1 ms
--------------------------------------------------
received prefix: 10.0.0.22
start time: 1741017752701
local preference: 187
end time: 1741017752702
Time: 1 ms
--------------------------------------------------
received prefix: 10.0.0.22
start time: 1741017752719
local preference: 188
end time: 1741017752720
Time: 1 ms
--------------------------------------------------
received prefix: 10.0.0.22
start time: 1741017752730
local preference: 188
end time: 1741017752731
Time: 1 ms
--------------------------------------------------
received prefix: 10.0.0.22
start time: 1741017752735
local preference: 188
end time: 1741017752736
Time: 1 ms
--------------------------------------------------
received prefix: 10.0.0.22
start time: 1741017752746
local preference: 188
end time: 1741017752747
Time: 1 ms
--------------------------------------------------
received prefix: 10.0.0.22
start time: 1741017752829
local preference: 188
end time: 1741017752832
Time: 3 ms
--------------------------------------------------
received prefix: 10.0.0.20
start time: 1741017753100
local preference: 187
end time: 1741017753101
Time: 1 ms
--------------------------------------------------
received prefix: 10.0.0.20
start time: 1741017753112
local preference: 188
end time: 1741017753114
Time: 2 ms
--------------------------------------------------
received prefix: 10.0.0.20
start time: 1741017753145
local preference: 187
end time: 1741017753147
Time: 2 ms
--------------------------------------------------
received prefix: 10.0.0.20
start time: 1741017753152
local preference: 188
end time: 1741017753153
Time: 1 ms
--------------------------------------------------
received prefix: 10.0.0.20
start time: 1741017753214
local preference: 187
end time: 1741017753215
Time: 1 ms
--------------------------------------------------
received prefix: 10.0.0.20
start time: 1741017753220
local preference: 188
end time: 1741017753223
Time: 3 ms
--------------------------------------------------
received prefix: 10.0.0.20
start time: 1741017753227
local preference: 187
end time: 1741017753228
Time: 1 ms
--------------------------------------------------
received prefix: 10.0.0.20
start time: 1741017753230
local preference: 188
end time: 1741017753231
Time: 1 ms
--------------------------------------------------
received prefix: 10.0.0.20
start time: 1741017753235
local preference: 187
end time: 1741017753235
Time: 0 ms
--------------------------------------------------
received prefix: 10.0.0.20
start time: 1741017753243
local preference: 188
end time: 1741017753245
Time: 2 ms
--------------------------------------------------
received prefix: 10.0.0.13
start time: 1741017753521
local preference: 189
end time: 1741017753522
Time: 1 ms
--------------------------------------------------
received prefix: 10.0.0.13
start time: 1741017753533
local preference: 190
end time: 1741017753534
Time: 1 ms
--------------------------------------------------
received prefix: 10.0.0.13
start time: 1741017753546
local preference: 190
end time: 1741017753547
Time: 1 ms
--------------------------------------------------
received prefix: 10.0.0.13
start time: 1741017753551
local preference: 190
end time: 1741017753552
Time: 1 ms
--------------------------------------------------
received prefix: 10.0.0.13
start time: 1741017753563
local preference: 189
end time: 1741017753563
Time: 0 ms
--------------------------------------------------
received prefix: 10.0.0.13
start time: 1741017753566
local preference: 190
end time: 1741017753567
Time: 1 ms
--------------------------------------------------
received prefix: 10.0.0.13
start time: 1741017753610
local preference: 190
end time: 1741017753611
Time: 1 ms
--------------------------------------------------
received prefix: 10.0.0.13
start time: 1741017753613
local preference: 190
end time: 1741017753614
Time: 1 ms
--------------------------------------------------
received prefix: 10.0.0.13
start time: 1741017753622
local preference: 189
end time: 1741017753623
Time: 1 ms
--------------------------------------------------
received prefix: 10.0.0.13
start time: 1741017753626
local preference: 190
end time: 1741017753627
Time: 1 ms
--------------------------------------------------
received prefix: 10.0.0.14
start time: 1741017753829
local preference: 188
end time: 1741017753830
Time: 1 ms
--------------------------------------------------
received prefix: 10.0.0.14
start time: 1741017753870
local preference: 189
end time: 1741017753872
Time: 2 ms
--------------------------------------------------
received prefix: 10.0.0.14
start time: 1741017753879
local preference: 188
end time: 1741017753879
Time: 0 ms
--------------------------------------------------
received prefix: 10.0.0.14
start time: 1741017753903
local preference: 189
end time: 1741017753903
Time: 0 ms
--------------------------------------------------
received prefix: 10.0.0.14
start time: 1741017753909
local preference: 188
end time: 1741017753913
Time: 4 ms
--------------------------------------------------
received prefix: 10.0.0.14
start time: 1741017753919
local preference: 189
end time: 1741017753920
Time: 1 ms
--------------------------------------------------
received prefix: 10.0.0.14
start time: 1741017753924
local preference: 188
end time: 1741017753925
Time: 1 ms
--------------------------------------------------
received prefix: 10.0.0.14
start time: 1741017753944
local preference: 189
end time: 1741017753946
Time: 2 ms
--------------------------------------------------
received prefix: 10.0.0.14
start time: 1741017753958
local preference: 188
end time: 1741017753959
Time: 1 ms
--------------------------------------------------
received prefix: 10.0.0.14
start time: 1741017753969
local preference: 189
end time: 1741017753971
Time: 2 ms
--------------------------------------------------
received prefix: 10.0.0.11
start time: 1741017754234
local preference: 188
end time: 1741017754235
Time: 1 ms
--------------------------------------------------
received prefix: 10.0.0.11
start time: 1741017754243
local preference: 188
end time: 1741017754243
Time: 0 ms
--------------------------------------------------
received prefix: 10.0.0.11
start time: 1741017754265
local preference: 188
end time: 1741017754265
Time: 0 ms
--------------------------------------------------
received prefix: 10.0.0.11
start time: 1741017754268
local preference: 188
end time: 1741017754268
Time: 0 ms
--------------------------------------------------
received prefix: 10.0.0.11
start time: 1741017754274
local preference: 188
end time: 1741017754278
Time: 4 ms
--------------------------------------------------
received prefix: 10.0.0.11
start time: 1741017754293
local preference: 188
end time: 1741017754294
Time: 1 ms
--------------------------------------------------
received prefix: 10.0.0.11
start time: 1741017754305
local preference: 188
end time: 1741017754309
Time: 4 ms
--------------------------------------------------
received prefix: 10.0.0.11
start time: 1741017754328
local preference: 189
end time: 1741017754329
Time: 1 ms
--------------------------------------------------
received prefix: 10.0.0.11
start time: 1741017754332
local preference: 188
end time: 1741017754333
Time: 1 ms
--------------------------------------------------
received prefix: 10.0.0.11
start time: 1741017754335
local preference: 188
end time: 1741017754336
Time: 1 ms
--------------------------------------------------
received prefix: 10.0.0.7
start time: 1741017754601
local preference: 190
end time: 1741017754603
Time: 2 ms
--------------------------------------------------
received prefix: 10.0.0.7
start time: 1741017754617
local preference: 191
end time: 1741017754618
Time: 1 ms
--------------------------------------------------
received prefix: 10.0.0.7
start time: 1741017754627
local preference: 190
end time: 1741017754629
Time: 2 ms
--------------------------------------------------
received prefix: 10.0.0.7
start time: 1741017754647
local preference: 191
end time: 1741017754651
Time: 4 ms
--------------------------------------------------
received prefix: 10.0.0.7
start time: 1741017754680
local preference: 190
end time: 1741017754684
Time: 4 ms
--------------------------------------------------
received prefix: 10.0.0.7
start time: 1741017754699
local preference: 191
end time: 1741017754700
Time: 1 ms
--------------------------------------------------
received prefix: 10.0.0.7
start time: 1741017754712
local preference: 190
end time: 1741017754712
Time: 0 ms
--------------------------------------------------
received prefix: 10.0.0.7
start time: 1741017754730
local preference: 191
end time: 1741017754731
Time: 1 ms
--------------------------------------------------
received prefix: 10.0.0.7
start time: 1741017754756
local preference: 190
end time: 1741017754758
Time: 2 ms
--------------------------------------------------
received prefix: 10.0.0.8
start time: 1741017754988
local preference: 188
end time: 1741017754989
Time: 1 ms
--------------------------------------------------
received prefix: 10.0.0.8
start time: 1741017754996
local preference: 188
end time: 1741017754997
Time: 1 ms
--------------------------------------------------
received prefix: 10.0.0.8
start time: 1741017755011
local preference: 188
end time: 1741017755014
Time: 3 ms
--------------------------------------------------
received prefix: 10.0.0.8
start time: 1741017755030
local preference: 188
end time: 1741017755032
Time: 2 ms
--------------------------------------------------
received prefix: 10.0.0.8
start time: 1741017755041
local preference: 187
end time: 1741017755042
Time: 1 ms
--------------------------------------------------
received prefix: 10.0.0.8
start time: 1741017755045
local preference: 188
end time: 1741017755045
Time: 0 ms
--------------------------------------------------
received prefix: 10.0.0.8
start time: 1741017755052
local preference: 188
end time: 1741017755054
Time: 2 ms
--------------------------------------------------
received prefix: 10.0.0.8
start time: 1741017755056
local preference: 188
end time: 1741017755057
Time: 1 ms
--------------------------------------------------
received prefix: 10.0.0.8
start time: 1741017755062
local preference: 188
end time: 1741017755062
Time: 0 ms
--------------------------------------------------
received prefix: 10.0.0.9
start time: 1741017755339
local preference: 190
end time: 1741017755340
Time: 1 ms
--------------------------------------------------
received prefix: 10.0.0.9
start time: 1741017755347
local preference: 191
end time: 1741017755350
Time: 3 ms
--------------------------------------------------
received prefix: 10.0.0.9
start time: 1741017755366
local preference: 190
end time: 1741017755367
Time: 1 ms
--------------------------------------------------
received prefix: 10.0.0.9
start time: 1741017755379
local preference: 191
end time: 1741017755382
Time: 3 ms
--------------------------------------------------
received prefix: 10.0.0.9
start time: 1741017755394
local preference: 190
end time: 1741017755395
Time: 1 ms
--------------------------------------------------
received prefix: 10.0.0.9
start time: 1741017755397
local preference: 191
end time: 1741017755398
Time: 1 ms
--------------------------------------------------
received prefix: 10.0.0.9
start time: 1741017755401
local preference: 190
end time: 1741017755402
Time: 1 ms
--------------------------------------------------
received prefix: 10.0.0.9
start time: 1741017755409
local preference: 191
end time: 1741017755412
Time: 3 ms
--------------------------------------------------
received prefix: 10.0.0.9
start time: 1741017755428
local preference: 190
end time: 1741017755429
Time: 1 ms
--------------------------------------------------
received prefix: 10.0.0.9
start time: 1741017755431
local preference: 191
end time: 1741017755432
Time: 1 ms
--------------------------------------------------
received prefix: 10.0.0.10
start time: 1741017755684
local preference: 190
end time: 1741017755685
Time: 1 ms
--------------------------------------------------
received prefix: 10.0.0.10
start time: 1741017755690
local preference: 190
end time: 1741017755692
Time: 2 ms
--------------------------------------------------
received prefix: 10.0.0.10
start time: 1741017755727
local preference: 190
end time: 1741017755727
Time: 0 ms
--------------------------------------------------
received prefix: 10.0.0.10
start time: 1741017755730
local preference: 190
end time: 1741017755730
Time: 0 ms
--------------------------------------------------
received prefix: 10.0.0.10
start time: 1741017755734
local preference: 189
end time: 1741017755734
Time: 0 ms
--------------------------------------------------
received prefix: 10.0.0.10
start time: 1741017755739
local preference: 190
end time: 1741017755743
Time: 4 ms
--------------------------------------------------
received prefix: 10.0.0.10
start time: 1741017755760
local preference: 190
end time: 1741017755761
Time: 1 ms
--------------------------------------------------
received prefix: 10.0.0.10
start time: 1741017755763
local preference: 190
end time: 1741017755764
Time: 1 ms
--------------------------------------------------
received prefix: 10.0.0.10
start time: 1741017755772
local preference: 190
end time: 1741017755775
Time: 3 ms
--------------------------------------------------
received prefix: 10.0.0.10
start time: 1741017755783
local preference: 190
end time: 1741017755785
Time: 2 ms
--------------------------------------------------
received prefix: 10.0.0.15
start time: 1741017756010
local preference: 188
end time: 1741017756011
Time: 1 ms
--------------------------------------------------
received prefix: 10.0.0.15
start time: 1741017756016
local preference: 189
end time: 1741017756017
Time: 1 ms
--------------------------------------------------
received prefix: 10.0.0.15
start time: 1741017756031
local preference: 188
end time: 1741017756032
Time: 1 ms
--------------------------------------------------
received prefix: 10.0.0.15
start time: 1741017756037
local preference: 189
end time: 1741017756040
Time: 3 ms
--------------------------------------------------
received prefix: 10.0.0.15
start time: 1741017756054
local preference: 188
end time: 1741017756055
Time: 1 ms
--------------------------------------------------
received prefix: 10.0.0.15
start time: 1741017756067
local preference: 188
end time: 1741017756068
Time: 1 ms
--------------------------------------------------
received prefix: 10.0.0.15
start time: 1741017756076
local preference: 188
end time: 1741017756080
Time: 4 ms
--------------------------------------------------
received prefix: 10.0.0.15
start time: 1741017756097
local preference: 189
end time: 1741017756098
Time: 1 ms
--------------------------------------------------
received prefix: 10.0.0.15
start time: 1741017756103
local preference: 188
end time: 1741017756103
Time: 0 ms
--------------------------------------------------
received prefix: 10.0.0.15
start time: 1741017756111
local preference: 189
end time: 1741017756112
Time: 1 ms
--------------------------------------------------
received prefix: 10.0.0.16
start time: 1741017756287
local preference: 191
end time: 1741017756288
Time: 1 ms
--------------------------------------------------
received prefix: 10.0.0.16
start time: 1741017756310
local preference: 191
end time: 1741017756310
Time: 0 ms
--------------------------------------------------
received prefix: 10.0.0.16
start time: 1741017756319
local preference: 191
end time: 1741017756320
Time: 1 ms
--------------------------------------------------
received prefix: 10.0.0.16
start time: 1741017756339
local preference: 191
end time: 1741017756340
Time: 1 ms
--------------------------------------------------
received prefix: 10.0.0.16
start time: 1741017756366
local preference: 191
end time: 1741017756367
Time: 1 ms
--------------------------------------------------
received prefix: 10.0.0.16
start time: 1741017756374
local preference: 191
end time: 1741017756374
Time: 0 ms
--------------------------------------------------
received prefix: 10.0.0.16
start time: 1741017756392
local preference: 191
end time: 1741017756393
Time: 1 ms
--------------------------------------------------
received prefix: 10.0.0.16
start time: 1741017756395
local preference: 191
end time: 1741017756396
Time: 1 ms
--------------------------------------------------
received prefix: 10.0.0.16
start time: 1741017756401
local preference: 191
end time: 1741017756402
Time: 1 ms
--------------------------------------------------
received prefix: 10.0.0.16
start time: 1741017756407
local preference: 191
end time: 1741017756411
Time: 4 ms
--------------------------------------------------
received prefix: 10.0.0.17
start time: 1741017756677
local preference: 189
end time: 1741017756681
Time: 4 ms
--------------------------------------------------
received prefix: 10.0.0.17
start time: 1741017756688
local preference: 189
end time: 1741017756689
Time: 1 ms
--------------------------------------------------
received prefix: 10.0.0.17
start time: 1741017756696
local preference: 189
end time: 1741017756698
Time: 2 ms
--------------------------------------------------
received prefix: 10.0.0.17
start time: 1741017756721
local preference: 189
end time: 1741017756721
Time: 0 ms
--------------------------------------------------
received prefix: 10.0.0.17
start time: 1741017756727
local preference: 188
end time: 1741017756728
Time: 1 ms
--------------------------------------------------
received prefix: 10.0.0.17
start time: 1741017756730
local preference: 189
end time: 1741017756731
Time: 1 ms
--------------------------------------------------
received prefix: 10.0.0.17
start time: 1741017756734
local preference: 189
end time: 1741017756735
Time: 1 ms
--------------------------------------------------
received prefix: 10.0.0.17
start time: 1741017756740
local preference: 189
end time: 1741017756741
Time: 1 ms
--------------------------------------------------
received prefix: 10.0.0.17
start time: 1741017756852
local preference: 189
end time: 1741017756853
Time: 1 ms
--------------------------------------------------
received prefix: 10.0.0.17
start time: 1741017756855
local preference: 189
end time: 1741017756856
Time: 1 ms
--------------------------------------------------
received prefix: 10.0.0.18
start time: 1741017757016
local preference: 191
end time: 1741017757018
Time: 2 ms
--------------------------------------------------
received prefix: 10.0.0.18
start time: 1741017757027
local preference: 191
end time: 1741017757028
Time: 1 ms
--------------------------------------------------
received prefix: 10.0.0.18
start time: 1741017757033
local preference: 191
end time: 1741017757034
Time: 1 ms
--------------------------------------------------
received prefix: 10.0.0.18
start time: 1741017757053
local preference: 191
end time: 1741017757054
Time: 1 ms
--------------------------------------------------
received prefix: 10.0.0.18
start time: 1741017757064
local preference: 191
end time: 1741017757065
Time: 1 ms
--------------------------------------------------
received prefix: 10.0.0.18
start time: 1741017757082
local preference: 191
end time: 1741017757084
Time: 2 ms
--------------------------------------------------
received prefix: 10.0.0.18
start time: 1741017757093
local preference: 191
end time: 1741017757093
Time: 0 ms
--------------------------------------------------
received prefix: 10.0.0.18
start time: 1741017757097
local preference: 192
end time: 1741017757098
Time: 1 ms
--------------------------------------------------
received prefix: 10.0.0.18
start time: 1741017757126
local preference: 191
end time: 1741017757127
Time: 1 ms
--------------------------------------------------
received prefix: 10.0.0.18
start time: 1741017757129
local preference: 191
end time: 1741017757129
Time: 0 ms
--------------------------------------------------
received prefix: 10.0.0.19
start time: 1741017757315
local preference: 190
end time: 1741017757317
Time: 2 ms
--------------------------------------------------
received prefix: 10.0.0.19
start time: 1741017757332
local preference: 191
end time: 1741017757332
Time: 0 ms
--------------------------------------------------
received prefix: 10.0.0.19
start time: 1741017757341
local preference: 190
end time: 1741017757342
Time: 1 ms
--------------------------------------------------
received prefix: 10.0.0.19
start time: 1741017757345
local preference: 191
end time: 1741017757346
Time: 1 ms
--------------------------------------------------
received prefix: 10.0.0.19
start time: 1741017757365
local preference: 190
end time: 1741017757365
Time: 0 ms
--------------------------------------------------
received prefix: 10.0.0.19
start time: 1741017757369
local preference: 191
end time: 1741017757372
Time: 3 ms
--------------------------------------------------
received prefix: 10.0.0.19
start time: 1741017757404
local preference: 190
end time: 1741017757405
Time: 1 ms
--------------------------------------------------
received prefix: 10.0.0.19
start time: 1741017757416
local preference: 191
end time: 1741017757417
Time: 1 ms
--------------------------------------------------
received prefix: 10.0.0.19
start time: 1741017757426
local preference: 190
end time: 1741017757428
Time: 2 ms
--------------------------------------------------
received prefix: 10.0.0.19
start time: 1741017757430
local preference: 191
end time: 1741017757431
Time: 1 ms
--------------------------------------------------
received prefix: 10.0.0.23
start time: 1741017757541
local preference: 190
end time: 1741017757542
Time: 1 ms
--------------------------------------------------
received prefix: 10.0.0.23
start time: 1741017757574
local preference: 190
end time: 1741017757578
Time: 4 ms
--------------------------------------------------
received prefix: 10.0.0.23
start time: 1741017757584
local preference: 190
end time: 1741017757586
Time: 2 ms
--------------------------------------------------
received prefix: 10.0.0.23
start time: 1741017757596
local preference: 190
end time: 1741017757597
Time: 1 ms
--------------------------------------------------
received prefix: 10.0.0.23
start time: 1741017757600
local preference: 189
end time: 1741017757601
Time: 1 ms
--------------------------------------------------
received prefix: 10.0.0.23
start time: 1741017757603
local preference: 190
end time: 1741017757604
Time: 1 ms
--------------------------------------------------
received prefix: 10.0.0.23
start time: 1741017757613
local preference: 190
end time: 1741017757614
Time: 1 ms
--------------------------------------------------
received prefix: 10.0.0.23
start time: 1741017757629
local preference: 190
end time: 1741017757629
Time: 0 ms
--------------------------------------------------
received prefix: 10.0.0.23
start time: 1741017757633
local preference: 190
end time: 1741017757633
Time: 0 ms
--------------------------------------------------
received prefix: 10.0.0.23
start time: 1741017757635
local preference: 190
end time: 1741017757636
Time: 1 ms
--------------------------------------------------
received prefix: 10.0.0.24
start time: 1741017757844
local preference: 190
end time: 1741017757845
Time: 1 ms
--------------------------------------------------
received prefix: 10.0.0.24
start time: 1741017757852
local preference: 190
end time: 1741017757852
Time: 0 ms
--------------------------------------------------
received prefix: 10.0.0.24
start time: 1741017757856
local preference: 190
end time: 1741017757857
Time: 1 ms
--------------------------------------------------
received prefix: 10.0.0.24
start time: 1741017757861
local preference: 190
end time: 1741017757864
Time: 3 ms
--------------------------------------------------
received prefix: 10.0.0.24
start time: 1741017757876
local preference: 190
end time: 1741017757877
Time: 1 ms
--------------------------------------------------
received prefix: 10.0.0.24
start time: 1741017757899
local preference: 190
end time: 1741017757903
Time: 4 ms
--------------------------------------------------
received prefix: 10.0.0.24
start time: 1741017757961
local preference: 190
end time: 1741017757962
Time: 1 ms
--------------------------------------------------
received prefix: 10.0.0.24
start time: 1741017757964
local preference: 190
end time: 1741017757965
Time: 1 ms
--------------------------------------------------
received prefix: 10.0.0.24
start time: 1741017757969
local preference: 190
end time: 1741017757970
Time: 1 ms
--------------------------------------------------
received prefix: 10.0.0.24
start time: 1741017757978
local preference: 190
end time: 1741017757979
Time: 1 ms
--------------------------------------------------
received prefix: 10.0.0.27
start time: 1741017758225
local preference: 184
end time: 1741017758226
Time: 1 ms
--------------------------------------------------
received prefix: 10.0.0.27
start time: 1741017758228
local preference: 184
end time: 1741017758229
Time: 1 ms
--------------------------------------------------
received prefix: 10.0.0.27
start time: 1741017758232
local preference: 184
end time: 1741017758232
Time: 0 ms
--------------------------------------------------
received prefix: 10.0.0.27
start time: 1741017758255
local preference: 184
end time: 1741017758256
Time: 1 ms
--------------------------------------------------
received prefix: 10.0.0.27
start time: 1741017758286
local preference: 183
end time: 1741017758286
Time: 0 ms
--------------------------------------------------
received prefix: 10.0.0.27
start time: 1741017758293
local preference: 184
end time: 1741017758295
Time: 2 ms
--------------------------------------------------
received prefix: 10.0.0.27
start time: 1741017758301
local preference: 184
end time: 1741017758302
Time: 1 ms
--------------------------------------------------
received prefix: 10.0.0.27
start time: 1741017758323
local preference: 184
end time: 1741017758324
Time: 1 ms
--------------------------------------------------
received prefix: 10.0.0.27
start time: 1741017758328
local preference: 184
end time: 1741017758329
Time: 1 ms
--------------------------------------------------
received prefix: 10.0.0.27
start time: 1741017758331
local preference: 184
end time: 1741017758332
Time: 1 ms
--------------------------------------------------
received prefix: 10.0.0.28
start time: 1741017758565
local preference: 185
end time: 1741017758566
Time: 1 ms
--------------------------------------------------
received prefix: 10.0.0.28
start time: 1741017758588
local preference: 185
end time: 1741017758588
Time: 0 ms
--------------------------------------------------
received prefix: 10.0.0.28
start time: 1741017758597
local preference: 185
end time: 1741017758598
Time: 1 ms
--------------------------------------------------
received prefix: 10.0.0.28
start time: 1741017758601
local preference: 185
end time: 1741017758602
Time: 1 ms
--------------------------------------------------
received prefix: 10.0.0.28
start time: 1741017758607
local preference: 184
end time: 1741017758610
Time: 3 ms
--------------------------------------------------
received prefix: 10.0.0.28
start time: 1741017758620
local preference: 185
end time: 1741017758622
Time: 2 ms
--------------------------------------------------
received prefix: 10.0.0.28
start time: 1741017758627
local preference: 185
end time: 1741017758628
Time: 1 ms
--------------------------------------------------
received prefix: 10.0.0.28
start time: 1741017758641
local preference: 185
end time: 1741017758641
Time: 0 ms
--------------------------------------------------
received prefix: 10.0.0.28
start time: 1741017758645
local preference: 185
end time: 1741017758645
Time: 0 ms
--------------------------------------------------
received prefix: 10.0.0.28
start time: 1741017758653
local preference: 185
end time: 1741017758654
Time: 1 ms
--------------------------------------------------
received prefix: 10.0.0.29
start time: 1741017758850
local preference: 186
end time: 1741017758852
Time: 2 ms
--------------------------------------------------
received prefix: 10.0.0.29
start time: 1741017758855
local preference: 187
end time: 1741017758856
Time: 1 ms
--------------------------------------------------
received prefix: 10.0.0.29
start time: 1741017758899
local preference: 186
end time: 1741017758899
Time: 0 ms
--------------------------------------------------
received prefix: 10.0.0.29
start time: 1741017758914
local preference: 187
end time: 1741017758918
Time: 4 ms
--------------------------------------------------
received prefix: 10.0.0.29
start time: 1741017758932
local preference: 186
end time: 1741017758932
Time: 0 ms
--------------------------------------------------
received prefix: 10.0.0.29
start time: 1741017758934
local preference: 186
end time: 1741017758935
Time: 1 ms
--------------------------------------------------
received prefix: 10.0.0.29
start time: 1741017758942
local preference: 186
end time: 1741017758945
Time: 3 ms
--------------------------------------------------
received prefix: 10.0.0.29
start time: 1741017758948
local preference: 187
end time: 1741017758948
Time: 0 ms
--------------------------------------------------
received prefix: 10.0.0.29
start time: 1741017758956
local preference: 186
end time: 1741017758957
Time: 1 ms
--------------------------------------------------
received prefix: 10.0.0.29
start time: 1741017758960
local preference: 187
end time: 1741017758961
Time: 1 ms
--------------------------------------------------
received prefix: 10.0.0.30
start time: 1741017759178
local preference: 188
end time: 1741017759179
Time: 1 ms
--------------------------------------------------
received prefix: 10.0.0.30
start time: 1741017759184
local preference: 188
end time: 1741017759188
Time: 4 ms
--------------------------------------------------
received prefix: 10.0.0.30
start time: 1741017759196
local preference: 188
end time: 1741017759197
Time: 1 ms
--------------------------------------------------
received prefix: 10.0.0.30
start time: 1741017759199
local preference: 188
end time: 1741017759199
Time: 0 ms
--------------------------------------------------
received prefix: 10.0.0.30
start time: 1741017759203
local preference: 187
end time: 1741017759207
Time: 4 ms
--------------------------------------------------
received prefix: 10.0.0.30
start time: 1741017759212
local preference: 188
end time: 1741017759215
Time: 3 ms
--------------------------------------------------
received prefix: 10.0.0.30
start time: 1741017759268
local preference: 188
end time: 1741017759269
Time: 1 ms
--------------------------------------------------
received prefix: 10.0.0.30
start time: 1741017759274
local preference: 188
end time: 1741017759275
Time: 1 ms
--------------------------------------------------
received prefix: 10.0.0.30
start time: 1741017759278
local preference: 188
end time: 1741017759279
Time: 1 ms
--------------------------------------------------
received prefix: 10.0.0.30
start time: 1741017759286
local preference: 188
end time: 1741017759287
Time: 1 ms
--------------------------------------------------
received prefix: 10.0.0.31
start time: 1741017759589
local preference: 188
end time: 1741017759590
Time: 1 ms
--------------------------------------------------
received prefix: 10.0.0.31
start time: 1741017759605
local preference: 188
end time: 1741017759606
Time: 1 ms
--------------------------------------------------
received prefix: 10.0.0.31
start time: 1741017759614
local preference: 188
end time: 1741017759615
Time: 1 ms
--------------------------------------------------
received prefix: 10.0.0.31
start time: 1741017759621
local preference: 188
end time: 1741017759623
Time: 2 ms
--------------------------------------------------
received prefix: 10.0.0.31
start time: 1741017759632
local preference: 187
end time: 1741017759633
Time: 1 ms
--------------------------------------------------
received prefix: 10.0.0.31
start time: 1741017759645
local preference: 188
end time: 1741017759647
Time: 2 ms
--------------------------------------------------
received prefix: 10.0.0.31
start time: 1741017759662
local preference: 188
end time: 1741017759662
Time: 0 ms
--------------------------------------------------
received prefix: 10.0.0.31
start time: 1741017759664
local preference: 188
end time: 1741017759665
Time: 1 ms
--------------------------------------------------
received prefix: 10.0.0.31
start time: 1741017759678
local preference: 188
end time: 1741017759682
Time: 4 ms
--------------------------------------------------
received prefix: 10.0.0.31
start time: 1741017759697
local preference: 188
end time: 1741017759698
Time: 1 ms
--------------------------------------------------
received prefix: 10.0.0.8
start time: 1741017764314
local preference: 188
end time: 1741017764315
Time: 1 ms
--------------------------------------------------
received prefix: 10.0.0.8
start time: 1741017764321
local preference: 188
end time: 1741017764322
Time: 1 ms
--------------------------------------------------
received prefix: 10.0.0.8
start time: 1741017764331
local preference: 187
end time: 1741017764332
Time: 1 ms
--------------------------------------------------
received prefix: 10.0.0.8
start time: 1741017764338
local preference: 187
end time: 1741017764341
Time: 3 ms
--------------------------------------------------
received prefix: 10.0.0.8
start time: 1741017764363
local preference: 188
end time: 1741017764364
Time: 1 ms
--------------------------------------------------
received prefix: 10.0.0.7
start time: 1741017764598
local preference: 190
end time: 1741017764599
Time: 1 ms
--------------------------------------------------
received prefix: 10.0.0.7
start time: 1741017764637
local preference: 190
end time: 1741017764638
Time: 1 ms
--------------------------------------------------
received prefix: 10.0.0.7
start time: 1741017764644
local preference: 190
end time: 1741017764648
Time: 4 ms
--------------------------------------------------
received prefix: 10.0.0.7
start time: 1741017764659
local preference: 190
end time: 1741017764660
Time: 1 ms
--------------------------------------------------
received prefix: 10.0.0.7
start time: 1741017764664
local preference: 190
end time: 1741017764665
Time: 1 ms
--------------------------------------------------
received prefix: 10.0.0.9
start time: 1741017769702
local preference: 190
end time: 1741017769705
Time: 3 ms
--------------------------------------------------
received prefix: 10.0.0.10
start time: 1741017769774
local preference: 190
end time: 1741017769775
Time: 1 ms
--------------------------------------------------
received prefix: 10.0.0.11
start time: 1741017769903
local preference: 188
end time: 1741017769905
Time: 2 ms
--------------------------------------------------
received prefix: 10.0.0.12
start time: 1741017770073
local preference: 189
end time: 1741017770074
Time: 1 ms
--------------------------------------------------
received prefix: 10.0.0.32
start time: 1741017770846
local preference: 188
end time: 1741017770847
Time: 1 ms
--------------------------------------------------
received prefix: 10.0.0.26
start time: 1741017771583
local preference: 183
end time: 1741017771585
Time: 2 ms
--------------------------------------------------
received prefix: 10.0.0.25
start time: 1741017772410
local preference: 184
end time: 1741017772412
Time: 2 ms
--------------------------------------------------
received prefix: 10.0.0.21
start time: 1741017773163
local preference: 189
end time: 1741017773165
Time: 2 ms
--------------------------------------------------
received prefix: 10.0.0.22
start time: 1741017773984
local preference: 188
end time: 1741017773986
Time: 2 ms
--------------------------------------------------
received prefix: 10.0.0.20
start time: 1741017774770
local preference: 187
end time: 1741017774773
Time: 3 ms
--------------------------------------------------
received prefix: 10.0.0.13
start time: 1741017775475
local preference: 190
end time: 1741017775478
Time: 3 ms
--------------------------------------------------
received prefix: 10.0.0.14
start time: 1741017776203
local preference: 188
end time: 1741017776203
Time: 0 ms
--------------------------------------------------
received prefix: 10.0.0.15
start time: 1741017777085
local preference: 188
end time: 1741017777086
Time: 1 ms
--------------------------------------------------
received prefix: 10.0.0.16
start time: 1741017777912
local preference: 191
end time: 1741017777912
Time: 0 ms
--------------------------------------------------
received prefix: 10.0.0.17
start time: 1741017778665
local preference: 189
end time: 1741017778665
Time: 0 ms
--------------------------------------------------
received prefix: 10.0.0.18
start time: 1741017779455
local preference: 191
end time: 1741017779456
Time: 1 ms
--------------------------------------------------
received prefix: 10.0.0.19
start time: 1741017780246
local preference: 190
end time: 1741017780247
Time: 1 ms
--------------------------------------------------
received prefix: 10.0.0.23
start time: 1741017780961
local preference: 190
end time: 1741017780962
Time: 1 ms
--------------------------------------------------
received prefix: 10.0.0.24
start time: 1741017781750
local preference: 190
end time: 1741017781753
Time: 3 ms
--------------------------------------------------
received prefix: 10.0.0.27
start time: 1741017782600
local preference: 184
end time: 1741017782601
Time: 1 ms
--------------------------------------------------
received prefix: 10.0.0.28
start time: 1741017783396
local preference: 185
end time: 1741017783397
Time: 1 ms
--------------------------------------------------
received prefix: 10.0.0.29
start time: 1741017784245
local preference: 186
end time: 1741017784246
Time: 1 ms
--------------------------------------------------
received prefix: 10.0.0.30
start time: 1741017785011
local preference: 188
end time: 1741017785013
Time: 2 ms
--------------------------------------------------
received prefix: 10.0.0.31
start time: 1741017785660
local preference: 188
end time: 1741017785661
Time: 1 ms
--------------------------------------------------
received prefix: 10.0.0.6
start time: 1741017830382
local preference: 191
end time: 1741017830384
Time: 2 ms
--------------------------------------------------
received prefix: 10.0.0.4
start time: 1741017830790
local preference: 183
end time: 1741017830790
Time: 0 ms
--------------------------------------------------
received prefix: 10.0.0.5
start time: 1741017831268
local preference: 189
end time: 1741017831270
Time: 2 ms
--------------------------------------------------
received prefix: 10.0.0.12
start time: 1741017831496
local preference: 190
end time: 1741017831497
Time: 1 ms
--------------------------------------------------
received prefix: 10.0.0.7
start time: 1741017834725
local preference: 190
end time: 1741017834726
Time: 1 ms
--------------------------------------------------
received prefix: 10.0.0.7
start time: 1741017834750
local preference: 190
end time: 1741017834750
Time: 0 ms
--------------------------------------------------
received prefix: 10.0.0.7
start time: 1741017834762
local preference: 190
end time: 1741017834763
Time: 1 ms
--------------------------------------------------
received prefix: 10.0.0.7
start time: 1741017834766
local preference: 190
end time: 1741017834767
Time: 1 ms
--------------------------------------------------
received prefix: 10.0.0.7
start time: 1741017834783
local preference: 190
end time: 1741017834785
Time: 2 ms
--------------------------------------------------
received prefix: 10.0.0.8
start time: 1741017834795
local preference: 188
end time: 1741017834795
Time: 0 ms
--------------------------------------------------
received prefix: 10.0.0.8
start time: 1741017834797
local preference: 188
end time: 1741017834798
Time: 1 ms
--------------------------------------------------
received prefix: 10.0.0.8
start time: 1741017834822
local preference: 187
end time: 1741017834826
Time: 4 ms
--------------------------------------------------
received prefix: 10.0.0.8
start time: 1741017834838
local preference: 188
end time: 1741017834839
Time: 1 ms
--------------------------------------------------
received prefix: 10.0.0.8
start time: 1741017834845
local preference: 188
end time: 1741017834846
Time: 1 ms
--------------------------------------------------
received prefix: 10.0.0.7
start time: 1741017835295
local preference: 190
end time: 1741017835295
Time: 0 ms
--------------------------------------------------
received prefix: 10.0.0.7
start time: 1741017835298
local preference: 190
end time: 1741017835299
Time: 1 ms
--------------------------------------------------
received prefix: 10.0.0.7
start time: 1741017835302
local preference: 190
end time: 1741017835303
Time: 1 ms
--------------------------------------------------
received prefix: 10.0.0.7
start time: 1741017835312
local preference: 190
end time: 1741017835315
Time: 3 ms
--------------------------------------------------
received prefix: 10.0.0.7
start time: 1741017835341
local preference: 190
end time: 1741017835342
Time: 1 ms
--------------------------------------------------
received prefix: 10.0.0.8
start time: 1741017835348
local preference: 188
end time: 1741017835349
Time: 1 ms
--------------------------------------------------
received prefix: 10.0.0.8
start time: 1741017835356
local preference: 188
end time: 1741017835358
Time: 2 ms
--------------------------------------------------
received prefix: 10.0.0.8
start time: 1741017835377
local preference: 187
end time: 1741017835380
Time: 3 ms
--------------------------------------------------
received prefix: 10.0.0.8
start time: 1741017835384
local preference: 188
end time: 1741017835386
Time: 2 ms
--------------------------------------------------
received prefix: 10.0.0.8
start time: 1741017835391
local preference: 188
end time: 1741017835392
Time: 1 ms
--------------------------------------------------
received prefix: 10.0.0.7
start time: 1741017835851
local preference: 190
end time: 1741017835852
Time: 1 ms
--------------------------------------------------
received prefix: 10.0.0.7
start time: 1741017835854
local preference: 190
end time: 1741017835855
Time: 1 ms
--------------------------------------------------
received prefix: 10.0.0.7
start time: 1741017835861
local preference: 190
end time: 1741017835863
Time: 2 ms
--------------------------------------------------
received prefix: 10.0.0.7
start time: 1741017835894
local preference: 190
end time: 1741017835894
Time: 0 ms
--------------------------------------------------
received prefix: 10.0.0.7
start time: 1741017835897
local preference: 190
end time: 1741017835897
Time: 0 ms
--------------------------------------------------
received prefix: 10.0.0.8
start time: 1741017836102
local preference: 188
end time: 1741017836103
Time: 1 ms
--------------------------------------------------
received prefix: 10.0.0.8
start time: 1741017836128
local preference: 188
end time: 1741017836128
Time: 0 ms
--------------------------------------------------
received prefix: 10.0.0.8
start time: 1741017836146
local preference: 187
end time: 1741017836149
Time: 3 ms
--------------------------------------------------
received prefix: 10.0.0.8
start time: 1741017836167
local preference: 188
end time: 1741017836168
Time: 1 ms
--------------------------------------------------
received prefix: 10.0.0.8
start time: 1741017836171
local preference: 188
end time: 1741017836175
Time: 4 ms
--------------------------------------------------
received prefix: 10.0.0.12
start time: 1741017836486
local preference: 189
end time: 1741017836487
Time: 1 ms
--------------------------------------------------
received prefix: 10.0.0.12
start time: 1741017836492
local preference: 190
end time: 1741017836492
Time: 0 ms
--------------------------------------------------
received prefix: 10.0.0.12
start time: 1741017836511
local preference: 189
end time: 1741017836513
Time: 2 ms
--------------------------------------------------
received prefix: 10.0.0.12
start time: 1741017836517
local preference: 190
end time: 1741017836519
Time: 2 ms
--------------------------------------------------
received prefix: 10.0.0.12
start time: 1741017836522
local preference: 189
end time: 1741017836523
Time: 1 ms
--------------------------------------------------
received prefix: 10.0.0.12
start time: 1741017836541
local preference: 189
end time: 1741017836542
Time: 1 ms
--------------------------------------------------
received prefix: 10.0.0.12
start time: 1741017836566
local preference: 189
end time: 1741017836567
Time: 1 ms
--------------------------------------------------
received prefix: 10.0.0.12
start time: 1741017836573
local preference: 190
end time: 1741017836577
Time: 4 ms
--------------------------------------------------
received prefix: 10.0.0.12
start time: 1741017836584
local preference: 189
end time: 1741017836585
Time: 1 ms
--------------------------------------------------
received prefix: 10.0.0.7
start time: 1741017836928
local preference: 190
end time: 1741017836928
Time: 0 ms
--------------------------------------------------
received prefix: 10.0.0.7
start time: 1741017836931
local preference: 190
end time: 1741017836931
Time: 0 ms
--------------------------------------------------
received prefix: 10.0.0.7
start time: 1741017836934
local preference: 190
end time: 1741017836935
Time: 1 ms
--------------------------------------------------
received prefix: 10.0.0.7
start time: 1741017836939
local preference: 190
end time: 1741017836944
Time: 5 ms
--------------------------------------------------
received prefix: 10.0.0.7
start time: 1741017836958
local preference: 190
end time: 1741017836959
Time: 1 ms
--------------------------------------------------
received prefix: 10.0.0.8
start time: 1741017836965
local preference: 188
end time: 1741017836965
Time: 0 ms
--------------------------------------------------
received prefix: 10.0.0.8
start time: 1741017836968
local preference: 188
end time: 1741017836969
Time: 1 ms
--------------------------------------------------
received prefix: 10.0.0.8
start time: 1741017836976
local preference: 188
end time: 1741017836979
Time: 3 ms
--------------------------------------------------
received prefix: 10.0.0.8
start time: 1741017837010
local preference: 188
end time: 1741017837011
Time: 1 ms
--------------------------------------------------
received prefix: 10.0.0.8
start time: 1741017837014
local preference: 188
end time: 1741017837018
Time: 4 ms
--------------------------------------------------
received prefix: 10.0.0.7
start time: 1741017837232
local preference: 190
end time: 1741017837233
Time: 1 ms
--------------------------------------------------
received prefix: 10.0.0.7
start time: 1741017837235
local preference: 190
end time: 1741017837236
Time: 1 ms
--------------------------------------------------
received prefix: 10.0.0.7
start time: 1741017837241
local preference: 190
end time: 1741017837242
Time: 1 ms
--------------------------------------------------
received prefix: 10.0.0.7
start time: 1741017837257
local preference: 190
end time: 1741017837257
Time: 0 ms
--------------------------------------------------
received prefix: 10.0.0.7
start time: 1741017837264
local preference: 190
end time: 1741017837264
Time: 0 ms
--------------------------------------------------
received prefix: 10.0.0.8
start time: 1741017837280
local preference: 188
end time: 1741017837283
Time: 3 ms
--------------------------------------------------
received prefix: 10.0.0.8
start time: 1741017837312
local preference: 188
end time: 1741017837312
Time: 0 ms
--------------------------------------------------
received prefix: 10.0.0.8
start time: 1741017837314
local preference: 188
end time: 1741017837320
Time: 6 ms
--------------------------------------------------
received prefix: 10.0.0.8
start time: 1741017837329
local preference: 187
end time: 1741017837330
Time: 1 ms
--------------------------------------------------
received prefix: 10.0.0.8
start time: 1741017837334
local preference: 188
end time: 1741017837335
Time: 1 ms
--------------------------------------------------
received prefix: 10.0.0.11
start time: 1741017837707
local preference: 188
end time: 1741017837707
Time: 0 ms
--------------------------------------------------
received prefix: 10.0.0.11
start time: 1741017837710
local preference: 188
end time: 1741017837713
Time: 3 ms
--------------------------------------------------
received prefix: 10.0.0.11
start time: 1741017837719
local preference: 188
end time: 1741017837720
Time: 1 ms
--------------------------------------------------
received prefix: 10.0.0.11
start time: 1741017837723
local preference: 188
end time: 1741017837724
Time: 1 ms
--------------------------------------------------
received prefix: 10.0.0.11
start time: 1741017837735
local preference: 188
end time: 1741017837736
Time: 1 ms
--------------------------------------------------
received prefix: 10.0.0.9
start time: 1741017838059
local preference: 190
end time: 1741017838060
Time: 1 ms
--------------------------------------------------
received prefix: 10.0.0.9
start time: 1741017838065
local preference: 190
end time: 1741017838066
Time: 1 ms
--------------------------------------------------
received prefix: 10.0.0.9
start time: 1741017838077
local preference: 190
end time: 1741017838078
Time: 1 ms
--------------------------------------------------
received prefix: 10.0.0.9
start time: 1741017838084
local preference: 190
end time: 1741017838088
Time: 4 ms
--------------------------------------------------
received prefix: 10.0.0.9
start time: 1741017838114
local preference: 190
end time: 1741017838117
Time: 3 ms
--------------------------------------------------
received prefix: 10.0.0.10
start time: 1741017838315
local preference: 190
end time: 1741017838315
Time: 0 ms
--------------------------------------------------
received prefix: 10.0.0.10
start time: 1741017838388
local preference: 190
end time: 1741017838389
Time: 1 ms
--------------------------------------------------
received prefix: 10.0.0.10
start time: 1741017838393
local preference: 190
end time: 1741017838394
Time: 1 ms
--------------------------------------------------
received prefix: 10.0.0.10
start time: 1741017838396
local preference: 189
end time: 1741017838398
Time: 2 ms
--------------------------------------------------
received prefix: 10.0.0.10
start time: 1741017838400
local preference: 190
end time: 1741017838401
Time: 1 ms
--------------------------------------------------
received prefix: 10.0.0.12
start time: 1741017838936
local preference: 189
end time: 1741017838937
Time: 1 ms
--------------------------------------------------
received prefix: 10.0.0.12
start time: 1741017838950
local preference: 189
end time: 1741017838952
Time: 2 ms
--------------------------------------------------
received prefix: 10.0.0.12
start time: 1741017838969
local preference: 189
end time: 1741017838970
Time: 1 ms
--------------------------------------------------
received prefix: 10.0.0.12
start time: 1741017838984
local preference: 189
end time: 1741017838984
Time: 0 ms
--------------------------------------------------
received prefix: 10.0.0.12
start time: 1741017838994
local preference: 189
end time: 1741017838996
Time: 2 ms
--------------------------------------------------
received prefix: 10.0.0.13
start time: 1741017842818
local preference: 189
end time: 1741017842819
Time: 1 ms
--------------------------------------------------
received prefix: 10.0.0.14
start time: 1741017843321
local preference: 188
end time: 1741017843322
Time: 1 ms
--------------------------------------------------
received prefix: 10.0.0.7
start time: 1741017873573
local preference: 191
end time: 1741017873575
Time: 2 ms
--------------------------------------------------
received prefix: 10.0.0.8
start time: 1741017873997
local preference: 188
end time: 1741017873997
Time: 0 ms
--------------------------------------------------
received prefix: 10.0.0.11
start time: 1741017877160
local preference: 188
end time: 1741017877161
Time: 1 ms
--------------------------------------------------
received prefix: 10.0.0.11
start time: 1741017877164
local preference: 188
end time: 1741017877164
Time: 0 ms
--------------------------------------------------
received prefix: 10.0.0.11
start time: 1741017877191
local preference: 188
end time: 1741017877191
Time: 0 ms
--------------------------------------------------
received prefix: 10.0.0.11
start time: 1741017877193
local preference: 188
end time: 1741017877194
Time: 1 ms
--------------------------------------------------
received prefix: 10.0.0.11
start time: 1741017877196
local preference: 188
end time: 1741017877197
Time: 1 ms
--------------------------------------------------
received prefix: 10.0.0.9
start time: 1741017877204
local preference: 190
end time: 1741017877206
Time: 2 ms
--------------------------------------------------
received prefix: 10.0.0.9
start time: 1741017877213
local preference: 190
end time: 1741017877213
Time: 0 ms
--------------------------------------------------
received prefix: 10.0.0.9
start time: 1741017877227
local preference: 190
end time: 1741017877228
Time: 1 ms
--------------------------------------------------
received prefix: 10.0.0.9
start time: 1741017877239
local preference: 190
end time: 1741017877241
Time: 2 ms
--------------------------------------------------
received prefix: 10.0.0.9
start time: 1741017877255
local preference: 190
end time: 1741017877255
Time: 0 ms
--------------------------------------------------
received prefix: 10.0.0.10
start time: 1741017877267
local preference: 190
end time: 1741017877267
Time: 0 ms
--------------------------------------------------
received prefix: 10.0.0.10
start time: 1741017877269
local preference: 190
end time: 1741017877270
Time: 1 ms
--------------------------------------------------
received prefix: 10.0.0.10
start time: 1741017877276
local preference: 189
end time: 1741017877278
Time: 2 ms
--------------------------------------------------
received prefix: 10.0.0.10
start time: 1741017877294
local preference: 190
end time: 1741017877294
Time: 0 ms
--------------------------------------------------
received prefix: 10.0.0.10
start time: 1741017877301
local preference: 190
end time: 1741017877301
Time: 0 ms
--------------------------------------------------
received prefix: 10.0.0.12
start time: 1741017877366
local preference: 189
end time: 1741017877367
Time: 1 ms
--------------------------------------------------
received prefix: 10.0.0.12
start time: 1741017877380
local preference: 189
end time: 1741017877381
Time: 1 ms
--------------------------------------------------
received prefix: 10.0.0.12
start time: 1741017877385
local preference: 189
end time: 1741017877386
Time: 1 ms
--------------------------------------------------
received prefix: 10.0.0.12
start time: 1741017877389
local preference: 189
end time: 1741017877390
Time: 1 ms
--------------------------------------------------
received prefix: 10.0.0.12
start time: 1741017877407
local preference: 189
end time: 1741017877410
Time: 3 ms
--------------------------------------------------
received prefix: 10.0.0.11
start time: 1741017877435
local preference: 188
end time: 1741017877436
Time: 1 ms
--------------------------------------------------
received prefix: 10.0.0.11
start time: 1741017877438
local preference: 188
end time: 1741017877440
Time: 2 ms
--------------------------------------------------
received prefix: 10.0.0.11
start time: 1741017877476
local preference: 188
end time: 1741017877477
Time: 1 ms
--------------------------------------------------
received prefix: 10.0.0.11
start time: 1741017877479
local preference: 188
end time: 1741017877480
Time: 1 ms
--------------------------------------------------
received prefix: 10.0.0.11
start time: 1741017877483
local preference: 188
end time: 1741017877486
Time: 3 ms
--------------------------------------------------
received prefix: 10.0.0.9
start time: 1741017877506
local preference: 190
end time: 1741017877507
Time: 1 ms
--------------------------------------------------
received prefix: 10.0.0.9
start time: 1741017877539
local preference: 190
end time: 1741017877540
Time: 1 ms
--------------------------------------------------
received prefix: 10.0.0.9
start time: 1741017877558
local preference: 190
end time: 1741017877559
Time: 1 ms
--------------------------------------------------
received prefix: 10.0.0.9
start time: 1741017877561
local preference: 190
end time: 1741017877561
Time: 0 ms
--------------------------------------------------
received prefix: 10.0.0.9
start time: 1741017877563
local preference: 190
end time: 1741017877564
Time: 1 ms
--------------------------------------------------
received prefix: 10.0.0.10
start time: 1741017877618
local preference: 190
end time: 1741017877620
Time: 2 ms
--------------------------------------------------
received prefix: 10.0.0.10
start time: 1741017877624
local preference: 190
end time: 1741017877624
Time: 0 ms
--------------------------------------------------
received prefix: 10.0.0.10
start time: 1741017877627
local preference: 189
end time: 1741017877627
Time: 0 ms
--------------------------------------------------
received prefix: 10.0.0.10
start time: 1741017877629
local preference: 190
end time: 1741017877630
Time: 1 ms
--------------------------------------------------
received prefix: 10.0.0.10
start time: 1741017877643
local preference: 190
end time: 1741017877644
Time: 1 ms
--------------------------------------------------
received prefix: 10.0.0.12
start time: 1741017877756
local preference: 189
end time: 1741017877757
Time: 1 ms
--------------------------------------------------
received prefix: 10.0.0.12
start time: 1741017877766
local preference: 189
end time: 1741017877767
Time: 1 ms
--------------------------------------------------
received prefix: 10.0.0.12
start time: 1741017877770
local preference: 189
end time: 1741017877772
Time: 2 ms
--------------------------------------------------
received prefix: 10.0.0.12
start time: 1741017877777
local preference: 189
end time: 1741017877778
Time: 1 ms
--------------------------------------------------
received prefix: 10.0.0.12
start time: 1741017877798
local preference: 189
end time: 1741017877801
Time: 3 ms
--------------------------------------------------
received prefix: 10.0.0.11
start time: 1741017877900
local preference: 188
end time: 1741017877902
Time: 2 ms
--------------------------------------------------
received prefix: 10.0.0.11
start time: 1741017877916
local preference: 188
end time: 1741017877917
Time: 1 ms
--------------------------------------------------
received prefix: 10.0.0.11
start time: 1741017877920
local preference: 188
end time: 1741017877921
Time: 1 ms
--------------------------------------------------
received prefix: 10.0.0.11
start time: 1741017877933
local preference: 188
end time: 1741017877933
Time: 0 ms
--------------------------------------------------
received prefix: 10.0.0.11
start time: 1741017877952
local preference: 188
end time: 1741017877953
Time: 1 ms
--------------------------------------------------
received prefix: 10.0.0.9
start time: 1741017878151
local preference: 190
end time: 1741017878155
Time: 4 ms
--------------------------------------------------
received prefix: 10.0.0.9
start time: 1741017878170
local preference: 190
end time: 1741017878173
Time: 3 ms
--------------------------------------------------
received prefix: 10.0.0.9
start time: 1741017878178
local preference: 190
end time: 1741017878180
Time: 2 ms
--------------------------------------------------
received prefix: 10.0.0.9
start time: 1741017878204
local preference: 190
end time: 1741017878204
Time: 0 ms
--------------------------------------------------
received prefix: 10.0.0.9
start time: 1741017878212
local preference: 190
end time: 1741017878212
Time: 0 ms
--------------------------------------------------
received prefix: 10.0.0.10
start time: 1741017878427
local preference: 190
end time: 1741017878428
Time: 1 ms
--------------------------------------------------
received prefix: 10.0.0.10
start time: 1741017878431
local preference: 190
end time: 1741017878432
Time: 1 ms
--------------------------------------------------
received prefix: 10.0.0.10
start time: 1741017878442
local preference: 189
end time: 1741017878447
Time: 5 ms
--------------------------------------------------
received prefix: 10.0.0.10
start time: 1741017878461
local preference: 190
end time: 1741017878461
Time: 0 ms
--------------------------------------------------
received prefix: 10.0.0.10
start time: 1741017878476
local preference: 190
end time: 1741017878478
Time: 2 ms
--------------------------------------------------
received prefix: 10.0.0.12
start time: 1741017878704
local preference: 189
end time: 1741017878705
Time: 1 ms
--------------------------------------------------
received prefix: 10.0.0.12
start time: 1741017878732
local preference: 189
end time: 1741017878733
Time: 1 ms
--------------------------------------------------
received prefix: 10.0.0.12
start time: 1741017878735
local preference: 189
end time: 1741017878736
Time: 1 ms
--------------------------------------------------
received prefix: 10.0.0.12
start time: 1741017878742
local preference: 189
end time: 1741017878746
Time: 4 ms
--------------------------------------------------
received prefix: 10.0.0.12
start time: 1741017878758
local preference: 189
end time: 1741017878760
Time: 2 ms
--------------------------------------------------
received prefix: 10.0.0.11
start time: 1741017878974
local preference: 188
end time: 1741017878975
Time: 1 ms
--------------------------------------------------
received prefix: 10.0.0.11
start time: 1741017878977
local preference: 188
end time: 1741017878979
Time: 2 ms
--------------------------------------------------
received prefix: 10.0.0.11
start time: 1741017878986
local preference: 188
end time: 1741017878989
Time: 3 ms
--------------------------------------------------
received prefix: 10.0.0.11
start time: 1741017878993
local preference: 188
end time: 1741017878994
Time: 1 ms
--------------------------------------------------
received prefix: 10.0.0.11
start time: 1741017879023
local preference: 188
end time: 1741017879024
Time: 1 ms
--------------------------------------------------
received prefix: 10.0.0.9
start time: 1741017879031
local preference: 190
end time: 1741017879032
Time: 1 ms
--------------------------------------------------
received prefix: 10.0.0.9
start time: 1741017879034
local preference: 190
end time: 1741017879035
Time: 1 ms
--------------------------------------------------
received prefix: 10.0.0.9
start time: 1741017879060
local preference: 190
end time: 1741017879061
Time: 1 ms
--------------------------------------------------
received prefix: 10.0.0.9
start time: 1741017879063
local preference: 190
end time: 1741017879066
Time: 3 ms
--------------------------------------------------
received prefix: 10.0.0.9
start time: 1741017879075
local preference: 190
end time: 1741017879079
Time: 4 ms
--------------------------------------------------
received prefix: 10.0.0.10
start time: 1741017879101
local preference: 190
end time: 1741017879102
Time: 1 ms
--------------------------------------------------
received prefix: 10.0.0.10
start time: 1741017879104
local preference: 190
end time: 1741017879111
Time: 7 ms
--------------------------------------------------
received prefix: 10.0.0.10
start time: 1741017879115
local preference: 190
end time: 1741017879116
Time: 1 ms
--------------------------------------------------
received prefix: 10.0.0.10
start time: 1741017879137
local preference: 190
end time: 1741017879144
Time: 7 ms
--------------------------------------------------
received prefix: 10.0.0.10
start time: 1741017879150
local preference: 190
end time: 1741017879151
Time: 1 ms
--------------------------------------------------
received prefix: 10.0.0.12
start time: 1741017879255
local preference: 189
end time: 1741017879256
Time: 1 ms
--------------------------------------------------
received prefix: 10.0.0.12
start time: 1741017879270
local preference: 189
end time: 1741017879271
Time: 1 ms
--------------------------------------------------
received prefix: 10.0.0.12
start time: 1741017879276
local preference: 189
end time: 1741017879278
Time: 2 ms
--------------------------------------------------
received prefix: 10.0.0.12
start time: 1741017879280
local preference: 189
end time: 1741017879283
Time: 3 ms
--------------------------------------------------
received prefix: 10.0.0.12
start time: 1741017879302
local preference: 189
end time: 1741017879303
Time: 1 ms
--------------------------------------------------
received prefix: 10.0.0.11
start time: 1741017879397
local preference: 188
end time: 1741017879398
Time: 1 ms
--------------------------------------------------
received prefix: 10.0.0.11
start time: 1741017879400
local preference: 188
end time: 1741017879401
Time: 1 ms
--------------------------------------------------
received prefix: 10.0.0.11
start time: 1741017879405
local preference: 188
end time: 1741017879410
Time: 5 ms
--------------------------------------------------
received prefix: 10.0.0.11
start time: 1741017879435
local preference: 188
end time: 1741017879436
Time: 1 ms
--------------------------------------------------
received prefix: 10.0.0.11
start time: 1741017879441
local preference: 188
end time: 1741017879443
Time: 2 ms
--------------------------------------------------
received prefix: 10.0.0.9
start time: 1741017879455
local preference: 190
end time: 1741017879456
Time: 1 ms
--------------------------------------------------
received prefix: 10.0.0.9
start time: 1741017879460
local preference: 190
end time: 1741017879461
Time: 1 ms
--------------------------------------------------
received prefix: 10.0.0.9
start time: 1741017879494
local preference: 190
end time: 1741017879495
Time: 1 ms
--------------------------------------------------
received prefix: 10.0.0.9
start time: 1741017879500
local preference: 190
end time: 1741017879501
Time: 1 ms
--------------------------------------------------
received prefix: 10.0.0.9
start time: 1741017879506
local preference: 190
end time: 1741017879509
Time: 3 ms
--------------------------------------------------
received prefix: 10.0.0.10
start time: 1741017879525
local preference: 190
end time: 1741017879526
Time: 1 ms
--------------------------------------------------
received prefix: 10.0.0.10
start time: 1741017879551
local preference: 190
end time: 1741017879556
Time: 5 ms
--------------------------------------------------
received prefix: 10.0.0.10
start time: 1741017879559
local preference: 190
end time: 1741017879560
Time: 1 ms
--------------------------------------------------
received prefix: 10.0.0.10
start time: 1741017879576
local preference: 189
end time: 1741017879577
Time: 1 ms
--------------------------------------------------
received prefix: 10.0.0.10
start time: 1741017879591
local preference: 190
end time: 1741017879592
Time: 1 ms
--------------------------------------------------
received prefix: 10.0.0.12
start time: 1741017879716
local preference: 189
end time: 1741017879720
Time: 4 ms
--------------------------------------------------
received prefix: 10.0.0.12
start time: 1741017879725
local preference: 189
end time: 1741017879726
Time: 1 ms
--------------------------------------------------
received prefix: 10.0.0.12
start time: 1741017879728
local preference: 189
end time: 1741017879729
Time: 1 ms
--------------------------------------------------
received prefix: 10.0.0.12
start time: 1741017879731
local preference: 189
end time: 1741017879732
Time: 1 ms
--------------------------------------------------
received prefix: 10.0.0.12
start time: 1741017879734
local preference: 189
end time: 1741017879735
Time: 1 ms
--------------------------------------------------
received prefix: 10.0.0.13
start time: 1741017879804
local preference: 189
end time: 1741017879806
Time: 2 ms
--------------------------------------------------
received prefix: 10.0.0.13
start time: 1741017879814
local preference: 189
end time: 1741017879815
Time: 1 ms
--------------------------------------------------
received prefix: 10.0.0.13
start time: 1741017879821
local preference: 189
end time: 1741017879822
Time: 1 ms
--------------------------------------------------
received prefix: 10.0.0.13
start time: 1741017879855
local preference: 189
end time: 1741017879856
Time: 1 ms
--------------------------------------------------
received prefix: 10.0.0.13
start time: 1741017879858
local preference: 190
end time: 1741017879859
Time: 1 ms
--------------------------------------------------
received prefix: 10.0.0.14
start time: 1741017880438
local preference: 188
end time: 1741017880440
Time: 2 ms
--------------------------------------------------
received prefix: 10.0.0.14
start time: 1741017880466
local preference: 188
end time: 1741017880467
Time: 1 ms
--------------------------------------------------
received prefix: 10.0.0.14
start time: 1741017880490
local preference: 188
end time: 1741017880491
Time: 1 ms
--------------------------------------------------
received prefix: 10.0.0.14
start time: 1741017880508
local preference: 188
end time: 1741017880509
Time: 1 ms
--------------------------------------------------
received prefix: 10.0.0.14
start time: 1741017880516
local preference: 188
end time: 1741017880520
Time: 4 ms
--------------------------------------------------
received prefix: 10.0.0.20
start time: 1741017884217
local preference: 187
end time: 1741017884218
Time: 1 ms
--------------------------------------------------
received prefix: 10.0.0.15
start time: 1741017884649
local preference: 188
end time: 1741017884651
Time: 2 ms
--------------------------------------------------
received prefix: 10.0.0.16
start time: 1741017885004
local preference: 191
end time: 1741017885005
Time: 1 ms
--------------------------------------------------
received prefix: 10.0.0.17
start time: 1741017885400
local preference: 189
end time: 1741017885401
Time: 1 ms
--------------------------------------------------
received prefix: 10.0.0.18
start time: 1741017885834
local preference: 191
end time: 1741017885834
Time: 0 ms
--------------------------------------------------
received prefix: 10.0.0.19
start time: 1741017886363
local preference: 190
end time: 1741017886364
Time: 1 ms
--------------------------------------------------
received prefix: 10.0.0.11
start time: 1741017914050
local preference: 188
end time: 1741017914051
Time: 1 ms
--------------------------------------------------
received prefix: 10.0.0.9
start time: 1741017914552
local preference: 191
end time: 1741017914553
Time: 1 ms
--------------------------------------------------
received prefix: 10.0.0.10
start time: 1741017915054
local preference: 190
end time: 1741017915055
Time: 1 ms
--------------------------------------------------
received prefix: 10.0.0.12
start time: 1741017915632
local preference: 190
end time: 1741017915633
Time: 1 ms
--------------------------------------------------
received prefix: 10.0.0.20
start time: 1741017919796
local preference: 187
end time: 1741017919797
Time: 1 ms
--------------------------------------------------
received prefix: 10.0.0.20
start time: 1741017919799
local preference: 187
end time: 1741017919800
Time: 1 ms
--------------------------------------------------
received prefix: 10.0.0.20
start time: 1741017919802
local preference: 187
end time: 1741017919803
Time: 1 ms
--------------------------------------------------
received prefix: 10.0.0.20
start time: 1741017919806
local preference: 187
end time: 1741017919810
Time: 4 ms
--------------------------------------------------
received prefix: 10.0.0.20
start time: 1741017919816
local preference: 187
end time: 1741017919817
Time: 1 ms
--------------------------------------------------
received prefix: 10.0.0.15
start time: 1741017920018
local preference: 188
end time: 1741017920019
Time: 1 ms
--------------------------------------------------
received prefix: 10.0.0.15
start time: 1741017920031
local preference: 188
end time: 1741017920032
Time: 1 ms
--------------------------------------------------
received prefix: 10.0.0.15
start time: 1741017920036
local preference: 188
end time: 1741017920037
Time: 1 ms
--------------------------------------------------
received prefix: 10.0.0.15
start time: 1741017920043
local preference: 188
end time: 1741017920044
Time: 1 ms
--------------------------------------------------
received prefix: 10.0.0.15
start time: 1741017920046
local preference: 188
end time: 1741017920046
Time: 0 ms
--------------------------------------------------
received prefix: 10.0.0.16
start time: 1741017920248
local preference: 191
end time: 1741017920251
Time: 3 ms
--------------------------------------------------
received prefix: 10.0.0.16
start time: 1741017920285
local preference: 191
end time: 1741017920286
Time: 1 ms
--------------------------------------------------
received prefix: 10.0.0.16
start time: 1741017920290
local preference: 191
end time: 1741017920291
Time: 1 ms
--------------------------------------------------
received prefix: 10.0.0.16
start time: 1741017920293
local preference: 190
end time: 1741017920298
Time: 5 ms
--------------------------------------------------
received prefix: 10.0.0.16
start time: 1741017920308
local preference: 191
end time: 1741017920310
Time: 2 ms
--------------------------------------------------
received prefix: 10.0.0.17
start time: 1741017920502
local preference: 189
end time: 1741017920502
Time: 0 ms
--------------------------------------------------
received prefix: 10.0.0.17
start time: 1741017920510
local preference: 189
end time: 1741017920514
Time: 4 ms
--------------------------------------------------
received prefix: 10.0.0.17
start time: 1741017920522
local preference: 189
end time: 1741017920523
Time: 1 ms
--------------------------------------------------
received prefix: 10.0.0.17
start time: 1741017920527
local preference: 188
end time: 1741017920527
Time: 0 ms
--------------------------------------------------
received prefix: 10.0.0.17
start time: 1741017920532
local preference: 189
end time: 1741017920534
Time: 2 ms
--------------------------------------------------
received prefix: 10.0.0.18
start time: 1741017920733
local preference: 191
end time: 1741017920734
Time: 1 ms
--------------------------------------------------
received prefix: 10.0.0.18
start time: 1741017920749
local preference: 191
end time: 1741017920750
Time: 1 ms
--------------------------------------------------
received prefix: 10.0.0.18
start time: 1741017920753
local preference: 191
end time: 1741017920756
Time: 3 ms
--------------------------------------------------
received prefix: 10.0.0.18
start time: 1741017920780
local preference: 191
end time: 1741017920783
Time: 3 ms
--------------------------------------------------
received prefix: 10.0.0.18
start time: 1741017920785
local preference: 191
end time: 1741017920786
Time: 1 ms
--------------------------------------------------
received prefix: 10.0.0.19
start time: 1741017920977
local preference: 190
end time: 1741017920979
Time: 2 ms
--------------------------------------------------
received prefix: 10.0.0.19
start time: 1741017920993
local preference: 190
end time: 1741017920995
Time: 2 ms
--------------------------------------------------
received prefix: 10.0.0.19
start time: 1741017920998
local preference: 190
end time: 1741017920999
Time: 1 ms
--------------------------------------------------
received prefix: 10.0.0.19
start time: 1741017921001
local preference: 190
end time: 1741017921002
Time: 1 ms
--------------------------------------------------
received prefix: 10.0.0.19
start time: 1741017921022
local preference: 190
end time: 1741017921022
Time: 0 ms
--------------------------------------------------
received prefix: 10.0.0.21
start time: 1741017921755
local preference: 189
end time: 1741017921756
Time: 1 ms
--------------------------------------------------
received prefix: 10.0.0.22
start time: 1741017921868
local preference: 188
end time: 1741017921869
Time: 1 ms
--------------------------------------------------
received prefix: 10.0.0.25
start time: 1741017938881
local preference: 184
end time: 1741017938882
Time: 1 ms
--------------------------------------------------
received prefix: 10.0.0.23
start time: 1741017939042
local preference: 189
end time: 1741017939047
Time: 5 ms
--------------------------------------------------
received prefix: 10.0.0.24
start time: 1741017939146
local preference: 190
end time: 1741017939147
Time: 1 ms
--------------------------------------------------
received prefix: 10.0.0.1
start time: 1741054772063
local preference: 111
end time: 1741054772068
Time: 5 ms
--------------------------------------------------
received prefix: 10.0.0.1
start time: 1741054772088
local preference: 111
end time: 1741054772089
Time: 1 ms
--------------------------------------------------
received prefix: 10.0.0.1
start time: 1741054772093
local preference: 111
end time: 1741054772094
Time: 1 ms
--------------------------------------------------
received prefix: 10.0.0.1
start time: 1741054772098
local preference: 111
end time: 1741054772098
Time: 0 ms
--------------------------------------------------
received prefix: 10.0.0.1
start time: 1741054772103
local preference: 111
end time: 1741054772104
Time: 1 ms
--------------------------------------------------
received prefix: 10.0.0.1
start time: 1741054772107
local preference: 111
end time: 1741054772111
Time: 4 ms
--------------------------------------------------
received prefix: 10.0.0.1
start time: 1741054772123
local preference: 111
end time: 1741054772124
Time: 1 ms
--------------------------------------------------
received prefix: 10.0.0.1
start time: 1741054772126
local preference: 111
end time: 1741054772127
Time: 1 ms
--------------------------------------------------
received prefix: 10.0.0.1
start time: 1741054772130
local preference: 111
end time: 1741054772131
Time: 1 ms
--------------------------------------------------
received prefix: 10.0.0.1
start time: 1741054772134
local preference: 111
end time: 1741054772135
Time: 1 ms
--------------------------------------------------
received prefix: 10.0.0.2
start time: 1741054772138
local preference: 111
end time: 1741054772140
Time: 2 ms
--------------------------------------------------
received prefix: 10.0.0.2
start time: 1741054772157
local preference: 111
end time: 1741054772158
Time: 1 ms
--------------------------------------------------
received prefix: 10.0.0.2
start time: 1741054772162
local preference: 111
end time: 1741054772163
Time: 1 ms
--------------------------------------------------
received prefix: 10.0.0.2
start time: 1741054772165
local preference: 111
end time: 1741054772166
Time: 1 ms
--------------------------------------------------
received prefix: 10.0.0.2
start time: 1741054772169
local preference: 111
end time: 1741054772170
Time: 1 ms
--------------------------------------------------
received prefix: 10.0.0.2
start time: 1741054772173
local preference: 111
end time: 1741054772176
Time: 3 ms
--------------------------------------------------
received prefix: 10.0.0.2
start time: 1741054772200
local preference: 111
end time: 1741054772201
Time: 1 ms
--------------------------------------------------
received prefix: 10.0.0.2
start time: 1741054772203
local preference: 111
end time: 1741054772204
Time: 1 ms
--------------------------------------------------
received prefix: 10.0.0.2
start time: 1741054772208
local preference: 111
end time: 1741054772208
Time: 0 ms
--------------------------------------------------
received prefix: 10.0.0.2
start time: 1741054772216
local preference: 111
end time: 1741054772219
Time: 3 ms
--------------------------------------------------
received prefix: 10.0.0.3
start time: 1741054772274
local preference: 112
end time: 1741054772275
Time: 1 ms
--------------------------------------------------
received prefix: 10.0.0.3
start time: 1741054772277
local preference: 112
end time: 1741054772278
Time: 1 ms
--------------------------------------------------
received prefix: 10.0.0.3
start time: 1741054772284
local preference: 112
end time: 1741054772287
Time: 3 ms
--------------------------------------------------
received prefix: 10.0.0.3
start time: 1741054772312
local preference: 112
end time: 1741054772313
Time: 1 ms
--------------------------------------------------
received prefix: 10.0.0.3
start time: 1741054772325
local preference: 113
end time: 1741054772327
Time: 2 ms
--------------------------------------------------
received prefix: 10.0.0.3
start time: 1741054772340
local preference: 113
end time: 1741054772341
Time: 1 ms
--------------------------------------------------
received prefix: 10.0.0.3
start time: 1741054772344
local preference: 112
end time: 1741054772344
Time: 0 ms
--------------------------------------------------
received prefix: 10.0.0.3
start time: 1741054772354
local preference: 112
end time: 1741054772356
Time: 2 ms
--------------------------------------------------
received prefix: 10.0.0.3
start time: 1741054772359
local preference: 112
end time: 1741054772360
Time: 1 ms
--------------------------------------------------
received prefix: 10.0.0.3
start time: 1741054772389
local preference: 112
end time: 1741054772391
Time: 2 ms
--------------------------------------------------
received prefix: 10.0.0.4
start time: 1741054772896
local preference: 118
end time: 1741054772897
Time: 1 ms
--------------------------------------------------
received prefix: 10.0.0.4
start time: 1741054772917
local preference: 118
end time: 1741054772919
Time: 2 ms
--------------------------------------------------
received prefix: 10.0.0.4
start time: 1741054772935
local preference: 118
end time: 1741054772936
Time: 1 ms
--------------------------------------------------
received prefix: 10.0.0.4
start time: 1741054772949
local preference: 118
end time: 1741054772951
Time: 2 ms
--------------------------------------------------
received prefix: 10.0.0.4
start time: 1741054772976
local preference: 118
end time: 1741054772978
Time: 2 ms
--------------------------------------------------
received prefix: 10.0.0.4
start time: 1741054772991
local preference: 118
end time: 1741054772992
Time: 1 ms
--------------------------------------------------
received prefix: 10.0.0.4
start time: 1741054773007
local preference: 118
end time: 1741054773008
Time: 1 ms
--------------------------------------------------
received prefix: 10.0.0.4
start time: 1741054773010
local preference: 118
end time: 1741054773011
Time: 1 ms
--------------------------------------------------
received prefix: 10.0.0.4
start time: 1741054773030
local preference: 118
end time: 1741054773031
Time: 1 ms
--------------------------------------------------
received prefix: 10.0.0.4
start time: 1741054773034
local preference: 118
end time: 1741054773035
Time: 1 ms
--------------------------------------------------
received prefix: 10.0.0.5
start time: 1741054773094
local preference: 112
end time: 1741054773095
Time: 1 ms
--------------------------------------------------
received prefix: 10.0.0.5
start time: 1741054773127
local preference: 112
end time: 1741054773128
Time: 1 ms
--------------------------------------------------
received prefix: 10.0.0.5
start time: 1741054773143
local preference: 112
end time: 1741054773144
Time: 1 ms
--------------------------------------------------
received prefix: 10.0.0.5
start time: 1741054773151
local preference: 112
end time: 1741054773155
Time: 4 ms
--------------------------------------------------
received prefix: 10.0.0.5
start time: 1741054773172
local preference: 112
end time: 1741054773172
Time: 0 ms
--------------------------------------------------
received prefix: 10.0.0.5
start time: 1741054773176
local preference: 112
end time: 1741054773178
Time: 2 ms
--------------------------------------------------
received prefix: 10.0.0.5
start time: 1741054773206
local preference: 112
end time: 1741054773207
Time: 1 ms
--------------------------------------------------
received prefix: 10.0.0.5
start time: 1741054773212
local preference: 112
end time: 1741054773213
Time: 1 ms
--------------------------------------------------
received prefix: 10.0.0.5
start time: 1741054773218
local preference: 112
end time: 1741054773219
Time: 1 ms
--------------------------------------------------
received prefix: 10.0.0.5
start time: 1741054773221
local preference: 112
end time: 1741054773222
Time: 1 ms
--------------------------------------------------
received prefix: 10.0.0.6
start time: 1741054773361
local preference: 110
end time: 1741054773365
Time: 4 ms
--------------------------------------------------
received prefix: 10.0.0.6
start time: 1741054773382
local preference: 110
end time: 1741054773383
Time: 1 ms
--------------------------------------------------
received prefix: 10.0.0.6
start time: 1741054773388
local preference: 110
end time: 1741054773391
Time: 3 ms
--------------------------------------------------
received prefix: 10.0.0.6
start time: 1741054773417
local preference: 110
end time: 1741054773418
Time: 1 ms
--------------------------------------------------
received prefix: 10.0.0.6
start time: 1741054773424
local preference: 110
end time: 1741054773425
Time: 1 ms
--------------------------------------------------
received prefix: 10.0.0.6
start time: 1741054773427
local preference: 110
end time: 1741054773427
Time: 0 ms
--------------------------------------------------
received prefix: 10.0.0.6
start time: 1741054773445
local preference: 110
end time: 1741054773446
Time: 1 ms
--------------------------------------------------
received prefix: 10.0.0.6
start time: 1741054773449
local preference: 110
end time: 1741054773452
Time: 3 ms
--------------------------------------------------
received prefix: 10.0.0.6
start time: 1741054773455
local preference: 110
end time: 1741054773456
Time: 1 ms
--------------------------------------------------
received prefix: 10.0.0.6
start time: 1741054773462
local preference: 110
end time: 1741054773463
Time: 1 ms
--------------------------------------------------
received prefix: 10.0.0.8
start time: 1741054775813
local preference: 113
end time: 1741054775814
Time: 1 ms
--------------------------------------------------
received prefix: 10.0.0.6
start time: 1741054776577
local preference: 110
end time: 1741054776578
Time: 1 ms
--------------------------------------------------
received prefix: 10.0.0.1
start time: 1741054777394
local preference: 111
end time: 1741054777395
Time: 1 ms
--------------------------------------------------
received prefix: 10.0.0.2
start time: 1741054778211
local preference: 111
end time: 1741054778212
Time: 1 ms
--------------------------------------------------
received prefix: 10.0.0.3
start time: 1741054779048
local preference: 113
end time: 1741054779050
Time: 2 ms
--------------------------------------------------
received prefix: 10.0.0.4
start time: 1741054779912
local preference: 118
end time: 1741054779917
Time: 5 ms
--------------------------------------------------
received prefix: 10.0.0.5
start time: 1741054780763
local preference: 112
end time: 1741054780766
Time: 3 ms
--------------------------------------------------
received prefix: 10.0.0.7
start time: 1741054780877
local preference: 110
end time: 1741054780878
Time: 1 ms
--------------------------------------------------
received prefix: 10.0.0.32
start time: 1741054858794
local preference: 112
end time: 1741054858795
Time: 1 ms
--------------------------------------------------
received prefix: 10.0.0.3
start time: 1741054859263
local preference: 112
end time: 1741054859264
Time: 1 ms
--------------------------------------------------
received prefix: 10.0.0.1
start time: 1741054859705
local preference: 111
end time: 1741054859706
Time: 1 ms
--------------------------------------------------
received prefix: 10.0.0.2
start time: 1741054860149
local preference: 111
end time: 1741054860151
Time: 2 ms
--------------------------------------------------
received prefix: 10.0.0.26
start time: 1741054860228
local preference: 116
end time: 1741054860230
Time: 2 ms
--------------------------------------------------
received prefix: 10.0.0.25
start time: 1741054860378
local preference: 116
end time: 1741054860378
Time: 0 ms
--------------------------------------------------
received prefix: 10.0.0.21
start time: 1741054860614
local preference: 110
end time: 1741054860617
Time: 3 ms
--------------------------------------------------
received prefix: 10.0.0.22
start time: 1741054860746
local preference: 112
end time: 1741054860751
Time: 5 ms
--------------------------------------------------
received prefix: 10.0.0.20
start time: 1741054860849
local preference: 112
end time: 1741054860853
Time: 4 ms
--------------------------------------------------
received prefix: 10.0.0.13
start time: 1741054860959
local preference: 110
end time: 1741054860963
Time: 4 ms
--------------------------------------------------
received prefix: 10.0.0.14
start time: 1741054861176
local preference: 111
end time: 1741054861176
Time: 0 ms
--------------------------------------------------
received prefix: 10.0.0.11
start time: 1741054861327
local preference: 111
end time: 1741054861329
Time: 2 ms
--------------------------------------------------
received prefix: 10.0.0.7
start time: 1741054861442
local preference: 109
end time: 1741054861443
Time: 1 ms
--------------------------------------------------
received prefix: 10.0.0.8
start time: 1741054861638
local preference: 112
end time: 1741054861639
Time: 1 ms
--------------------------------------------------
received prefix: 10.0.0.6
start time: 1741054861744
local preference: 109
end time: 1741054861745
Time: 1 ms
--------------------------------------------------
received prefix: 10.0.0.4
start time: 1741054862090
local preference: 117
end time: 1741054862092
Time: 2 ms
--------------------------------------------------
received prefix: 10.0.0.5
start time: 1741054862200
local preference: 111
end time: 1741054862201
Time: 1 ms
--------------------------------------------------
received prefix: 10.0.0.9
start time: 1741054862475
local preference: 109
end time: 1741054862476
Time: 1 ms
--------------------------------------------------
received prefix: 10.0.0.10
start time: 1741054862705
local preference: 110
end time: 1741054862706
Time: 1 ms
--------------------------------------------------
received prefix: 10.0.0.15
start time: 1741054862811
local preference: 111
end time: 1741054862812
Time: 1 ms
--------------------------------------------------
received prefix: 10.0.0.16
start time: 1741054863079
local preference: 108
end time: 1741054863080
Time: 1 ms
--------------------------------------------------
received prefix: 10.0.0.17
start time: 1741054863130
local preference: 111
end time: 1741054863131
Time: 1 ms
--------------------------------------------------
received prefix: 10.0.0.18
start time: 1741054863309
local preference: 108
end time: 1741054863310
Time: 1 ms
--------------------------------------------------
received prefix: 10.0.0.19
start time: 1741054863436
local preference: 109
end time: 1741054863437
Time: 1 ms
--------------------------------------------------
received prefix: 10.0.0.23
start time: 1741054863554
local preference: 110
end time: 1741054863554
Time: 0 ms
--------------------------------------------------
received prefix: 10.0.0.24
start time: 1741054863939
local preference: 109
end time: 1741054863940
Time: 1 ms
--------------------------------------------------
received prefix: 10.0.0.27
start time: 1741054864180
local preference: 116
end time: 1741054864181
Time: 1 ms
--------------------------------------------------
received prefix: 10.0.0.28
start time: 1741054864285
local preference: 120
end time: 1741054864286
Time: 1 ms
--------------------------------------------------
received prefix: 10.0.0.29
start time: 1741054864692
local preference: 115
end time: 1741054864693
Time: 1 ms
--------------------------------------------------
received prefix: 10.0.0.30
start time: 1741054864808
local preference: 111
end time: 1741054864808
Time: 0 ms
--------------------------------------------------
received prefix: 10.0.0.31
start time: 1741054864908
local preference: 113
end time: 1741054864910
Time: 2 ms
--------------------------------------------------
received prefix: 10.0.0.32
start time: 1741054869558
local preference: 112
end time: 1741054869560
Time: 2 ms
--------------------------------------------------
received prefix: 10.0.0.32
start time: 1741054869583
local preference: 112
end time: 1741054869587
Time: 4 ms
--------------------------------------------------
received prefix: 10.0.0.32
start time: 1741054869599
local preference: 112
end time: 1741054869600
Time: 1 ms
--------------------------------------------------
received prefix: 10.0.0.32
start time: 1741054869606
local preference: 112
end time: 1741054869607
Time: 1 ms
--------------------------------------------------
received prefix: 10.0.0.32
start time: 1741054869613
local preference: 113
end time: 1741054869614
Time: 1 ms
--------------------------------------------------
received prefix: 10.0.0.32
start time: 1741054869625
local preference: 112
end time: 1741054869627
Time: 2 ms
--------------------------------------------------
received prefix: 10.0.0.32
start time: 1741054869661
local preference: 112
end time: 1741054869663
Time: 2 ms
--------------------------------------------------
received prefix: 10.0.0.32
start time: 1741054869668
local preference: 112
end time: 1741054869668
Time: 0 ms
--------------------------------------------------
received prefix: 10.0.0.32
start time: 1741054869672
local preference: 112
end time: 1741054869673
Time: 1 ms
--------------------------------------------------
received prefix: 10.0.0.32
start time: 1741054869675
local preference: 112
end time: 1741054869676
Time: 1 ms
--------------------------------------------------
received prefix: 10.0.0.26
start time: 1741054869874
local preference: 117
end time: 1741054869875
Time: 1 ms
--------------------------------------------------
received prefix: 10.0.0.26
start time: 1741054869903
local preference: 116
end time: 1741054869904
Time: 1 ms
--------------------------------------------------
received prefix: 10.0.0.26
start time: 1741054869922
local preference: 117
end time: 1741054869925
Time: 3 ms
--------------------------------------------------
received prefix: 10.0.0.26
start time: 1741054869960
local preference: 116
end time: 1741054869961
Time: 1 ms
--------------------------------------------------
received prefix: 10.0.0.26
start time: 1741054869965
local preference: 117
end time: 1741054869967
Time: 2 ms
--------------------------------------------------
received prefix: 10.0.0.26
start time: 1741054869972
local preference: 116
end time: 1741054869974
Time: 2 ms
--------------------------------------------------
received prefix: 10.0.0.26
start time: 1741054869982
local preference: 117
end time: 1741054869984
Time: 2 ms
--------------------------------------------------
received prefix: 10.0.0.26
start time: 1741054869994
local preference: 116
end time: 1741054869995
Time: 1 ms
--------------------------------------------------
received prefix: 10.0.0.26
start time: 1741054869999
local preference: 117
end time: 1741054870000
Time: 1 ms
--------------------------------------------------
received prefix: 10.0.0.26
start time: 1741054870002
local preference: 116
end time: 1741054870003
Time: 1 ms
--------------------------------------------------
received prefix: 10.0.0.25
start time: 1741054870342
local preference: 116
end time: 1741054870343
Time: 1 ms
--------------------------------------------------
received prefix: 10.0.0.25
start time: 1741054870346
local preference: 116
end time: 1741054870346
Time: 0 ms
--------------------------------------------------
received prefix: 10.0.0.25
start time: 1741054870358
local preference: 116
end time: 1741054870360
Time: 2 ms
--------------------------------------------------
received prefix: 10.0.0.25
start time: 1741054870367
local preference: 116
end time: 1741054870368
Time: 1 ms
--------------------------------------------------
received prefix: 10.0.0.25
start time: 1741054870372
local preference: 117
end time: 1741054870373
Time: 1 ms
--------------------------------------------------
received prefix: 10.0.0.25
start time: 1741054870391
local preference: 116
end time: 1741054870392
Time: 1 ms
--------------------------------------------------
received prefix: 10.0.0.25
start time: 1741054870407
local preference: 116
end time: 1741054870408
Time: 1 ms
--------------------------------------------------
received prefix: 10.0.0.25
start time: 1741054870421
local preference: 116
end time: 1741054870422
Time: 1 ms
--------------------------------------------------
received prefix: 10.0.0.25
start time: 1741054870430
local preference: 116
end time: 1741054870432
Time: 2 ms
--------------------------------------------------
received prefix: 10.0.0.25
start time: 1741054870437
local preference: 116
end time: 1741054870438
Time: 1 ms
--------------------------------------------------
received prefix: 10.0.0.21
start time: 1741054870729
local preference: 111
end time: 1741054870730
Time: 1 ms
--------------------------------------------------
received prefix: 10.0.0.21
start time: 1741054870758
local preference: 110
end time: 1741054870759
Time: 1 ms
--------------------------------------------------
received prefix: 10.0.0.21
start time: 1741054870774
local preference: 111
end time: 1741054870775
Time: 1 ms
--------------------------------------------------
received prefix: 10.0.0.21
start time: 1741054870799
local preference: 110
end time: 1741054870800
Time: 1 ms
--------------------------------------------------
received prefix: 10.0.0.21
start time: 1741054870809
local preference: 111
end time: 1741054870812
Time: 3 ms
--------------------------------------------------
received prefix: 10.0.0.21
start time: 1741054870829
local preference: 110
end time: 1741054870831
Time: 2 ms
--------------------------------------------------
received prefix: 10.0.0.21
start time: 1741054870835
local preference: 111
end time: 1741054870836
Time: 1 ms
--------------------------------------------------
received prefix: 10.0.0.21
start time: 1741054870838
local preference: 110
end time: 1741054870839
Time: 1 ms
--------------------------------------------------
received prefix: 10.0.0.21
start time: 1741054870843
local preference: 111
end time: 1741054870844
Time: 1 ms
--------------------------------------------------
received prefix: 10.0.0.21
start time: 1741054870869
local preference: 110
end time: 1741054870870
Time: 1 ms
--------------------------------------------------
received prefix: 10.0.0.22
start time: 1741054871129
local preference: 112
end time: 1741054871130
Time: 1 ms
--------------------------------------------------
received prefix: 10.0.0.22
start time: 1741054871144
local preference: 112
end time: 1741054871145
Time: 1 ms
--------------------------------------------------
received prefix: 10.0.0.22
start time: 1741054871165
local preference: 112
end time: 1741054871166
Time: 1 ms
--------------------------------------------------
received prefix: 10.0.0.22
start time: 1741054871178
local preference: 112
end time: 1741054871182
Time: 4 ms
--------------------------------------------------
received prefix: 10.0.0.22
start time: 1741054871204
local preference: 113
end time: 1741054871205
Time: 1 ms
--------------------------------------------------
received prefix: 10.0.0.22
start time: 1741054871207
local preference: 112
end time: 1741054871207
Time: 0 ms
--------------------------------------------------
received prefix: 10.0.0.22
start time: 1741054871210
local preference: 112
end time: 1741054871211
Time: 1 ms
--------------------------------------------------
received prefix: 10.0.0.22
start time: 1741054871231
local preference: 112
end time: 1741054871232
Time: 1 ms
--------------------------------------------------
received prefix: 10.0.0.22
start time: 1741054871236
local preference: 112
end time: 1741054871237
Time: 1 ms
--------------------------------------------------
received prefix: 10.0.0.22
start time: 1741054871239
local preference: 112
end time: 1741054871240
Time: 1 ms
--------------------------------------------------
received prefix: 10.0.0.20
start time: 1741054871414
local preference: 113
end time: 1741054871417
Time: 3 ms
--------------------------------------------------
received prefix: 10.0.0.20
start time: 1741054871420
local preference: 112
end time: 1741054871421
Time: 1 ms
--------------------------------------------------
received prefix: 10.0.0.20
start time: 1741054871424
local preference: 113
end time: 1741054871424
Time: 0 ms
--------------------------------------------------
received prefix: 10.0.0.20
start time: 1741054871426
local preference: 112
end time: 1741054871427
Time: 1 ms
--------------------------------------------------
received prefix: 10.0.0.20
start time: 1741054871439
local preference: 113
end time: 1741054871440
Time: 1 ms
--------------------------------------------------
received prefix: 10.0.0.20
start time: 1741054871470
local preference: 112
end time: 1741054871472
Time: 2 ms
--------------------------------------------------
received prefix: 10.0.0.20
start time: 1741054871499
local preference: 113
end time: 1741054871500
Time: 1 ms
--------------------------------------------------
received prefix: 10.0.0.20
start time: 1741054871503
local preference: 112
end time: 1741054871504
Time: 1 ms
--------------------------------------------------
received prefix: 10.0.0.20
start time: 1741054871508
local preference: 113
end time: 1741054871508
Time: 0 ms
--------------------------------------------------
received prefix: 10.0.0.20
start time: 1741054871511
local preference: 112
end time: 1741054871511
Time: 0 ms
--------------------------------------------------
received prefix: 10.0.0.13
start time: 1741054871674
local preference: 111
end time: 1741054871675
Time: 1 ms
--------------------------------------------------
received prefix: 10.0.0.13
start time: 1741054871677
local preference: 110
end time: 1741054871678
Time: 1 ms
--------------------------------------------------
received prefix: 10.0.0.13
start time: 1741054871688
local preference: 110
end time: 1741054871690
Time: 2 ms
--------------------------------------------------
received prefix: 10.0.0.13
start time: 1741054871752
local preference: 110
end time: 1741054871755
Time: 3 ms
--------------------------------------------------
received prefix: 10.0.0.13
start time: 1741054871788
local preference: 111
end time: 1741054871792
Time: 4 ms
--------------------------------------------------
received prefix: 10.0.0.13
start time: 1741054871802
local preference: 110
end time: 1741054871803
Time: 1 ms
--------------------------------------------------
received prefix: 10.0.0.13
start time: 1741054871902
local preference: 110
end time: 1741054871903
Time: 1 ms
--------------------------------------------------
received prefix: 10.0.0.13
start time: 1741054871905
local preference: 110
end time: 1741054871906
Time: 1 ms
--------------------------------------------------
received prefix: 10.0.0.13
start time: 1741054871912
local preference: 111
end time: 1741054871913
Time: 1 ms
--------------------------------------------------
received prefix: 10.0.0.13
start time: 1741054871921
local preference: 110
end time: 1741054871923
Time: 2 ms
--------------------------------------------------
received prefix: 10.0.0.14
start time: 1741054872146
local preference: 112
end time: 1741054872147
Time: 1 ms
--------------------------------------------------
received prefix: 10.0.0.14
start time: 1741054872153
local preference: 111
end time: 1741054872154
Time: 1 ms
--------------------------------------------------
received prefix: 10.0.0.14
start time: 1741054872175
local preference: 112
end time: 1741054872177
Time: 2 ms
--------------------------------------------------
received prefix: 10.0.0.14
start time: 1741054872186
local preference: 111
end time: 1741054872189
Time: 3 ms
--------------------------------------------------
received prefix: 10.0.0.14
start time: 1741054872196
local preference: 112
end time: 1741054872197
Time: 1 ms
--------------------------------------------------
received prefix: 10.0.0.14
start time: 1741054872201
local preference: 111
end time: 1741054872202
Time: 1 ms
--------------------------------------------------
received prefix: 10.0.0.14
start time: 1741054872206
local preference: 112
end time: 1741054872207
Time: 1 ms
--------------------------------------------------
received prefix: 10.0.0.14
start time: 1741054872211
local preference: 111
end time: 1741054872212
Time: 1 ms
--------------------------------------------------
received prefix: 10.0.0.14
start time: 1741054872269
local preference: 112
end time: 1741054872270
Time: 1 ms
--------------------------------------------------
received prefix: 10.0.0.14
start time: 1741054872272
local preference: 111
end time: 1741054872272
Time: 0 ms
--------------------------------------------------
received prefix: 10.0.0.11
start time: 1741054872591
local preference: 112
end time: 1741054872594
Time: 3 ms
--------------------------------------------------
received prefix: 10.0.0.11
start time: 1741054872607
local preference: 112
end time: 1741054872608
Time: 1 ms
--------------------------------------------------
received prefix: 10.0.0.11
start time: 1741054872620
local preference: 112
end time: 1741054872621
Time: 1 ms
--------------------------------------------------
received prefix: 10.0.0.11
start time: 1741054872646
local preference: 112
end time: 1741054872647
Time: 1 ms
--------------------------------------------------
received prefix: 10.0.0.11
start time: 1741054872657
local preference: 112
end time: 1741054872660
Time: 3 ms
--------------------------------------------------
received prefix: 10.0.0.11
start time: 1741054872675
local preference: 112
end time: 1741054872675
Time: 0 ms
--------------------------------------------------
received prefix: 10.0.0.11
start time: 1741054872678
local preference: 112
end time: 1741054872679
Time: 1 ms
--------------------------------------------------
received prefix: 10.0.0.11
start time: 1741054872684
local preference: 111
end time: 1741054872686
Time: 2 ms
--------------------------------------------------
received prefix: 10.0.0.11
start time: 1741054872694
local preference: 112
end time: 1741054872695
Time: 1 ms
--------------------------------------------------
received prefix: 10.0.0.11
start time: 1741054872698
local preference: 112
end time: 1741054872699
Time: 1 ms
--------------------------------------------------
received prefix: 10.0.0.7
start time: 1741054872950
local preference: 110
end time: 1741054872951
Time: 1 ms
--------------------------------------------------
received prefix: 10.0.0.7
start time: 1741054872954
local preference: 109
end time: 1741054872955
Time: 1 ms
--------------------------------------------------
received prefix: 10.0.0.7
start time: 1741054872975
local preference: 110
end time: 1741054872975
Time: 0 ms
--------------------------------------------------
received prefix: 10.0.0.7
start time: 1741054872978
local preference: 109
end time: 1741054872978
Time: 0 ms
--------------------------------------------------
received prefix: 10.0.0.7
start time: 1741054872988
local preference: 110
end time: 1741054872990
Time: 2 ms
--------------------------------------------------
received prefix: 10.0.0.7
start time: 1741054873004
local preference: 109
end time: 1741054873005
Time: 1 ms
--------------------------------------------------
received prefix: 10.0.0.7
start time: 1741054873010
local preference: 110
end time: 1741054873013
Time: 3 ms
--------------------------------------------------
received prefix: 10.0.0.7
start time: 1741054873022
local preference: 109
end time: 1741054873025
Time: 3 ms
--------------------------------------------------
received prefix: 10.0.0.7
start time: 1741054873047
local preference: 110
end time: 1741054873048
Time: 1 ms
--------------------------------------------------
received prefix: 10.0.0.8
start time: 1741054873255
local preference: 112
end time: 1741054873255
Time: 0 ms
--------------------------------------------------
received prefix: 10.0.0.8
start time: 1741054873273
local preference: 112
end time: 1741054873274
Time: 1 ms
--------------------------------------------------
received prefix: 10.0.0.8
start time: 1741054873306
local preference: 112
end time: 1741054873308
Time: 2 ms
--------------------------------------------------
received prefix: 10.0.0.8
start time: 1741054873326
local preference: 112
end time: 1741054873328
Time: 2 ms
--------------------------------------------------
received prefix: 10.0.0.8
start time: 1741054873339
local preference: 113
end time: 1741054873340
Time: 1 ms
--------------------------------------------------
received prefix: 10.0.0.8
start time: 1741054873342
local preference: 112
end time: 1741054873343
Time: 1 ms
--------------------------------------------------
received prefix: 10.0.0.8
start time: 1741054873346
local preference: 112
end time: 1741054873347
Time: 1 ms
--------------------------------------------------
received prefix: 10.0.0.8
start time: 1741054873357
local preference: 112
end time: 1741054873358
Time: 1 ms
--------------------------------------------------
received prefix: 10.0.0.8
start time: 1741054873362
local preference: 112
end time: 1741054873363
Time: 1 ms
--------------------------------------------------
received prefix: 10.0.0.9
start time: 1741054873597
local preference: 110
end time: 1741054873598
Time: 1 ms
--------------------------------------------------
received prefix: 10.0.0.9
start time: 1741054873606
local preference: 109
end time: 1741054873607
Time: 1 ms
--------------------------------------------------
received prefix: 10.0.0.9
start time: 1741054873628
local preference: 110
end time: 1741054873629
Time: 1 ms
--------------------------------------------------
received prefix: 10.0.0.9
start time: 1741054873632
local preference: 109
end time: 1741054873634
Time: 2 ms
--------------------------------------------------
received prefix: 10.0.0.9
start time: 1741054873661
local preference: 110
end time: 1741054873663
Time: 2 ms
--------------------------------------------------
received prefix: 10.0.0.9
start time: 1741054873668
local preference: 109
end time: 1741054873669
Time: 1 ms
--------------------------------------------------
received prefix: 10.0.0.9
start time: 1741054873678
local preference: 110
end time: 1741054873680
Time: 2 ms
--------------------------------------------------
received prefix: 10.0.0.9
start time: 1741054873686
local preference: 109
end time: 1741054873687
Time: 1 ms
--------------------------------------------------
received prefix: 10.0.0.9
start time: 1741054873698
local preference: 110
end time: 1741054873699
Time: 1 ms
--------------------------------------------------
received prefix: 10.0.0.9
start time: 1741054873710
local preference: 109
end time: 1741054873710
Time: 0 ms
--------------------------------------------------
received prefix: 10.0.0.10
start time: 1741054873989
local preference: 110
end time: 1741054873990
Time: 1 ms
--------------------------------------------------
received prefix: 10.0.0.10
start time: 1741054873992
local preference: 110
end time: 1741054873993
Time: 1 ms
--------------------------------------------------
received prefix: 10.0.0.10
start time: 1741054874011
local preference: 110
end time: 1741054874012
Time: 1 ms
--------------------------------------------------
received prefix: 10.0.0.10
start time: 1741054874017
local preference: 110
end time: 1741054874018
Time: 1 ms
--------------------------------------------------
received prefix: 10.0.0.10
start time: 1741054874028
local preference: 111
end time: 1741054874029
Time: 1 ms
--------------------------------------------------
received prefix: 10.0.0.10
start time: 1741054874055
local preference: 110
end time: 1741054874056
Time: 1 ms
--------------------------------------------------
received prefix: 10.0.0.10
start time: 1741054874074
local preference: 110
end time: 1741054874075
Time: 1 ms
--------------------------------------------------
received prefix: 10.0.0.10
start time: 1741054874077
local preference: 110
end time: 1741054874078
Time: 1 ms
--------------------------------------------------
received prefix: 10.0.0.10
start time: 1741054874089
local preference: 110
end time: 1741054874091
Time: 2 ms
--------------------------------------------------
received prefix: 10.0.0.10
start time: 1741054874094
local preference: 110
end time: 1741054874095
Time: 1 ms
--------------------------------------------------
received prefix: 10.0.0.15
start time: 1741054874358
local preference: 112
end time: 1741054874360
Time: 2 ms
--------------------------------------------------
received prefix: 10.0.0.15
start time: 1741054874370
local preference: 111
end time: 1741054874371
Time: 1 ms
--------------------------------------------------
received prefix: 10.0.0.15
start time: 1741054874377
local preference: 112
end time: 1741054874378
Time: 1 ms
--------------------------------------------------
received prefix: 10.0.0.15
start time: 1741054874397
local preference: 111
end time: 1741054874398
Time: 1 ms
--------------------------------------------------
received prefix: 10.0.0.15
start time: 1741054874407
local preference: 112
end time: 1741054874408
Time: 1 ms
--------------------------------------------------
received prefix: 10.0.0.15
start time: 1741054874410
local preference: 112
end time: 1741054874410
Time: 0 ms
--------------------------------------------------
received prefix: 10.0.0.15
start time: 1741054874417
local preference: 112
end time: 1741054874417
Time: 0 ms
--------------------------------------------------
received prefix: 10.0.0.15
start time: 1741054874433
local preference: 111
end time: 1741054874434
Time: 1 ms
--------------------------------------------------
received prefix: 10.0.0.15
start time: 1741054874439
local preference: 112
end time: 1741054874439
Time: 0 ms
--------------------------------------------------
received prefix: 10.0.0.15
start time: 1741054874442
local preference: 111
end time: 1741054874443
Time: 1 ms
--------------------------------------------------
received prefix: 10.0.0.16
start time: 1741054874698
local preference: 109
end time: 1741054874699
Time: 1 ms
--------------------------------------------------
received prefix: 10.0.0.16
start time: 1741054874701
local preference: 109
end time: 1741054874702
Time: 1 ms
--------------------------------------------------
received prefix: 10.0.0.16
start time: 1741054874714
local preference: 109
end time: 1741054874715
Time: 1 ms
--------------------------------------------------
received prefix: 10.0.0.16
start time: 1741054874745
local preference: 109
end time: 1741054874746
Time: 1 ms
--------------------------------------------------
received prefix: 10.0.0.16
start time: 1741054874753
local preference: 109
end time: 1741054874753
Time: 0 ms
--------------------------------------------------
received prefix: 10.0.0.16
start time: 1741054874761
local preference: 109
end time: 1741054874762
Time: 1 ms
--------------------------------------------------
received prefix: 10.0.0.16
start time: 1741054874776
local preference: 109
end time: 1741054874777
Time: 1 ms
--------------------------------------------------
received prefix: 10.0.0.16
start time: 1741054874779
local preference: 109
end time: 1741054874783
Time: 4 ms
--------------------------------------------------
received prefix: 10.0.0.16
start time: 1741054874793
local preference: 109
end time: 1741054874794
Time: 1 ms
--------------------------------------------------
received prefix: 10.0.0.16
start time: 1741054874796
local preference: 109
end time: 1741054874797
Time: 1 ms
--------------------------------------------------
received prefix: 10.0.0.17
start time: 1741054875209
local preference: 111
end time: 1741054875210
Time: 1 ms
--------------------------------------------------
received prefix: 10.0.0.17
start time: 1741054875219
local preference: 111
end time: 1741054875222
Time: 3 ms
--------------------------------------------------
received prefix: 10.0.0.17
start time: 1741054875264
local preference: 111
end time: 1741054875265
Time: 1 ms
--------------------------------------------------
received prefix: 10.0.0.17
start time: 1741054875274
local preference: 111
end time: 1741054875275
Time: 1 ms
--------------------------------------------------
received prefix: 10.0.0.17
start time: 1741054875278
local preference: 112
end time: 1741054875279
Time: 1 ms
--------------------------------------------------
received prefix: 10.0.0.17
start time: 1741054875284
local preference: 111
end time: 1741054875288
Time: 4 ms
--------------------------------------------------
received prefix: 10.0.0.17
start time: 1741054875294
local preference: 111
end time: 1741054875295
Time: 1 ms
--------------------------------------------------
received prefix: 10.0.0.17
start time: 1741054875306
local preference: 111
end time: 1741054875307
Time: 1 ms
--------------------------------------------------
received prefix: 10.0.0.17
start time: 1741054875309
local preference: 111
end time: 1741054875310
Time: 1 ms
--------------------------------------------------
received prefix: 10.0.0.17
start time: 1741054875316
local preference: 111
end time: 1741054875318
Time: 2 ms
--------------------------------------------------
received prefix: 10.0.0.18
start time: 1741054875616
local preference: 109
end time: 1741054875620
Time: 4 ms
--------------------------------------------------
received prefix: 10.0.0.18
start time: 1741054875624
local preference: 109
end time: 1741054875625
Time: 1 ms
--------------------------------------------------
received prefix: 10.0.0.18
start time: 1741054875629
local preference: 109
end time: 1741054875630
Time: 1 ms
--------------------------------------------------
received prefix: 10.0.0.18
start time: 1741054875632
local preference: 109
end time: 1741054875632
Time: 0 ms
--------------------------------------------------
received prefix: 10.0.0.18
start time: 1741054875671
local preference: 109
end time: 1741054875672
Time: 1 ms
--------------------------------------------------
received prefix: 10.0.0.18
start time: 1741054875677
local preference: 109
end time: 1741054875678
Time: 1 ms
--------------------------------------------------
received prefix: 10.0.0.18
start time: 1741054875695
local preference: 109
end time: 1741054875696
Time: 1 ms
--------------------------------------------------
received prefix: 10.0.0.18
start time: 1741054875713
local preference: 108
end time: 1741054875714
Time: 1 ms
--------------------------------------------------
received prefix: 10.0.0.18
start time: 1741054875724
local preference: 109
end time: 1741054875725
Time: 1 ms
--------------------------------------------------
received prefix: 10.0.0.18
start time: 1741054875728
local preference: 109
end time: 1741054875729
Time: 1 ms
--------------------------------------------------
received prefix: 10.0.0.19
start time: 1741054875974
local preference: 110
end time: 1741054875975
Time: 1 ms
--------------------------------------------------
received prefix: 10.0.0.19
start time: 1741054875995
local preference: 109
end time: 1741054875997
Time: 2 ms
--------------------------------------------------
received prefix: 10.0.0.19
start time: 1741054876029
local preference: 110
end time: 1741054876030
Time: 1 ms
--------------------------------------------------
received prefix: 10.0.0.19
start time: 1741054876034
local preference: 109
end time: 1741054876035
Time: 1 ms
--------------------------------------------------
received prefix: 10.0.0.19
start time: 1741054876038
local preference: 110
end time: 1741054876039
Time: 1 ms
--------------------------------------------------
received prefix: 10.0.0.19
start time: 1741054876047
local preference: 109
end time: 1741054876048
Time: 1 ms
--------------------------------------------------
received prefix: 10.0.0.19
start time: 1741054876082
local preference: 110
end time: 1741054876083
Time: 1 ms
--------------------------------------------------
received prefix: 10.0.0.19
start time: 1741054876086
local preference: 109
end time: 1741054876090
Time: 4 ms
--------------------------------------------------
received prefix: 10.0.0.19
start time: 1741054876109
local preference: 110
end time: 1741054876109
Time: 0 ms
--------------------------------------------------
received prefix: 10.0.0.19
start time: 1741054876111
local preference: 109
end time: 1741054876112
Time: 1 ms
--------------------------------------------------
received prefix: 10.0.0.23
start time: 1741054876347
local preference: 110
end time: 1741054876348
Time: 1 ms
--------------------------------------------------
received prefix: 10.0.0.23
start time: 1741054876354
local preference: 110
end time: 1741054876355
Time: 1 ms
--------------------------------------------------
received prefix: 10.0.0.23
start time: 1741054876365
local preference: 110
end time: 1741054876366
Time: 1 ms
--------------------------------------------------
received prefix: 10.0.0.23
start time: 1741054876373
local preference: 110
end time: 1741054876374
Time: 1 ms
--------------------------------------------------
received prefix: 10.0.0.23
start time: 1741054876383
local preference: 111
end time: 1741054876384
Time: 1 ms
--------------------------------------------------
received prefix: 10.0.0.23
start time: 1741054876394
local preference: 110
end time: 1741054876395
Time: 1 ms
--------------------------------------------------
received prefix: 10.0.0.23
start time: 1741054876407
local preference: 110
end time: 1741054876408
Time: 1 ms
--------------------------------------------------
received prefix: 10.0.0.23
start time: 1741054876435
local preference: 110
end time: 1741054876436
Time: 1 ms
--------------------------------------------------
received prefix: 10.0.0.23
start time: 1741054876439
local preference: 110
end time: 1741054876439
Time: 0 ms
--------------------------------------------------
received prefix: 10.0.0.23
start time: 1741054876441
local preference: 110
end time: 1741054876442
Time: 1 ms
--------------------------------------------------
received prefix: 10.0.0.24
start time: 1741054876702
local preference: 110
end time: 1741054876703
Time: 1 ms
--------------------------------------------------
received prefix: 10.0.0.24
start time: 1741054876715
local preference: 110
end time: 1741054876717
Time: 2 ms
--------------------------------------------------
received prefix: 10.0.0.24
start time: 1741054876724
local preference: 110
end time: 1741054876726
Time: 2 ms
--------------------------------------------------
received prefix: 10.0.0.24
start time: 1741054876739
local preference: 110
end time: 1741054876741
Time: 2 ms
--------------------------------------------------
received prefix: 10.0.0.24
start time: 1741054876754
local preference: 110
end time: 1741054876756
Time: 2 ms
--------------------------------------------------
received prefix: 10.0.0.24
start time: 1741054876761
local preference: 110
end time: 1741054876762
Time: 1 ms
--------------------------------------------------
received prefix: 10.0.0.24
start time: 1741054876766
local preference: 110
end time: 1741054876767
Time: 1 ms
--------------------------------------------------
received prefix: 10.0.0.24
start time: 1741054876769
local preference: 110
end time: 1741054876769
Time: 0 ms
--------------------------------------------------
received prefix: 10.0.0.24
start time: 1741054876772
local preference: 110
end time: 1741054876773
Time: 1 ms
--------------------------------------------------
received prefix: 10.0.0.24
start time: 1741054876776
local preference: 110
end time: 1741054876777
Time: 1 ms
--------------------------------------------------
received prefix: 10.0.0.27
start time: 1741054876944
local preference: 116
end time: 1741054876946
Time: 2 ms
--------------------------------------------------
received prefix: 10.0.0.27
start time: 1741054876962
local preference: 116
end time: 1741054876963
Time: 1 ms
--------------------------------------------------
received prefix: 10.0.0.27
start time: 1741054876968
local preference: 116
end time: 1741054876969
Time: 1 ms
--------------------------------------------------
received prefix: 10.0.0.27
start time: 1741054876971
local preference: 116
end time: 1741054876971
Time: 0 ms
--------------------------------------------------
received prefix: 10.0.0.27
start time: 1741054876978
local preference: 117
end time: 1741054876979
Time: 1 ms
--------------------------------------------------
received prefix: 10.0.0.27
start time: 1741054876992
local preference: 116
end time: 1741054876995
Time: 3 ms
--------------------------------------------------
received prefix: 10.0.0.27
start time: 1741054877001
local preference: 116
end time: 1741054877002
Time: 1 ms
--------------------------------------------------
received prefix: 10.0.0.27
start time: 1741054877006
local preference: 116
end time: 1741054877007
Time: 1 ms
--------------------------------------------------
received prefix: 10.0.0.27
start time: 1741054877010
local preference: 116
end time: 1741054877011
Time: 1 ms
--------------------------------------------------
received prefix: 10.0.0.27
start time: 1741054877013
local preference: 116
end time: 1741054877014
Time: 1 ms
--------------------------------------------------
received prefix: 10.0.0.28
start time: 1741054877229
local preference: 115
end time: 1741054877230
Time: 1 ms
--------------------------------------------------
received prefix: 10.0.0.28
start time: 1741054877247
local preference: 115
end time: 1741054877248
Time: 1 ms
--------------------------------------------------
received prefix: 10.0.0.28
start time: 1741054877273
local preference: 115
end time: 1741054877274
Time: 1 ms
--------------------------------------------------
received prefix: 10.0.0.28
start time: 1741054877276
local preference: 115
end time: 1741054877276
Time: 0 ms
--------------------------------------------------
received prefix: 10.0.0.28
start time: 1741054877279
local preference: 116
end time: 1741054877280
Time: 1 ms
--------------------------------------------------
received prefix: 10.0.0.28
start time: 1741054877286
local preference: 115
end time: 1741054877289
Time: 3 ms
--------------------------------------------------
received prefix: 10.0.0.28
start time: 1741054877307
local preference: 115
end time: 1741054877308
Time: 1 ms
--------------------------------------------------
received prefix: 10.0.0.28
start time: 1741054877310
local preference: 115
end time: 1741054877310
Time: 0 ms
--------------------------------------------------
received prefix: 10.0.0.28
start time: 1741054877318
local preference: 115
end time: 1741054877322
Time: 4 ms
--------------------------------------------------
received prefix: 10.0.0.28
start time: 1741054877330
local preference: 115
end time: 1741054877332
Time: 2 ms
--------------------------------------------------
received prefix: 10.0.0.29
start time: 1741054877700
local preference: 114
end time: 1741054877704
Time: 4 ms
--------------------------------------------------
received prefix: 10.0.0.29
start time: 1741054877708
local preference: 113
end time: 1741054877709
Time: 1 ms
--------------------------------------------------
received prefix: 10.0.0.29
start time: 1741054877712
local preference: 114
end time: 1741054877713
Time: 1 ms
--------------------------------------------------
received prefix: 10.0.0.29
start time: 1741054877719
local preference: 113
end time: 1741054877722
Time: 3 ms
--------------------------------------------------
received prefix: 10.0.0.29
start time: 1741054877747
local preference: 114
end time: 1741054877750
Time: 3 ms
--------------------------------------------------
received prefix: 10.0.0.29
start time: 1741054877764
local preference: 114
end time: 1741054877767
Time: 3 ms
--------------------------------------------------
received prefix: 10.0.0.29
start time: 1741054877775
local preference: 114
end time: 1741054877776
Time: 1 ms
--------------------------------------------------
received prefix: 10.0.0.29
start time: 1741054877782
local preference: 113
end time: 1741054877786
Time: 4 ms
--------------------------------------------------
received prefix: 10.0.0.29
start time: 1741054877803
local preference: 114
end time: 1741054877804
Time: 1 ms
--------------------------------------------------
received prefix: 10.0.0.29
start time: 1741054877807
local preference: 113
end time: 1741054877807
Time: 0 ms
--------------------------------------------------
received prefix: 10.0.0.30
start time: 1741054877962
local preference: 112
end time: 1741054877964
Time: 2 ms
--------------------------------------------------
received prefix: 10.0.0.30
start time: 1741054877970
local preference: 112
end time: 1741054877971
Time: 1 ms
--------------------------------------------------
received prefix: 10.0.0.30
start time: 1741054877996
local preference: 112
end time: 1741054877997
Time: 1 ms
--------------------------------------------------
received prefix: 10.0.0.30
start time: 1741054878000
local preference: 112
end time: 1741054878001
Time: 1 ms
--------------------------------------------------
received prefix: 10.0.0.30
start time: 1741054878038
local preference: 113
end time: 1741054878039
Time: 1 ms
--------------------------------------------------
received prefix: 10.0.0.30
start time: 1741054878041
local preference: 112
end time: 1741054878042
Time: 1 ms
--------------------------------------------------
received prefix: 10.0.0.30
start time: 1741054878045
local preference: 112
end time: 1741054878046
Time: 1 ms
--------------------------------------------------
received prefix: 10.0.0.30
start time: 1741054878062
local preference: 112
end time: 1741054878063
Time: 1 ms
--------------------------------------------------
received prefix: 10.0.0.30
start time: 1741054878070
local preference: 112
end time: 1741054878070
Time: 0 ms
--------------------------------------------------
received prefix: 10.0.0.30
start time: 1741054878075
local preference: 112
end time: 1741054878075
Time: 0 ms
--------------------------------------------------
received prefix: 10.0.0.31
start time: 1741054878856
local preference: 112
end time: 1741054878857
Time: 1 ms
--------------------------------------------------
received prefix: 10.0.0.31
start time: 1741054878863
local preference: 112
end time: 1741054878864
Time: 1 ms
--------------------------------------------------
received prefix: 10.0.0.31
start time: 1741054878875
local preference: 112
end time: 1741054878878
Time: 3 ms
--------------------------------------------------
received prefix: 10.0.0.31
start time: 1741054878889
local preference: 112
end time: 1741054878890
Time: 1 ms
--------------------------------------------------
received prefix: 10.0.0.31
start time: 1741054878905
local preference: 113
end time: 1741054878906
Time: 1 ms
--------------------------------------------------
received prefix: 10.0.0.31
start time: 1741054878913
local preference: 112
end time: 1741054878917
Time: 4 ms
--------------------------------------------------
received prefix: 10.0.0.31
start time: 1741054878925
local preference: 112
end time: 1741054878925
Time: 0 ms
--------------------------------------------------
received prefix: 10.0.0.31
start time: 1741054878929
local preference: 112
end time: 1741054878930
Time: 1 ms
--------------------------------------------------
received prefix: 10.0.0.31
start time: 1741054878935
local preference: 112
end time: 1741054878936
Time: 1 ms
--------------------------------------------------
received prefix: 10.0.0.31
start time: 1741054878945
local preference: 112
end time: 1741054878947
Time: 2 ms
--------------------------------------------------
received prefix: 10.0.0.8
start time: 1741054882181
local preference: 112
end time: 1741054882184
Time: 3 ms
--------------------------------------------------
received prefix: 10.0.0.8
start time: 1741054882191
local preference: 112
end time: 1741054882195
Time: 4 ms
--------------------------------------------------
received prefix: 10.0.0.8
start time: 1741054882218
local preference: 113
end time: 1741054882222
Time: 4 ms
--------------------------------------------------
received prefix: 10.0.0.8
start time: 1741054882226
local preference: 113
end time: 1741054882228
Time: 2 ms
--------------------------------------------------
received prefix: 10.0.0.8
start time: 1741054882230
local preference: 112
end time: 1741054882231
Time: 1 ms
--------------------------------------------------
received prefix: 10.0.0.7
start time: 1741054882492
local preference: 110
end time: 1741054882492
Time: 0 ms
--------------------------------------------------
received prefix: 10.0.0.7
start time: 1741054882505
local preference: 110
end time: 1741054882506
Time: 1 ms
--------------------------------------------------
received prefix: 10.0.0.7
start time: 1741054882508
local preference: 110
end time: 1741054882508
Time: 0 ms
--------------------------------------------------
received prefix: 10.0.0.7
start time: 1741054882511
local preference: 110
end time: 1741054882511
Time: 0 ms
--------------------------------------------------
received prefix: 10.0.0.7
start time: 1741054882513
local preference: 110
end time: 1741054882514
Time: 1 ms
--------------------------------------------------
received prefix: 10.0.0.9
start time: 1741054888722
local preference: 110
end time: 1741054888723
Time: 1 ms
--------------------------------------------------
received prefix: 10.0.0.10
start time: 1741054888833
local preference: 110
end time: 1741054888835
Time: 2 ms
--------------------------------------------------
received prefix: 10.0.0.11
start time: 1741054889048
local preference: 112
end time: 1741054889049
Time: 1 ms
--------------------------------------------------
received prefix: 10.0.0.12
start time: 1741054889166
local preference: 111
end time: 1741054889167
Time: 1 ms
--------------------------------------------------
received prefix: 10.0.0.32
start time: 1741054889926
local preference: 112
end time: 1741054889928
Time: 2 ms
--------------------------------------------------
received prefix: 10.0.0.26
start time: 1741054890762
local preference: 117
end time: 1741054890763
Time: 1 ms
--------------------------------------------------
received prefix: 10.0.0.25
start time: 1741054891525
local preference: 116
end time: 1741054891526
Time: 1 ms
--------------------------------------------------
received prefix: 10.0.0.21
start time: 1741054892341
local preference: 111
end time: 1741054892342
Time: 1 ms
--------------------------------------------------
received prefix: 10.0.0.22
start time: 1741054893098
local preference: 112
end time: 1741054893099
Time: 1 ms
--------------------------------------------------
received prefix: 10.0.0.20
start time: 1741054893831
local preference: 113
end time: 1741054893832
Time: 1 ms
--------------------------------------------------
received prefix: 10.0.0.13
start time: 1741054894491
local preference: 110
end time: 1741054894492
Time: 1 ms
--------------------------------------------------
received prefix: 10.0.0.14
start time: 1741054895298
local preference: 112
end time: 1741054895301
Time: 3 ms
--------------------------------------------------
received prefix: 10.0.0.15
start time: 1741054896103
local preference: 112
end time: 1741054896104
Time: 1 ms
--------------------------------------------------
received prefix: 10.0.0.16
start time: 1741054896860
local preference: 109
end time: 1741054896863
Time: 3 ms
--------------------------------------------------
received prefix: 10.0.0.17
start time: 1741054897560
local preference: 111
end time: 1741054897561
Time: 1 ms
--------------------------------------------------
received prefix: 10.0.0.18
start time: 1741054898318
local preference: 109
end time: 1741054898318
Time: 0 ms
--------------------------------------------------
received prefix: 10.0.0.19
start time: 1741054899074
local preference: 110
end time: 1741054899075
Time: 1 ms
--------------------------------------------------
received prefix: 10.0.0.23
start time: 1741054899864
local preference: 110
end time: 1741054899866
Time: 2 ms
--------------------------------------------------
received prefix: 10.0.0.24
start time: 1741054900745
local preference: 110
end time: 1741054900746
Time: 1 ms
--------------------------------------------------
received prefix: 10.0.0.27
start time: 1741054901570
local preference: 116
end time: 1741054901571
Time: 1 ms
--------------------------------------------------
received prefix: 10.0.0.28
start time: 1741054902391
local preference: 115
end time: 1741054902394
Time: 3 ms
--------------------------------------------------
received prefix: 10.0.0.29
start time: 1741054903238
local preference: 114
end time: 1741054903240
Time: 2 ms
--------------------------------------------------
received prefix: 10.0.0.30
start time: 1741054903945
local preference: 112
end time: 1741054903945
Time: 0 ms
--------------------------------------------------
received prefix: 10.0.0.31
start time: 1741054904797
local preference: 112
end time: 1741054904798
Time: 1 ms
--------------------------------------------------
received prefix: 10.0.0.6
start time: 1741054947260
local preference: 109
end time: 1741054947261
Time: 1 ms
--------------------------------------------------
received prefix: 10.0.0.4
start time: 1741054947753
local preference: 117
end time: 1741054947754
Time: 1 ms
--------------------------------------------------
received prefix: 10.0.0.5
start time: 1741054948239
local preference: 111
end time: 1741054948241
Time: 2 ms
--------------------------------------------------
received prefix: 10.0.0.12
start time: 1741054948444
local preference: 110
end time: 1741054948445
Time: 1 ms
--------------------------------------------------
received prefix: 10.0.0.7
start time: 1741054951637
local preference: 110
end time: 1741054951637
Time: 0 ms
--------------------------------------------------
received prefix: 10.0.0.7
start time: 1741054951640
local preference: 110
end time: 1741054951640
Time: 0 ms
--------------------------------------------------
received prefix: 10.0.0.7
start time: 1741054951643
local preference: 110
end time: 1741054951643
Time: 0 ms
--------------------------------------------------
received prefix: 10.0.0.7
start time: 1741054951646
local preference: 110
end time: 1741054951646
Time: 0 ms
--------------------------------------------------
received prefix: 10.0.0.7
start time: 1741054951653
local preference: 110
end time: 1741054951656
Time: 3 ms
--------------------------------------------------
received prefix: 10.0.0.8
start time: 1741054951703
local preference: 112
end time: 1741054951704
Time: 1 ms
--------------------------------------------------
received prefix: 10.0.0.8
start time: 1741054951706
local preference: 112
end time: 1741054951706
Time: 0 ms
--------------------------------------------------
received prefix: 10.0.0.8
start time: 1741054951709
local preference: 113
end time: 1741054951709
Time: 0 ms
--------------------------------------------------
received prefix: 10.0.0.8
start time: 1741054951712
local preference: 112
end time: 1741054951712
Time: 0 ms
--------------------------------------------------
received prefix: 10.0.0.8
start time: 1741054951729
local preference: 112
end time: 1741054951730
Time: 1 ms
--------------------------------------------------
received prefix: 10.0.0.7
start time: 1741054952231
local preference: 110
end time: 1741054952231
Time: 0 ms
--------------------------------------------------
received prefix: 10.0.0.7
start time: 1741054952233
local preference: 110
end time: 1741054952233
Time: 0 ms
--------------------------------------------------
received prefix: 10.0.0.7
start time: 1741054952240
local preference: 110
end time: 1741054952241
Time: 1 ms
--------------------------------------------------
received prefix: 10.0.0.7
start time: 1741054952245
local preference: 110
end time: 1741054952246
Time: 1 ms
--------------------------------------------------
received prefix: 10.0.0.7
start time: 1741054952259
local preference: 110
end time: 1741054952261
Time: 2 ms
--------------------------------------------------
received prefix: 10.0.0.8
start time: 1741054952304
local preference: 112
end time: 1741054952304
Time: 0 ms
--------------------------------------------------
received prefix: 10.0.0.8
start time: 1741054952307
local preference: 112
end time: 1741054952308
Time: 1 ms
--------------------------------------------------
received prefix: 10.0.0.8
start time: 1741054952310
local preference: 113
end time: 1741054952310
Time: 0 ms
--------------------------------------------------
received prefix: 10.0.0.8
start time: 1741054952322
local preference: 112
end time: 1741054952324
Time: 2 ms
--------------------------------------------------
received prefix: 10.0.0.8
start time: 1741054952339
local preference: 112
end time: 1741054952340
Time: 1 ms
--------------------------------------------------
received prefix: 10.0.0.7
start time: 1741054952687
local preference: 110
end time: 1741054952690
Time: 3 ms
--------------------------------------------------
received prefix: 10.0.0.7
start time: 1741054952701
local preference: 110
end time: 1741054952702
Time: 1 ms
--------------------------------------------------
received prefix: 10.0.0.7
start time: 1741054952706
local preference: 110
end time: 1741054952706
Time: 0 ms
--------------------------------------------------
received prefix: 10.0.0.7
start time: 1741054952708
local preference: 110
end time: 1741054952709
Time: 1 ms
--------------------------------------------------
received prefix: 10.0.0.7
start time: 1741054952711
local preference: 110
end time: 1741054952711
Time: 0 ms
--------------------------------------------------
received prefix: 10.0.0.8
start time: 1741054952912
local preference: 112
end time: 1741054952914
Time: 2 ms
--------------------------------------------------
received prefix: 10.0.0.8
start time: 1741054952928
local preference: 112
end time: 1741054952929
Time: 1 ms
--------------------------------------------------
received prefix: 10.0.0.8
start time: 1741054952933
local preference: 113
end time: 1741054952934
Time: 1 ms
--------------------------------------------------
received prefix: 10.0.0.8
start time: 1741054952936
local preference: 112
end time: 1741054952937
Time: 1 ms
--------------------------------------------------
received prefix: 10.0.0.8
start time: 1741054952939
local preference: 112
end time: 1741054952940
Time: 1 ms
--------------------------------------------------
received prefix: 10.0.0.12
start time: 1741054953220
local preference: 111
end time: 1741054953221
Time: 1 ms
--------------------------------------------------
received prefix: 10.0.0.12
start time: 1741054953241
local preference: 110
end time: 1741054953242
Time: 1 ms
--------------------------------------------------
received prefix: 10.0.0.12
start time: 1741054953245
local preference: 111
end time: 1741054953246
Time: 1 ms
--------------------------------------------------
received prefix: 10.0.0.12
start time: 1741054953254
local preference: 110
end time: 1741054953257
Time: 3 ms
--------------------------------------------------
received prefix: 10.0.0.12
start time: 1741054953268
local preference: 111
end time: 1741054953269
Time: 1 ms
--------------------------------------------------
received prefix: 10.0.0.12
start time: 1741054953273
local preference: 111
end time: 1741054953274
Time: 1 ms
--------------------------------------------------
received prefix: 10.0.0.12
start time: 1741054953278
local preference: 111
end time: 1741054953278
Time: 0 ms
--------------------------------------------------
received prefix: 10.0.0.12
start time: 1741054953282
local preference: 110
end time: 1741054953287
Time: 5 ms
--------------------------------------------------
received prefix: 10.0.0.12
start time: 1741054953311
local preference: 111
end time: 1741054953312
Time: 1 ms
--------------------------------------------------
received prefix: 10.0.0.7
start time: 1741054953569
local preference: 110
end time: 1741054953571
Time: 2 ms
--------------------------------------------------
received prefix: 10.0.0.7
start time: 1741054953584
local preference: 110
end time: 1741054953586
Time: 2 ms
--------------------------------------------------
received prefix: 10.0.0.7
start time: 1741054953596
local preference: 110
end time: 1741054953598
Time: 2 ms
--------------------------------------------------
received prefix: 10.0.0.7
start time: 1741054953610
local preference: 110
end time: 1741054953610
Time: 0 ms
--------------------------------------------------
received prefix: 10.0.0.7
start time: 1741054953612
local preference: 110
end time: 1741054953613
Time: 1 ms
--------------------------------------------------
received prefix: 10.0.0.8
start time: 1741054953651
local preference: 112
end time: 1741054953653
Time: 2 ms
--------------------------------------------------
received prefix: 10.0.0.8
start time: 1741054953661
local preference: 112
end time: 1741054953662
Time: 1 ms
--------------------------------------------------
received prefix: 10.0.0.8
start time: 1741054953674
local preference: 112
end time: 1741054953675
Time: 1 ms
--------------------------------------------------
received prefix: 10.0.0.8
start time: 1741054953679
local preference: 112
end time: 1741054953680
Time: 1 ms
--------------------------------------------------
received prefix: 10.0.0.8
start time: 1741054953686
local preference: 112
end time: 1741054953686
Time: 0 ms
--------------------------------------------------
received prefix: 10.0.0.7
start time: 1741054953840
local preference: 110
end time: 1741054953841
Time: 1 ms
--------------------------------------------------
received prefix: 10.0.0.7
start time: 1741054953860
local preference: 110
end time: 1741054953862
Time: 2 ms
--------------------------------------------------
received prefix: 10.0.0.7
start time: 1741054953870
local preference: 110
end time: 1741054953872
Time: 2 ms
--------------------------------------------------
received prefix: 10.0.0.7
start time: 1741054953886
local preference: 110
end time: 1741054953887
Time: 1 ms
--------------------------------------------------
received prefix: 10.0.0.7
start time: 1741054953890
local preference: 110
end time: 1741054953891
Time: 1 ms
--------------------------------------------------
received prefix: 10.0.0.8
start time: 1741054953929
local preference: 112
end time: 1741054953931
Time: 2 ms
--------------------------------------------------
received prefix: 10.0.0.8
start time: 1741054953934
local preference: 112
end time: 1741054953936
Time: 2 ms
--------------------------------------------------
received prefix: 10.0.0.8
start time: 1741054953958
local preference: 112
end time: 1741054953959
Time: 1 ms
--------------------------------------------------
received prefix: 10.0.0.8
start time: 1741054953962
local preference: 113
end time: 1741054953965
Time: 3 ms
--------------------------------------------------
received prefix: 10.0.0.8
start time: 1741054953970
local preference: 112
end time: 1741054953971
Time: 1 ms
--------------------------------------------------
received prefix: 10.0.0.11
start time: 1741054954177
local preference: 112
end time: 1741054954178
Time: 1 ms
--------------------------------------------------
received prefix: 10.0.0.11
start time: 1741054954181
local preference: 112
end time: 1741054954185
Time: 4 ms
--------------------------------------------------
received prefix: 10.0.0.11
start time: 1741054954200
local preference: 112
end time: 1741054954202
Time: 2 ms
--------------------------------------------------
received prefix: 10.0.0.11
start time: 1741054954207
local preference: 112
end time: 1741054954208
Time: 1 ms
--------------------------------------------------
received prefix: 10.0.0.11
start time: 1741054954214
local preference: 112
end time: 1741054954214
Time: 0 ms
--------------------------------------------------
received prefix: 10.0.0.9
start time: 1741054954419
local preference: 110
end time: 1741054954421
Time: 2 ms
--------------------------------------------------
received prefix: 10.0.0.9
start time: 1741054954435
local preference: 110
end time: 1741054954436
Time: 1 ms
--------------------------------------------------
received prefix: 10.0.0.9
start time: 1741054954453
local preference: 110
end time: 1741054954454
Time: 1 ms
--------------------------------------------------
received prefix: 10.0.0.9
start time: 1741054954474
local preference: 110
end time: 1741054954476
Time: 2 ms
--------------------------------------------------
received prefix: 10.0.0.9
start time: 1741054954482
local preference: 110
end time: 1741054954483
Time: 1 ms
--------------------------------------------------
received prefix: 10.0.0.10
start time: 1741054954765
local preference: 110
end time: 1741054954767
Time: 2 ms
--------------------------------------------------
received prefix: 10.0.0.10
start time: 1741054954776
local preference: 110
end time: 1741054954778
Time: 2 ms
--------------------------------------------------
received prefix: 10.0.0.10
start time: 1741054954780
local preference: 110
end time: 1741054954781
Time: 1 ms
--------------------------------------------------
received prefix: 10.0.0.10
start time: 1741054954787
local preference: 111
end time: 1741054954790
Time: 3 ms
--------------------------------------------------
received prefix: 10.0.0.10
start time: 1741054954794
local preference: 110
end time: 1741054954795
Time: 1 ms
--------------------------------------------------
received prefix: 10.0.0.12
start time: 1741054955565
local preference: 111
end time: 1741054955566
Time: 1 ms
--------------------------------------------------
received prefix: 10.0.0.12
start time: 1741054955570
local preference: 111
end time: 1741054955571
Time: 1 ms
--------------------------------------------------
received prefix: 10.0.0.12
start time: 1741054955595
local preference: 111
end time: 1741054955596
Time: 1 ms
--------------------------------------------------
received prefix: 10.0.0.12
start time: 1741054955606
local preference: 111
end time: 1741054955608
Time: 2 ms
--------------------------------------------------
received prefix: 10.0.0.12
start time: 1741054955616
local preference: 111
end time: 1741054955618
Time: 2 ms
--------------------------------------------------
received prefix: 10.0.0.13
start time: 1741054957520
local preference: 111
end time: 1741054957522
Time: 2 ms
--------------------------------------------------
received prefix: 10.0.0.14
start time: 1741054957933
local preference: 112
end time: 1741054957934
Time: 1 ms
--------------------------------------------------
received prefix: 10.0.0.1
start time: 1741055324188
local preference: 211
end time: 1741055324232
Time: 44 ms
--------------------------------------------------
received prefix: 10.0.0.1
start time: 1741055324244
local preference: 211
end time: 1741055324248
Time: 4 ms
--------------------------------------------------
received prefix: 10.0.0.1
start time: 1741055324257
local preference: 211
end time: 1741055324259
Time: 2 ms
--------------------------------------------------
received prefix: 10.0.0.1
start time: 1741055324262
local preference: 211
end time: 1741055324263
Time: 1 ms
--------------------------------------------------
received prefix: 10.0.0.1
start time: 1741055324265
local preference: 209
end time: 1741055324266
Time: 1 ms
--------------------------------------------------
received prefix: 10.0.0.1
start time: 1741055324269
local preference: 209
end time: 1741055324270
Time: 1 ms
--------------------------------------------------
received prefix: 10.0.0.1
start time: 1741055324271
local preference: 211
end time: 1741055324272
Time: 1 ms
--------------------------------------------------
received prefix: 10.0.0.1
start time: 1741055324275
local preference: 211
end time: 1741055324276
Time: 1 ms
--------------------------------------------------
received prefix: 10.0.0.1
start time: 1741055324290
local preference: 211
end time: 1741055324292
Time: 2 ms
--------------------------------------------------
received prefix: 10.0.0.1
start time: 1741055324295
local preference: 211
end time: 1741055324296
Time: 1 ms
--------------------------------------------------
received prefix: 10.0.0.2
start time: 1741055324298
local preference: 213
end time: 1741055324299
Time: 1 ms
--------------------------------------------------
received prefix: 10.0.0.2
start time: 1741055324301
local preference: 213
end time: 1741055324301
Time: 0 ms
--------------------------------------------------
received prefix: 10.0.0.2
start time: 1741055324305
local preference: 213
end time: 1741055324305
Time: 0 ms
--------------------------------------------------
received prefix: 10.0.0.2
start time: 1741055324307
local preference: 213
end time: 1741055324308
Time: 1 ms
--------------------------------------------------
received prefix: 10.0.0.2
start time: 1741055324338
local preference: 211
end time: 1741055324338
Time: 0 ms
--------------------------------------------------
received prefix: 10.0.0.2
start time: 1741055324342
local preference: 211
end time: 1741055324343
Time: 1 ms
--------------------------------------------------
received prefix: 10.0.0.2
start time: 1741055324349
local preference: 213
end time: 1741055324349
Time: 0 ms
--------------------------------------------------
received prefix: 10.0.0.2
start time: 1741055324359
local preference: 213
end time: 1741055324361
Time: 2 ms
--------------------------------------------------
received prefix: 10.0.0.2
start time: 1741055324378
local preference: 213
end time: 1741055324379
Time: 1 ms
--------------------------------------------------
received prefix: 10.0.0.2
start time: 1741055324381
local preference: 213
end time: 1741055324382
Time: 1 ms
--------------------------------------------------
received prefix: 10.0.0.3
start time: 1741055324444
local preference: 202
end time: 1741055324445
Time: 1 ms
--------------------------------------------------
received prefix: 10.0.0.3
start time: 1741055324464
local preference: 202
end time: 1741055324465
Time: 1 ms
--------------------------------------------------
received prefix: 10.0.0.3
start time: 1741055324474
local preference: 202
end time: 1741055324475
Time: 1 ms
--------------------------------------------------
received prefix: 10.0.0.3
start time: 1741055324498
local preference: 202
end time: 1741055324500
Time: 2 ms
--------------------------------------------------
received prefix: 10.0.0.3
start time: 1741055324516
local preference: 200
end time: 1741055324517
Time: 1 ms
--------------------------------------------------
received prefix: 10.0.0.3
start time: 1741055324526
local preference: 200
end time: 1741055324529
Time: 3 ms
--------------------------------------------------
received prefix: 10.0.0.3
start time: 1741055324540
local preference: 202
end time: 1741055324542
Time: 2 ms
--------------------------------------------------
received prefix: 10.0.0.3
start time: 1741055324545
local preference: 202
end time: 1741055324546
Time: 1 ms
--------------------------------------------------
received prefix: 10.0.0.3
start time: 1741055324551
local preference: 201
end time: 1741055324554
Time: 3 ms
--------------------------------------------------
received prefix: 10.0.0.3
start time: 1741055324580
local preference: 201
end time: 1741055324581
Time: 1 ms
--------------------------------------------------
received prefix: 10.0.0.4
start time: 1741055324990
local preference: 180
end time: 1741055324991
Time: 1 ms
--------------------------------------------------
received prefix: 10.0.0.4
start time: 1741055325008
local preference: 180
end time: 1741055325010
Time: 2 ms
--------------------------------------------------
received prefix: 10.0.0.4
start time: 1741055325015
local preference: 180
end time: 1741055325015
Time: 0 ms
--------------------------------------------------
received prefix: 10.0.0.4
start time: 1741055325021
local preference: 180
end time: 1741055325024
Time: 3 ms
--------------------------------------------------
received prefix: 10.0.0.4
start time: 1741055325059
local preference: 180
end time: 1741055325064
Time: 5 ms
--------------------------------------------------
received prefix: 10.0.0.4
start time: 1741055325078
local preference: 180
end time: 1741055325079
Time: 1 ms
--------------------------------------------------
received prefix: 10.0.0.4
start time: 1741055325082
local preference: 180
end time: 1741055325083
Time: 1 ms
--------------------------------------------------
received prefix: 10.0.0.4
start time: 1741055325092
local preference: 180
end time: 1741055325094
Time: 2 ms
--------------------------------------------------
received prefix: 10.0.0.4
start time: 1741055325106
local preference: 180
end time: 1741055325107
Time: 1 ms
--------------------------------------------------
received prefix: 10.0.0.4
start time: 1741055325112
local preference: 180
end time: 1741055325112
Time: 0 ms
--------------------------------------------------
received prefix: 10.0.0.5
start time: 1741055325233
local preference: 205
end time: 1741055325234
Time: 1 ms
--------------------------------------------------
received prefix: 10.0.0.5
start time: 1741055325241
local preference: 205
end time: 1741055325242
Time: 1 ms
--------------------------------------------------
received prefix: 10.0.0.5
start time: 1741055325245
local preference: 206
end time: 1741055325246
Time: 1 ms
--------------------------------------------------
received prefix: 10.0.0.5
start time: 1741055325274
local preference: 206
end time: 1741055325275
Time: 1 ms
--------------------------------------------------
received prefix: 10.0.0.5
start time: 1741055325278
local preference: 205
end time: 1741055325279
Time: 1 ms
--------------------------------------------------
received prefix: 10.0.0.5
start time: 1741055325283
local preference: 205
end time: 1741055325284
Time: 1 ms
--------------------------------------------------
received prefix: 10.0.0.5
start time: 1741055325317
local preference: 204
end time: 1741055325319
Time: 2 ms
--------------------------------------------------
received prefix: 10.0.0.5
start time: 1741055325325
local preference: 204
end time: 1741055325326
Time: 1 ms
--------------------------------------------------
received prefix: 10.0.0.5
start time: 1741055325349
local preference: 205
end time: 1741055325352
Time: 3 ms
--------------------------------------------------
received prefix: 10.0.0.5
start time: 1741055325361
local preference: 205
end time: 1741055325362
Time: 1 ms
--------------------------------------------------
received prefix: 10.0.0.6
start time: 1741055325485
local preference: 214
end time: 1741055325489
Time: 4 ms
--------------------------------------------------
received prefix: 10.0.0.6
start time: 1741055325495
local preference: 214
end time: 1741055325496
Time: 1 ms
--------------------------------------------------
received prefix: 10.0.0.6
start time: 1741055325512
local preference: 213
end time: 1741055325513
Time: 1 ms
--------------------------------------------------
received prefix: 10.0.0.6
start time: 1741055325527
local preference: 213
end time: 1741055325531
Time: 4 ms
--------------------------------------------------
received prefix: 10.0.0.6
start time: 1741055325551
local preference: 213
end time: 1741055325553
Time: 2 ms
--------------------------------------------------
received prefix: 10.0.0.6
start time: 1741055325556
local preference: 213
end time: 1741055325557
Time: 1 ms
--------------------------------------------------
received prefix: 10.0.0.6
start time: 1741055325573
local preference: 217
end time: 1741055325573
Time: 0 ms
--------------------------------------------------
received prefix: 10.0.0.6
start time: 1741055325580
local preference: 217
end time: 1741055325581
Time: 1 ms
--------------------------------------------------
received prefix: 10.0.0.6
start time: 1741055325590
local preference: 213
end time: 1741055325592
Time: 2 ms
--------------------------------------------------
received prefix: 10.0.0.6
start time: 1741055325609
local preference: 213
end time: 1741055325609
Time: 0 ms
--------------------------------------------------
received prefix: 10.0.0.8
start time: 1741055327639
local preference: 207
end time: 1741055327640
Time: 1 ms
--------------------------------------------------
received prefix: 10.0.0.6
start time: 1741055328330
local preference: 214
end time: 1741055328331
Time: 1 ms
--------------------------------------------------
received prefix: 10.0.0.1
start time: 1741055329140
local preference: 210
end time: 1741055329141
Time: 1 ms
--------------------------------------------------
received prefix: 10.0.0.2
start time: 1741055330107
local preference: 213
end time: 1741055330108
Time: 1 ms
--------------------------------------------------
received prefix: 10.0.0.3
start time: 1741055330822
local preference: 198
end time: 1741055330823
Time: 1 ms
--------------------------------------------------
received prefix: 10.0.0.4
start time: 1741055331488
local preference: 177
end time: 1741055331488
Time: 0 ms
--------------------------------------------------
received prefix: 10.0.0.5
start time: 1741055332279
local preference: 206
end time: 1741055332280
Time: 1 ms
--------------------------------------------------
received prefix: 10.0.0.7
start time: 1741055332379
local preference: 210
end time: 1741055332380
Time: 1 ms
--------------------------------------------------
received prefix: 10.0.0.32
start time: 1741055410865
local preference: 207
end time: 1741055410865
Time: 0 ms
--------------------------------------------------
received prefix: 10.0.0.3
start time: 1741055411381
local preference: 201
end time: 1741055411381
Time: 0 ms
--------------------------------------------------
received prefix: 10.0.0.1
start time: 1741055411879
local preference: 213
end time: 1741055411880
Time: 1 ms
--------------------------------------------------
received prefix: 10.0.0.2
start time: 1741055412353
local preference: 216
end time: 1741055412356
Time: 3 ms
--------------------------------------------------
received prefix: 10.0.0.26
start time: 1741055412507
local preference: 192
end time: 1741055412510
Time: 3 ms
--------------------------------------------------
received prefix: 10.0.0.25
start time: 1741055412597
local preference: 191
end time: 1741055412598
Time: 1 ms
--------------------------------------------------
received prefix: 10.0.0.21
start time: 1741055412723
local preference: 212
end time: 1741055412725
Time: 2 ms
--------------------------------------------------
received prefix: 10.0.0.22
start time: 1741055412815
local preference: 213
end time: 1741055412816
Time: 1 ms
--------------------------------------------------
received prefix: 10.0.0.20
start time: 1741055412949
local preference: 210
end time: 1741055412950
Time: 1 ms
--------------------------------------------------
received prefix: 10.0.0.13
start time: 1741055413100
local preference: 205
end time: 1741055413101
Time: 1 ms
--------------------------------------------------
received prefix: 10.0.0.14
start time: 1741055413251
local preference: 214
end time: 1741055413253
Time: 2 ms
--------------------------------------------------
received prefix: 10.0.0.11
start time: 1741055413392
local preference: 212
end time: 1741055413393
Time: 1 ms
--------------------------------------------------
received prefix: 10.0.0.7
start time: 1741055413544
local preference: 182
end time: 1741055413545
Time: 1 ms
--------------------------------------------------
received prefix: 10.0.0.8
start time: 1741055413611
local preference: 213
end time: 1741055413612
Time: 1 ms
--------------------------------------------------
received prefix: 10.0.0.6
start time: 1741055413789
local preference: 185
end time: 1741055413790
Time: 1 ms
--------------------------------------------------
received prefix: 10.0.0.4
start time: 1741055413923
local preference: 183
end time: 1741055413924
Time: 1 ms
--------------------------------------------------
received prefix: 10.0.0.5
start time: 1741055414106
local preference: 212
end time: 1741055414108
Time: 2 ms
--------------------------------------------------
received prefix: 10.0.0.9
start time: 1741055414215
local preference: 182
end time: 1741055414216
Time: 1 ms
--------------------------------------------------
received prefix: 10.0.0.10
start time: 1741055414587
local preference: 188
end time: 1741055414590
Time: 3 ms
--------------------------------------------------
received prefix: 10.0.0.15
start time: 1741055415111
local preference: 213
end time: 1741055415114
Time: 3 ms
--------------------------------------------------
received prefix: 10.0.0.16
start time: 1741055415430
local preference: 139
end time: 1741055415431
Time: 1 ms
--------------------------------------------------
received prefix: 10.0.0.17
start time: 1741055415717
local preference: 216
end time: 1741055415722
Time: 5 ms
--------------------------------------------------
received prefix: 10.0.0.18
start time: 1741055416038
local preference: 173
end time: 1741055416041
Time: 3 ms
--------------------------------------------------
received prefix: 10.0.0.19
start time: 1741055416181
local preference: 191
end time: 1741055416182
Time: 1 ms
--------------------------------------------------
received prefix: 10.0.0.23
start time: 1741055416348
local preference: 160
end time: 1741055416349
Time: 1 ms
--------------------------------------------------
received prefix: 10.0.0.24
start time: 1741055416611
local preference: 155
end time: 1741055416612
Time: 1 ms
--------------------------------------------------
received prefix: 10.0.0.27
start time: 1741055416801
local preference: 186
end time: 1741055416802
Time: 1 ms
--------------------------------------------------
received prefix: 10.0.0.28
start time: 1741055417182
local preference: 166
end time: 1741055417184
Time: 2 ms
--------------------------------------------------
received prefix: 10.0.0.29
start time: 1741055417346
local preference: 192
end time: 1741055417347
Time: 1 ms
--------------------------------------------------
received prefix: 10.0.0.30
start time: 1741055417510
local preference: 214
end time: 1741055417510
Time: 0 ms
--------------------------------------------------
received prefix: 10.0.0.31
start time: 1741055417596
local preference: 207
end time: 1741055417600
Time: 4 ms
--------------------------------------------------
received prefix: 10.0.0.32
start time: 1741055421979
local preference: 207
end time: 1741055421981
Time: 2 ms
--------------------------------------------------
received prefix: 10.0.0.32
start time: 1741055422000
local preference: 210
end time: 1741055422001
Time: 1 ms
--------------------------------------------------
received prefix: 10.0.0.32
start time: 1741055422006
local preference: 207
end time: 1741055422006
Time: 0 ms
--------------------------------------------------
received prefix: 10.0.0.32
start time: 1741055422025
local preference: 210
end time: 1741055422026
Time: 1 ms
--------------------------------------------------
received prefix: 10.0.0.32
start time: 1741055422035
local preference: 205
end time: 1741055422036
Time: 1 ms
--------------------------------------------------
received prefix: 10.0.0.32
start time: 1741055422039
local preference: 208
end time: 1741055422040
Time: 1 ms
--------------------------------------------------
received prefix: 10.0.0.32
start time: 1741055422048
local preference: 207
end time: 1741055422049
Time: 1 ms
--------------------------------------------------
received prefix: 10.0.0.32
start time: 1741055422052
local preference: 210
end time: 1741055422055
Time: 3 ms
--------------------------------------------------
received prefix: 10.0.0.32
start time: 1741055422064
local preference: 207
end time: 1741055422065
Time: 1 ms
--------------------------------------------------
received prefix: 10.0.0.32
start time: 1741055422068
local preference: 210
end time: 1741055422069
Time: 1 ms
--------------------------------------------------
received prefix: 10.0.0.26
start time: 1741055422321
local preference: 185
end time: 1741055422325
Time: 4 ms
--------------------------------------------------
received prefix: 10.0.0.26
start time: 1741055422341
local preference: 188
end time: 1741055422342
Time: 1 ms
--------------------------------------------------
received prefix: 10.0.0.26
start time: 1741055422355
local preference: 185
end time: 1741055422359
Time: 4 ms
--------------------------------------------------
received prefix: 10.0.0.26
start time: 1741055422370
local preference: 188
end time: 1741055422371
Time: 1 ms
--------------------------------------------------
received prefix: 10.0.0.26
start time: 1741055422373
local preference: 183
end time: 1741055422374
Time: 1 ms
--------------------------------------------------
received prefix: 10.0.0.26
start time: 1741055422376
local preference: 186
end time: 1741055422377
Time: 1 ms
--------------------------------------------------
received prefix: 10.0.0.26
start time: 1741055422446
local preference: 185
end time: 1741055422446
Time: 0 ms
--------------------------------------------------
received prefix: 10.0.0.26
start time: 1741055422449
local preference: 188
end time: 1741055422450
Time: 1 ms
--------------------------------------------------
received prefix: 10.0.0.26
start time: 1741055422456
local preference: 185
end time: 1741055422457
Time: 1 ms
--------------------------------------------------
received prefix: 10.0.0.26
start time: 1741055422459
local preference: 188
end time: 1741055422463
Time: 4 ms
--------------------------------------------------
received prefix: 10.0.0.25
start time: 1741055422670
local preference: 184
end time: 1741055422671
Time: 1 ms
--------------------------------------------------
received prefix: 10.0.0.25
start time: 1741055422678
local preference: 188
end time: 1741055422679
Time: 1 ms
--------------------------------------------------
received prefix: 10.0.0.25
start time: 1741055422690
local preference: 184
end time: 1741055422692
Time: 2 ms
--------------------------------------------------
received prefix: 10.0.0.25
start time: 1741055422704
local preference: 188
end time: 1741055422706
Time: 2 ms
--------------------------------------------------
received prefix: 10.0.0.25
start time: 1741055422729
local preference: 183
end time: 1741055422730
Time: 1 ms
--------------------------------------------------
received prefix: 10.0.0.25
start time: 1741055422736
local preference: 186
end time: 1741055422738
Time: 2 ms
--------------------------------------------------
received prefix: 10.0.0.25
start time: 1741055422742
local preference: 185
end time: 1741055422743
Time: 1 ms
--------------------------------------------------
received prefix: 10.0.0.25
start time: 1741055422745
local preference: 188
end time: 1741055422746
Time: 1 ms
--------------------------------------------------
received prefix: 10.0.0.25
start time: 1741055422749
local preference: 184
end time: 1741055422753
Time: 4 ms
--------------------------------------------------
received prefix: 10.0.0.25
start time: 1741055422761
local preference: 188
end time: 1741055422762
Time: 1 ms
--------------------------------------------------
received prefix: 10.0.0.21
start time: 1741055422984
local preference: 213
end time: 1741055422985
Time: 1 ms
--------------------------------------------------
received prefix: 10.0.0.21
start time: 1741055423001
local preference: 216
end time: 1741055423003
Time: 2 ms
--------------------------------------------------
received prefix: 10.0.0.21
start time: 1741055423058
local preference: 213
end time: 1741055423059
Time: 1 ms
--------------------------------------------------
received prefix: 10.0.0.21
start time: 1741055423063
local preference: 216
end time: 1741055423064
Time: 1 ms
--------------------------------------------------
received prefix: 10.0.0.21
start time: 1741055423072
local preference: 211
end time: 1741055423074
Time: 2 ms
--------------------------------------------------
received prefix: 10.0.0.21
start time: 1741055423076
local preference: 214
end time: 1741055423077
Time: 1 ms
--------------------------------------------------
received prefix: 10.0.0.21
start time: 1741055423083
local preference: 213
end time: 1741055423086
Time: 3 ms
--------------------------------------------------
received prefix: 10.0.0.21
start time: 1741055423111
local preference: 216
end time: 1741055423112
Time: 1 ms
--------------------------------------------------
received prefix: 10.0.0.21
start time: 1741055423119
local preference: 213
end time: 1741055423121
Time: 2 ms
--------------------------------------------------
received prefix: 10.0.0.21
start time: 1741055423123
local preference: 216
end time: 1741055423127
Time: 4 ms
--------------------------------------------------
received prefix: 10.0.0.22
start time: 1741055423350
local preference: 207
end time: 1741055423351
Time: 1 ms
--------------------------------------------------
received prefix: 10.0.0.22
start time: 1741055423360
local preference: 210
end time: 1741055423365
Time: 5 ms
--------------------------------------------------
received prefix: 10.0.0.22
start time: 1741055423397
local preference: 207
end time: 1741055423401
Time: 4 ms
--------------------------------------------------
received prefix: 10.0.0.22
start time: 1741055423415
local preference: 210
end time: 1741055423416
Time: 1 ms
--------------------------------------------------
received prefix: 10.0.0.22
start time: 1741055423428
local preference: 205
end time: 1741055423429
Time: 1 ms
--------------------------------------------------
received prefix: 10.0.0.22
start time: 1741055423438
local preference: 208
end time: 1741055423439
Time: 1 ms
--------------------------------------------------
received prefix: 10.0.0.22
start time: 1741055423443
local preference: 207
end time: 1741055423444
Time: 1 ms
--------------------------------------------------
received prefix: 10.0.0.22
start time: 1741055423447
local preference: 210
end time: 1741055423448
Time: 1 ms
--------------------------------------------------
received prefix: 10.0.0.22
start time: 1741055423458
local preference: 207
end time: 1741055423462
Time: 4 ms
--------------------------------------------------
received prefix: 10.0.0.22
start time: 1741055423483
local preference: 210
end time: 1741055423484
Time: 1 ms
--------------------------------------------------
received prefix: 10.0.0.20
start time: 1741055423718
local preference: 203
end time: 1741055423722
Time: 4 ms
--------------------------------------------------
received prefix: 10.0.0.20
start time: 1741055423843
local preference: 207
end time: 1741055423844
Time: 1 ms
--------------------------------------------------
received prefix: 10.0.0.20
start time: 1741055423869
local preference: 203
end time: 1741055423871
Time: 2 ms
--------------------------------------------------
received prefix: 10.0.0.20
start time: 1741055423879
local preference: 207
end time: 1741055423880
Time: 1 ms
--------------------------------------------------
received prefix: 10.0.0.20
start time: 1741055423882
local preference: 202
end time: 1741055423883
Time: 1 ms
--------------------------------------------------
received prefix: 10.0.0.20
start time: 1741055423892
local preference: 205
end time: 1741055423894
Time: 2 ms
--------------------------------------------------
received prefix: 10.0.0.20
start time: 1741055423904
local preference: 204
end time: 1741055423905
Time: 1 ms
--------------------------------------------------
received prefix: 10.0.0.20
start time: 1741055423917
local preference: 207
end time: 1741055423922
Time: 5 ms
--------------------------------------------------
received prefix: 10.0.0.20
start time: 1741055423935
local preference: 203
end time: 1741055423937
Time: 2 ms
--------------------------------------------------
received prefix: 10.0.0.20
start time: 1741055423940
local preference: 207
end time: 1741055423941
Time: 1 ms
--------------------------------------------------
received prefix: 10.0.0.13
start time: 1741055424175
local preference: 215
end time: 1741055424176
Time: 1 ms
--------------------------------------------------
received prefix: 10.0.0.13
start time: 1741055424180
local preference: 217
end time: 1741055424180
Time: 0 ms
--------------------------------------------------
received prefix: 10.0.0.13
start time: 1741055424183
local preference: 215
end time: 1741055424184
Time: 1 ms
--------------------------------------------------
received prefix: 10.0.0.13
start time: 1741055424199
local preference: 217
end time: 1741055424201
Time: 2 ms
--------------------------------------------------
received prefix: 10.0.0.13
start time: 1741055424206
local preference: 213
end time: 1741055424207
Time: 1 ms
--------------------------------------------------
received prefix: 10.0.0.13
start time: 1741055424209
local preference: 216
end time: 1741055424210
Time: 1 ms
--------------------------------------------------
received prefix: 10.0.0.13
start time: 1741055424213
local preference: 215
end time: 1741055424214
Time: 1 ms
--------------------------------------------------
received prefix: 10.0.0.13
start time: 1741055424216
local preference: 217
end time: 1741055424216
Time: 0 ms
--------------------------------------------------
received prefix: 10.0.0.13
start time: 1741055424237
local preference: 215
end time: 1741055424238
Time: 1 ms
--------------------------------------------------
received prefix: 10.0.0.13
start time: 1741055424244
local preference: 217
end time: 1741055424247
Time: 3 ms
--------------------------------------------------
received prefix: 10.0.0.14
start time: 1741055424441
local preference: 208
end time: 1741055424443
Time: 2 ms
--------------------------------------------------
received prefix: 10.0.0.14
start time: 1741055424465
local preference: 211
end time: 1741055424466
Time: 1 ms
--------------------------------------------------
received prefix: 10.0.0.14
start time: 1741055424475
local preference: 208
end time: 1741055424476
Time: 1 ms
--------------------------------------------------
received prefix: 10.0.0.14
start time: 1741055424479
local preference: 211
end time: 1741055424480
Time: 1 ms
--------------------------------------------------
received prefix: 10.0.0.14
start time: 1741055424483
local preference: 206
end time: 1741055424484
Time: 1 ms
--------------------------------------------------
received prefix: 10.0.0.14
start time: 1741055424489
local preference: 209
end time: 1741055424491
Time: 2 ms
--------------------------------------------------
received prefix: 10.0.0.14
start time: 1741055424523
local preference: 208
end time: 1741055424524
Time: 1 ms
--------------------------------------------------
received prefix: 10.0.0.14
start time: 1741055424536
local preference: 211
end time: 1741055424537
Time: 1 ms
--------------------------------------------------
received prefix: 10.0.0.14
start time: 1741055424541
local preference: 208
end time: 1741055424542
Time: 1 ms
--------------------------------------------------
received prefix: 10.0.0.14
start time: 1741055424544
local preference: 211
end time: 1741055424545
Time: 1 ms
--------------------------------------------------
received prefix: 10.0.0.11
start time: 1741055425015
local preference: 206
end time: 1741055425017
Time: 2 ms
--------------------------------------------------
received prefix: 10.0.0.11
start time: 1741055425045
local preference: 209
end time: 1741055425046
Time: 1 ms
--------------------------------------------------
received prefix: 10.0.0.11
start time: 1741055425059
local preference: 206
end time: 1741055425062
Time: 3 ms
--------------------------------------------------
received prefix: 10.0.0.11
start time: 1741055425093
local preference: 209
end time: 1741055425094
Time: 1 ms
--------------------------------------------------
received prefix: 10.0.0.11
start time: 1741055425100
local preference: 204
end time: 1741055425103
Time: 3 ms
--------------------------------------------------
received prefix: 10.0.0.11
start time: 1741055425108
local preference: 207
end time: 1741055425109
Time: 1 ms
--------------------------------------------------
received prefix: 10.0.0.11
start time: 1741055425140
local preference: 206
end time: 1741055425140
Time: 0 ms
--------------------------------------------------
received prefix: 10.0.0.11
start time: 1741055425142
local preference: 209
end time: 1741055425144
Time: 2 ms
--------------------------------------------------
received prefix: 10.0.0.11
start time: 1741055425154
local preference: 206
end time: 1741055425158
Time: 4 ms
--------------------------------------------------
received prefix: 10.0.0.11
start time: 1741055425165
local preference: 209
end time: 1741055425166
Time: 1 ms
--------------------------------------------------
received prefix: 10.0.0.7
start time: 1741055425347
local preference: 211
end time: 1741055425348
Time: 1 ms
--------------------------------------------------
received prefix: 10.0.0.7
start time: 1741055425352
local preference: 200
end time: 1741055425355
Time: 3 ms
--------------------------------------------------
received prefix: 10.0.0.7
start time: 1741055425371
local preference: 211
end time: 1741055425373
Time: 2 ms
--------------------------------------------------
received prefix: 10.0.0.7
start time: 1741055425395
local preference: 200
end time: 1741055425395
Time: 0 ms
--------------------------------------------------
received prefix: 10.0.0.7
start time: 1741055425422
local preference: 216
end time: 1741055425424
Time: 2 ms
--------------------------------------------------
received prefix: 10.0.0.7
start time: 1741055425426
local preference: 208
end time: 1741055425427
Time: 1 ms
--------------------------------------------------
received prefix: 10.0.0.7
start time: 1741055425430
local preference: 210
end time: 1741055425434
Time: 4 ms
--------------------------------------------------
received prefix: 10.0.0.7
start time: 1741055425467
local preference: 200
end time: 1741055425468
Time: 1 ms
--------------------------------------------------
received prefix: 10.0.0.7
start time: 1741055425471
local preference: 211
end time: 1741055425471
Time: 0 ms
--------------------------------------------------
received prefix: 10.0.0.8
start time: 1741055425698
local preference: 207
end time: 1741055425699
Time: 1 ms
--------------------------------------------------
received prefix: 10.0.0.8
start time: 1741055425712
local preference: 210
end time: 1741055425714
Time: 2 ms
--------------------------------------------------
received prefix: 10.0.0.8
start time: 1741055425727
local preference: 207
end time: 1741055425729
Time: 2 ms
--------------------------------------------------
received prefix: 10.0.0.8
start time: 1741055425753
local preference: 210
end time: 1741055425754
Time: 1 ms
--------------------------------------------------
received prefix: 10.0.0.8
start time: 1741055425764
local preference: 205
end time: 1741055425764
Time: 0 ms
--------------------------------------------------
received prefix: 10.0.0.8
start time: 1741055425783
local preference: 208
end time: 1741055425783
Time: 0 ms
--------------------------------------------------
received prefix: 10.0.0.8
start time: 1741055425792
local preference: 207
end time: 1741055425793
Time: 1 ms
--------------------------------------------------
received prefix: 10.0.0.8
start time: 1741055425799
local preference: 210
end time: 1741055425802
Time: 3 ms
--------------------------------------------------
received prefix: 10.0.0.8
start time: 1741055425814
local preference: 207
end time: 1741055425814
Time: 0 ms
--------------------------------------------------
received prefix: 10.0.0.9
start time: 1741055426059
local preference: 211
end time: 1741055426064
Time: 5 ms
--------------------------------------------------
received prefix: 10.0.0.9
start time: 1741055426073
local preference: 200
end time: 1741055426074
Time: 1 ms
--------------------------------------------------
received prefix: 10.0.0.9
start time: 1741055426081
local preference: 211
end time: 1741055426082
Time: 1 ms
--------------------------------------------------
received prefix: 10.0.0.9
start time: 1741055426087
local preference: 200
end time: 1741055426088
Time: 1 ms
--------------------------------------------------
received prefix: 10.0.0.9
start time: 1741055426096
local preference: 217
end time: 1741055426098
Time: 2 ms
--------------------------------------------------
received prefix: 10.0.0.9
start time: 1741055426111
local preference: 209
end time: 1741055426114
Time: 3 ms
--------------------------------------------------
received prefix: 10.0.0.9
start time: 1741055426149
local preference: 211
end time: 1741055426150
Time: 1 ms
--------------------------------------------------
received prefix: 10.0.0.9
start time: 1741055426155
local preference: 200
end time: 1741055426156
Time: 1 ms
--------------------------------------------------
received prefix: 10.0.0.9
start time: 1741055426172
local preference: 211
end time: 1741055426173
Time: 1 ms
--------------------------------------------------
received prefix: 10.0.0.9
start time: 1741055426177
local preference: 200
end time: 1741055426178
Time: 1 ms
--------------------------------------------------
received prefix: 10.0.0.10
start time: 1741055426376
local preference: 215
end time: 1741055426377
Time: 1 ms
--------------------------------------------------
received prefix: 10.0.0.10
start time: 1741055426389
local preference: 206
end time: 1741055426392
Time: 3 ms
--------------------------------------------------
received prefix: 10.0.0.10
start time: 1741055426407
local preference: 215
end time: 1741055426408
Time: 1 ms
--------------------------------------------------
received prefix: 10.0.0.10
start time: 1741055426415
local preference: 206
end time: 1741055426415
Time: 0 ms
--------------------------------------------------
received prefix: 10.0.0.10
start time: 1741055426422
local preference: 216
end time: 1741055426426
Time: 4 ms
--------------------------------------------------
received prefix: 10.0.0.10
start time: 1741055426436
local preference: 214
end time: 1741055426437
Time: 1 ms
--------------------------------------------------
received prefix: 10.0.0.10
start time: 1741055426442
local preference: 215
end time: 1741055426443
Time: 1 ms
--------------------------------------------------
received prefix: 10.0.0.10
start time: 1741055426449
local preference: 206
end time: 1741055426451
Time: 2 ms
--------------------------------------------------
received prefix: 10.0.0.10
start time: 1741055426473
local preference: 215
end time: 1741055426475
Time: 2 ms
--------------------------------------------------
received prefix: 10.0.0.10
start time: 1741055426478
local preference: 206
end time: 1741055426478
Time: 0 ms
--------------------------------------------------
received prefix: 10.0.0.15
start time: 1741055426686
local preference: 206
end time: 1741055426688
Time: 2 ms
--------------------------------------------------
received prefix: 10.0.0.15
start time: 1741055426693
local preference: 209
end time: 1741055426697
Time: 4 ms
--------------------------------------------------
received prefix: 10.0.0.15
start time: 1741055426702
local preference: 206
end time: 1741055426703
Time: 1 ms
--------------------------------------------------
received prefix: 10.0.0.15
start time: 1741055426716
local preference: 210
end time: 1741055426718
Time: 2 ms
--------------------------------------------------
received prefix: 10.0.0.15
start time: 1741055426727
local preference: 204
end time: 1741055426731
Time: 4 ms
--------------------------------------------------
received prefix: 10.0.0.15
start time: 1741055426737
local preference: 208
end time: 1741055426738
Time: 1 ms
--------------------------------------------------
received prefix: 10.0.0.15
start time: 1741055426759
local preference: 206
end time: 1741055426760
Time: 1 ms
--------------------------------------------------
received prefix: 10.0.0.15
start time: 1741055426762
local preference: 210
end time: 1741055426766
Time: 4 ms
--------------------------------------------------
received prefix: 10.0.0.15
start time: 1741055426781
local preference: 206
end time: 1741055426782
Time: 1 ms
--------------------------------------------------
received prefix: 10.0.0.15
start time: 1741055426787
local preference: 209
end time: 1741055426791
Time: 4 ms
--------------------------------------------------
received prefix: 10.0.0.16
start time: 1741055426997
local preference: 151
end time: 1741055426998
Time: 1 ms
--------------------------------------------------
received prefix: 10.0.0.16
start time: 1741055427015
local preference: 141
end time: 1741055427016
Time: 1 ms
--------------------------------------------------
received prefix: 10.0.0.16
start time: 1741055427048
local preference: 151
end time: 1741055427049
Time: 1 ms
--------------------------------------------------
received prefix: 10.0.0.16
start time: 1741055427055
local preference: 142
end time: 1741055427056
Time: 1 ms
--------------------------------------------------
received prefix: 10.0.0.16
start time: 1741055427065
local preference: 160
end time: 1741055427066
Time: 1 ms
--------------------------------------------------
received prefix: 10.0.0.16
start time: 1741055427071
local preference: 149
end time: 1741055427072
Time: 1 ms
--------------------------------------------------
received prefix: 10.0.0.16
start time: 1741055427076
local preference: 151
end time: 1741055427077
Time: 1 ms
--------------------------------------------------
received prefix: 10.0.0.16
start time: 1741055427079
local preference: 142
end time: 1741055427080
Time: 1 ms
--------------------------------------------------
received prefix: 10.0.0.16
start time: 1741055427292
local preference: 151
end time: 1741055427293
Time: 1 ms
--------------------------------------------------
received prefix: 10.0.0.16
start time: 1741055427350
local preference: 141
end time: 1741055427352
Time: 2 ms
--------------------------------------------------
received prefix: 10.0.0.17
start time: 1741055427894
local preference: 210
end time: 1741055427895
Time: 1 ms
--------------------------------------------------
received prefix: 10.0.0.17
start time: 1741055427973
local preference: 214
end time: 1741055427975
Time: 2 ms
--------------------------------------------------
received prefix: 10.0.0.17
start time: 1741055427986
local preference: 210
end time: 1741055427989
Time: 3 ms
--------------------------------------------------
received prefix: 10.0.0.17
start time: 1741055428007
local preference: 214
end time: 1741055428007
Time: 0 ms
--------------------------------------------------
received prefix: 10.0.0.17
start time: 1741055428010
local preference: 208
end time: 1741055428011
Time: 1 ms
--------------------------------------------------
received prefix: 10.0.0.17
start time: 1741055428013
local preference: 212
end time: 1741055428013
Time: 0 ms
--------------------------------------------------
received prefix: 10.0.0.17
start time: 1741055428016
local preference: 211
end time: 1741055428021
Time: 5 ms
--------------------------------------------------
received prefix: 10.0.0.17
start time: 1741055428025
local preference: 214
end time: 1741055428026
Time: 1 ms
--------------------------------------------------
received prefix: 10.0.0.17
start time: 1741055428032
local preference: 210
end time: 1741055428033
Time: 1 ms
--------------------------------------------------
received prefix: 10.0.0.17
start time: 1741055428071
local preference: 214
end time: 1741055428072
Time: 1 ms
--------------------------------------------------
received prefix: 10.0.0.18
start time: 1741055428336
local preference: 202
end time: 1741055428338
Time: 2 ms
--------------------------------------------------
received prefix: 10.0.0.18
start time: 1741055428345
local preference: 190
end time: 1741055428346
Time: 1 ms
--------------------------------------------------
received prefix: 10.0.0.18
start time: 1741055428358
local preference: 202
end time: 1741055428358
Time: 0 ms
--------------------------------------------------
received prefix: 10.0.0.18
start time: 1741055428373
local preference: 190
end time: 1741055428374
Time: 1 ms
--------------------------------------------------
received prefix: 10.0.0.18
start time: 1741055428381
local preference: 210
end time: 1741055428382
Time: 1 ms
--------------------------------------------------
received prefix: 10.0.0.18
start time: 1741055428386
local preference: 199
end time: 1741055428388
Time: 2 ms
--------------------------------------------------
received prefix: 10.0.0.18
start time: 1741055428398
local preference: 201
end time: 1741055428398
Time: 0 ms
--------------------------------------------------
received prefix: 10.0.0.18
start time: 1741055428412
local preference: 190
end time: 1741055428414
Time: 2 ms
--------------------------------------------------
received prefix: 10.0.0.18
start time: 1741055428490
local preference: 202
end time: 1741055428492
Time: 2 ms
--------------------------------------------------
received prefix: 10.0.0.18
start time: 1741055428510
local preference: 190
end time: 1741055428511
Time: 1 ms
--------------------------------------------------
received prefix: 10.0.0.19
start time: 1741055428794
local preference: 217
end time: 1741055428796
Time: 2 ms
--------------------------------------------------
received prefix: 10.0.0.19
start time: 1741055428806
local preference: 209
end time: 1741055428808
Time: 2 ms
--------------------------------------------------
received prefix: 10.0.0.19
start time: 1741055428813
local preference: 217
end time: 1741055428815
Time: 2 ms
--------------------------------------------------
received prefix: 10.0.0.19
start time: 1741055428819
local preference: 209
end time: 1741055428821
Time: 2 ms
--------------------------------------------------
received prefix: 10.0.0.19
start time: 1741055428833
local preference: 217
end time: 1741055428834
Time: 1 ms
--------------------------------------------------
received prefix: 10.0.0.19
start time: 1741055428837
local preference: 217
end time: 1741055428838
Time: 1 ms
--------------------------------------------------
received prefix: 10.0.0.19
start time: 1741055428851
local preference: 217
end time: 1741055428852
Time: 1 ms
--------------------------------------------------
received prefix: 10.0.0.19
start time: 1741055428864
local preference: 208
end time: 1741055428865
Time: 1 ms
--------------------------------------------------
received prefix: 10.0.0.19
start time: 1741055428869
local preference: 217
end time: 1741055428870
Time: 1 ms
--------------------------------------------------
received prefix: 10.0.0.19
start time: 1741055428872
local preference: 209
end time: 1741055428873
Time: 1 ms
--------------------------------------------------
received prefix: 10.0.0.23
start time: 1741055429048
local preference: 190
end time: 1741055429049
Time: 1 ms
--------------------------------------------------
received prefix: 10.0.0.23
start time: 1741055429080
local preference: 178
end time: 1741055429081
Time: 1 ms
--------------------------------------------------
received prefix: 10.0.0.23
start time: 1741055429114
local preference: 190
end time: 1741055429115
Time: 1 ms
--------------------------------------------------
received prefix: 10.0.0.23
start time: 1741055429119
local preference: 178
end time: 1741055429121
Time: 2 ms
--------------------------------------------------
received prefix: 10.0.0.23
start time: 1741055429128
local preference: 198
end time: 1741055429130
Time: 2 ms
--------------------------------------------------
received prefix: 10.0.0.23
start time: 1741055429133
local preference: 187
end time: 1741055429133
Time: 0 ms
--------------------------------------------------
received prefix: 10.0.0.23
start time: 1741055429136
local preference: 189
end time: 1741055429137
Time: 1 ms
--------------------------------------------------
received prefix: 10.0.0.23
start time: 1741055429147
local preference: 178
end time: 1741055429148
Time: 1 ms
--------------------------------------------------
received prefix: 10.0.0.23
start time: 1741055429156
local preference: 190
end time: 1741055429159
Time: 3 ms
--------------------------------------------------
received prefix: 10.0.0.23
start time: 1741055429167
local preference: 178
end time: 1741055429168
Time: 1 ms
--------------------------------------------------
received prefix: 10.0.0.24
start time: 1741055429463
local preference: 185
end time: 1741055429466
Time: 3 ms
--------------------------------------------------
received prefix: 10.0.0.24
start time: 1741055429479
local preference: 173
end time: 1741055429480
Time: 1 ms
--------------------------------------------------
received prefix: 10.0.0.24
start time: 1741055429498
local preference: 185
end time: 1741055429499
Time: 1 ms
--------------------------------------------------
received prefix: 10.0.0.24
start time: 1741055429511
local preference: 173
end time: 1741055429512
Time: 1 ms
--------------------------------------------------
received prefix: 10.0.0.24
start time: 1741055429515
local preference: 193
end time: 1741055429516
Time: 1 ms
--------------------------------------------------
received prefix: 10.0.0.24
start time: 1741055429524
local preference: 182
end time: 1741055429526
Time: 2 ms
--------------------------------------------------
received prefix: 10.0.0.24
start time: 1741055429531
local preference: 184
end time: 1741055429532
Time: 1 ms
--------------------------------------------------
received prefix: 10.0.0.24
start time: 1741055429534
local preference: 173
end time: 1741055429535
Time: 1 ms
--------------------------------------------------
received prefix: 10.0.0.24
start time: 1741055429538
local preference: 185
end time: 1741055429539
Time: 1 ms
--------------------------------------------------
received prefix: 10.0.0.24
start time: 1741055429541
local preference: 173
end time: 1741055429543
Time: 2 ms
--------------------------------------------------
received prefix: 10.0.0.27
start time: 1741055429788
local preference: 186
end time: 1741055429789
Time: 1 ms
--------------------------------------------------
received prefix: 10.0.0.27
start time: 1741055429806
local preference: 189
end time: 1741055429807
Time: 1 ms
--------------------------------------------------
received prefix: 10.0.0.27
start time: 1741055429818
local preference: 186
end time: 1741055429820
Time: 2 ms
--------------------------------------------------
received prefix: 10.0.0.27
start time: 1741055429826
local preference: 189
end time: 1741055429828
Time: 2 ms
--------------------------------------------------
received prefix: 10.0.0.27
start time: 1741055429856
local preference: 184
end time: 1741055429860
Time: 4 ms
--------------------------------------------------
received prefix: 10.0.0.27
start time: 1741055429863
local preference: 187
end time: 1741055429864
Time: 1 ms
--------------------------------------------------
received prefix: 10.0.0.27
start time: 1741055429870
local preference: 186
end time: 1741055429873
Time: 3 ms
--------------------------------------------------
received prefix: 10.0.0.27
start time: 1741055429876
local preference: 189
end time: 1741055429877
Time: 1 ms
--------------------------------------------------
received prefix: 10.0.0.27
start time: 1741055429881
local preference: 186
end time: 1741055429881
Time: 0 ms
--------------------------------------------------
received prefix: 10.0.0.27
start time: 1741055429886
local preference: 189
end time: 1741055429888
Time: 2 ms
--------------------------------------------------
received prefix: 10.0.0.28
start time: 1741055430087
local preference: 193
end time: 1741055430092
Time: 5 ms
--------------------------------------------------
received prefix: 10.0.0.28
start time: 1741055430096
local preference: 196
end time: 1741055430097
Time: 1 ms
--------------------------------------------------
received prefix: 10.0.0.28
start time: 1741055430103
local preference: 193
end time: 1741055430106
Time: 3 ms
--------------------------------------------------
received prefix: 10.0.0.28
start time: 1741055430137
local preference: 196
end time: 1741055430138
Time: 1 ms
--------------------------------------------------
received prefix: 10.0.0.28
start time: 1741055430144
local preference: 191
end time: 1741055430145
Time: 1 ms
--------------------------------------------------
received prefix: 10.0.0.28
start time: 1741055430147
local preference: 194
end time: 1741055430148
Time: 1 ms
--------------------------------------------------
received prefix: 10.0.0.28
start time: 1741055430151
local preference: 193
end time: 1741055430152
Time: 1 ms
--------------------------------------------------
received prefix: 10.0.0.28
start time: 1741055430175
local preference: 196
end time: 1741055430176
Time: 1 ms
--------------------------------------------------
received prefix: 10.0.0.28
start time: 1741055430248
local preference: 192
end time: 1741055430255
Time: 7 ms
--------------------------------------------------
received prefix: 10.0.0.28
start time: 1741055430269
local preference: 196
end time: 1741055430270
Time: 1 ms
--------------------------------------------------
received prefix: 10.0.0.29
start time: 1741055430600
local preference: 193
end time: 1741055430601
Time: 1 ms
--------------------------------------------------
received prefix: 10.0.0.29
start time: 1741055430608
local preference: 196
end time: 1741055430608
Time: 0 ms
--------------------------------------------------
received prefix: 10.0.0.29
start time: 1741055430614
local preference: 193
end time: 1741055430615
Time: 1 ms
--------------------------------------------------
received prefix: 10.0.0.29
start time: 1741055430626
local preference: 196
end time: 1741055430627
Time: 1 ms
--------------------------------------------------
received prefix: 10.0.0.29
start time: 1741055430646
local preference: 191
end time: 1741055430646
Time: 0 ms
--------------------------------------------------
received prefix: 10.0.0.29
start time: 1741055430666
local preference: 195
end time: 1741055430669
Time: 3 ms
--------------------------------------------------
received prefix: 10.0.0.29
start time: 1741055430672
local preference: 193
end time: 1741055430672
Time: 0 ms
--------------------------------------------------
received prefix: 10.0.0.29
start time: 1741055430676
local preference: 197
end time: 1741055430677
Time: 1 ms
--------------------------------------------------
received prefix: 10.0.0.29
start time: 1741055430717
local preference: 193
end time: 1741055430721
Time: 4 ms
--------------------------------------------------
received prefix: 10.0.0.29
start time: 1741055430733
local preference: 196
end time: 1741055430735
Time: 2 ms
--------------------------------------------------
received prefix: 10.0.0.30
start time: 1741055430946
local preference: 207
end time: 1741055430947
Time: 1 ms
--------------------------------------------------
received prefix: 10.0.0.30
start time: 1741055430967
local preference: 210
end time: 1741055430968
Time: 1 ms
--------------------------------------------------
received prefix: 10.0.0.30
start time: 1741055430971
local preference: 207
end time: 1741055430971
Time: 0 ms
--------------------------------------------------
received prefix: 10.0.0.30
start time: 1741055430978
local preference: 210
end time: 1741055430979
Time: 1 ms
--------------------------------------------------
received prefix: 10.0.0.30
start time: 1741055430989
local preference: 205
end time: 1741055430990
Time: 1 ms
--------------------------------------------------
received prefix: 10.0.0.30
start time: 1741055430998
local preference: 208
end time: 1741055431000
Time: 2 ms
--------------------------------------------------
received prefix: 10.0.0.30
start time: 1741055431003
local preference: 207
end time: 1741055431004
Time: 1 ms
--------------------------------------------------
received prefix: 10.0.0.30
start time: 1741055431009
local preference: 210
end time: 1741055431009
Time: 0 ms
--------------------------------------------------
received prefix: 10.0.0.30
start time: 1741055431051
local preference: 207
end time: 1741055431054
Time: 3 ms
--------------------------------------------------
received prefix: 10.0.0.30
start time: 1741055431057
local preference: 210
end time: 1741055431057
Time: 0 ms
--------------------------------------------------
received prefix: 10.0.0.31
start time: 1741055431320
local preference: 207
end time: 1741055431323
Time: 3 ms
--------------------------------------------------
received prefix: 10.0.0.31
start time: 1741055431326
local preference: 210
end time: 1741055431327
Time: 1 ms
--------------------------------------------------
received prefix: 10.0.0.31
start time: 1741055431330
local preference: 207
end time: 1741055431331
Time: 1 ms
--------------------------------------------------
received prefix: 10.0.0.31
start time: 1741055431335
local preference: 210
end time: 1741055431337
Time: 2 ms
--------------------------------------------------
received prefix: 10.0.0.31
start time: 1741055431361
local preference: 205
end time: 1741055431363
Time: 2 ms
--------------------------------------------------
received prefix: 10.0.0.31
start time: 1741055431370
local preference: 208
end time: 1741055431371
Time: 1 ms
--------------------------------------------------
received prefix: 10.0.0.31
start time: 1741055431378
local preference: 207
end time: 1741055431379
Time: 1 ms
--------------------------------------------------
received prefix: 10.0.0.31
start time: 1741055431414
local preference: 210
end time: 1741055431414
Time: 0 ms
--------------------------------------------------
received prefix: 10.0.0.31
start time: 1741055431421
local preference: 207
end time: 1741055431425
Time: 4 ms
--------------------------------------------------
received prefix: 10.0.0.31
start time: 1741055431429
local preference: 210
end time: 1741055431430
Time: 1 ms
--------------------------------------------------
received prefix: 10.0.0.8
start time: 1741055435237
local preference: 207
end time: 1741055435239
Time: 2 ms
--------------------------------------------------
received prefix: 10.0.0.8
start time: 1741055435242
local preference: 207
end time: 1741055435243
Time: 1 ms
--------------------------------------------------
received prefix: 10.0.0.8
start time: 1741055435275
local preference: 207
end time: 1741055435275
Time: 0 ms
--------------------------------------------------
received prefix: 10.0.0.8
start time: 1741055435278
local preference: 205
end time: 1741055435279
Time: 1 ms
--------------------------------------------------
received prefix: 10.0.0.8
start time: 1741055435281
local preference: 207
end time: 1741055435281
Time: 0 ms
--------------------------------------------------
received prefix: 10.0.0.7
start time: 1741055435466
local preference: 211
end time: 1741055435469
Time: 3 ms
--------------------------------------------------
received prefix: 10.0.0.7
start time: 1741055435476
local preference: 211
end time: 1741055435478
Time: 2 ms
--------------------------------------------------
received prefix: 10.0.0.7
start time: 1741055435489
local preference: 211
end time: 1741055435493
Time: 4 ms
--------------------------------------------------
received prefix: 10.0.0.7
start time: 1741055435499
local preference: 216
end time: 1741055435500
Time: 1 ms
--------------------------------------------------
received prefix: 10.0.0.7
start time: 1741055435503
local preference: 211
end time: 1741055435503
Time: 0 ms
--------------------------------------------------
received prefix: 10.0.0.9
start time: 1741055440878
local preference: 210
end time: 1741055440882
Time: 4 ms
--------------------------------------------------
received prefix: 10.0.0.10
start time: 1741055441165
local preference: 215
end time: 1741055441166
Time: 1 ms
--------------------------------------------------
received prefix: 10.0.0.11
start time: 1741055441282
local preference: 206
end time: 1741055441282
Time: 0 ms
--------------------------------------------------
received prefix: 10.0.0.12
start time: 1741055441504
local preference: 213
end time: 1741055441505
Time: 1 ms
--------------------------------------------------
received prefix: 10.0.0.32
start time: 1741055442417
local preference: 207
end time: 1741055442418
Time: 1 ms
--------------------------------------------------
received prefix: 10.0.0.26
start time: 1741055443574
local preference: 185
end time: 1741055443574
Time: 0 ms
--------------------------------------------------
received prefix: 10.0.0.25
start time: 1741055445474
local preference: 185
end time: 1741055445475
Time: 1 ms
--------------------------------------------------
received prefix: 10.0.0.21
start time: 1741055446843
local preference: 213
end time: 1741055446844
Time: 1 ms
--------------------------------------------------
received prefix: 10.0.0.22
start time: 1741055447829
local preference: 207
end time: 1741055447830
Time: 1 ms
--------------------------------------------------
received prefix: 10.0.0.20
start time: 1741055448603
local preference: 204
end time: 1741055448606
Time: 3 ms
--------------------------------------------------
received prefix: 10.0.0.13
start time: 1741055449217
local preference: 215
end time: 1741055449217
Time: 0 ms
--------------------------------------------------
received prefix: 10.0.0.14
start time: 1741055449869
local preference: 208
end time: 1741055449870
Time: 1 ms
--------------------------------------------------
received prefix: 10.0.0.15
start time: 1741055450638
local preference: 206
end time: 1741055450639
Time: 1 ms
--------------------------------------------------
received prefix: 10.0.0.16
start time: 1741055451787
local preference: 151
end time: 1741055451792
Time: 5 ms
--------------------------------------------------
received prefix: 10.0.0.17
start time: 1741055452414
local preference: 210
end time: 1741055452415
Time: 1 ms
--------------------------------------------------
received prefix: 10.0.0.18
start time: 1741055453212
local preference: 202
end time: 1741055453213
Time: 1 ms
--------------------------------------------------
received prefix: 10.0.0.19
start time: 1741055454104
local preference: 217
end time: 1741055454105
Time: 1 ms
--------------------------------------------------
received prefix: 10.0.0.23
start time: 1741055454844
local preference: 189
end time: 1741055454845
Time: 1 ms
--------------------------------------------------
received prefix: 10.0.0.24
start time: 1741055455349
local preference: 184
end time: 1741055455350
Time: 1 ms
--------------------------------------------------
received prefix: 10.0.0.27
start time: 1741055456071
local preference: 186
end time: 1741055456073
Time: 2 ms
--------------------------------------------------
received prefix: 10.0.0.28
start time: 1741055456750
local preference: 193
end time: 1741055456751
Time: 1 ms
--------------------------------------------------
received prefix: 10.0.0.29
start time: 1741055457319
local preference: 193
end time: 1741055457322
Time: 3 ms
--------------------------------------------------
received prefix: 10.0.0.30
start time: 1741055457649
local preference: 207
end time: 1741055457650
Time: 1 ms
--------------------------------------------------
received prefix: 10.0.0.31
start time: 1741055458201
local preference: 207
end time: 1741055458201
Time: 0 ms
--------------------------------------------------
received prefix: 10.0.0.6
start time: 1741055506751
local preference: 203
end time: 1741055506752
Time: 1 ms
--------------------------------------------------
received prefix: 10.0.0.4
start time: 1741055507234
local preference: 180
end time: 1741055507234
Time: 0 ms
--------------------------------------------------
received prefix: 10.0.0.5
start time: 1741055507646
local preference: 209
end time: 1741055507647
Time: 1 ms
--------------------------------------------------
received prefix: 10.0.0.12
start time: 1741055507775
local preference: 212
end time: 1741055507776
Time: 1 ms
--------------------------------------------------
received prefix: 10.0.0.7
start time: 1741055510976
local preference: 211
end time: 1741055510977
Time: 1 ms
--------------------------------------------------
received prefix: 10.0.0.7
start time: 1741055510979
local preference: 210
end time: 1741055510980
Time: 1 ms
--------------------------------------------------
received prefix: 10.0.0.7
start time: 1741055510982
local preference: 216
end time: 1741055510983
Time: 1 ms
--------------------------------------------------
received prefix: 10.0.0.7
start time: 1741055511000
local preference: 210
end time: 1741055511000
Time: 0 ms
--------------------------------------------------
received prefix: 10.0.0.7
start time: 1741055511004
local preference: 211
end time: 1741055511006
Time: 2 ms
--------------------------------------------------
received prefix: 10.0.0.8
start time: 1741055511040
local preference: 207
end time: 1741055511040
Time: 0 ms
--------------------------------------------------
received prefix: 10.0.0.8
start time: 1741055511042
local preference: 207
end time: 1741055511043
Time: 1 ms
--------------------------------------------------
received prefix: 10.0.0.8
start time: 1741055511045
local preference: 205
end time: 1741055511046
Time: 1 ms
--------------------------------------------------
received prefix: 10.0.0.8
start time: 1741055511048
local preference: 207
end time: 1741055511049
Time: 1 ms
--------------------------------------------------
received prefix: 10.0.0.8
start time: 1741055511054
local preference: 207
end time: 1741055511057
Time: 3 ms
--------------------------------------------------
received prefix: 10.0.0.7
start time: 1741055511349
local preference: 211
end time: 1741055511350
Time: 1 ms
--------------------------------------------------
received prefix: 10.0.0.7
start time: 1741055511366
local preference: 210
end time: 1741055511367
Time: 1 ms
--------------------------------------------------
received prefix: 10.0.0.7
start time: 1741055511371
local preference: 216
end time: 1741055511371
Time: 0 ms
--------------------------------------------------
received prefix: 10.0.0.7
start time: 1741055511382
local preference: 210
end time: 1741055511385
Time: 3 ms
--------------------------------------------------
received prefix: 10.0.0.7
start time: 1741055511396
local preference: 211
end time: 1741055511397
Time: 1 ms
--------------------------------------------------
received prefix: 10.0.0.8
start time: 1741055511433
local preference: 207
end time: 1741055511435
Time: 2 ms
--------------------------------------------------
received prefix: 10.0.0.8
start time: 1741055511441
local preference: 207
end time: 1741055511442
Time: 1 ms
--------------------------------------------------
received prefix: 10.0.0.8
start time: 1741055511452
local preference: 205
end time: 1741055511453
Time: 1 ms
--------------------------------------------------
received prefix: 10.0.0.8
start time: 1741055511456
local preference: 207
end time: 1741055511460
Time: 4 ms
--------------------------------------------------
received prefix: 10.0.0.8
start time: 1741055511478
local preference: 207
end time: 1741055511479
Time: 1 ms
--------------------------------------------------
received prefix: 10.0.0.7
start time: 1741055511750
local preference: 211
end time: 1741055511754
Time: 4 ms
--------------------------------------------------
received prefix: 10.0.0.7
start time: 1741055511783
local preference: 211
end time: 1741055511787
Time: 4 ms
--------------------------------------------------
received prefix: 10.0.0.7
start time: 1741055511795
local preference: 216
end time: 1741055511796
Time: 1 ms
--------------------------------------------------
received prefix: 10.0.0.7
start time: 1741055511804
local preference: 210
end time: 1741055511805
Time: 1 ms
--------------------------------------------------
received prefix: 10.0.0.7
start time: 1741055511809
local preference: 211
end time: 1741055511810
Time: 1 ms
--------------------------------------------------
received prefix: 10.0.0.8
start time: 1741055511969
local preference: 207
end time: 1741055511969
Time: 0 ms
--------------------------------------------------
received prefix: 10.0.0.8
start time: 1741055511973
local preference: 207
end time: 1741055511974
Time: 1 ms
--------------------------------------------------
received prefix: 10.0.0.8
start time: 1741055511979
local preference: 205
end time: 1741055511980
Time: 1 ms
--------------------------------------------------
received prefix: 10.0.0.8
start time: 1741055511989
local preference: 207
end time: 1741055511990
Time: 1 ms
--------------------------------------------------
received prefix: 10.0.0.8
start time: 1741055511993
local preference: 207
end time: 1741055511995
Time: 2 ms
--------------------------------------------------
received prefix: 10.0.0.12
start time: 1741055512272
local preference: 212
end time: 1741055512273
Time: 1 ms
--------------------------------------------------
received prefix: 10.0.0.12
start time: 1741055512275
local preference: 216
end time: 1741055512276
Time: 1 ms
--------------------------------------------------
received prefix: 10.0.0.12
start time: 1741055512285
local preference: 213
end time: 1741055512286
Time: 1 ms
--------------------------------------------------
received prefix: 10.0.0.12
start time: 1741055512315
local preference: 216
end time: 1741055512316
Time: 1 ms
--------------------------------------------------
received prefix: 10.0.0.12
start time: 1741055512333
local preference: 211
end time: 1741055512334
Time: 1 ms
--------------------------------------------------
received prefix: 10.0.0.12
start time: 1741055512341
local preference: 214
end time: 1741055512344
Time: 3 ms
--------------------------------------------------
received prefix: 10.0.0.12
start time: 1741055512346
local preference: 213
end time: 1741055512347
Time: 1 ms
--------------------------------------------------
received prefix: 10.0.0.12
start time: 1741055512350
local preference: 216
end time: 1741055512351
Time: 1 ms
--------------------------------------------------
received prefix: 10.0.0.12
start time: 1741055512371
local preference: 212
end time: 1741055512372
Time: 1 ms
--------------------------------------------------
received prefix: 10.0.0.7
start time: 1741055512680
local preference: 211
end time: 1741055512680
Time: 0 ms
--------------------------------------------------
received prefix: 10.0.0.7
start time: 1741055512683
local preference: 211
end time: 1741055512683
Time: 0 ms
--------------------------------------------------
received prefix: 10.0.0.7
start time: 1741055512690
local preference: 210
end time: 1741055512693
Time: 3 ms
--------------------------------------------------
received prefix: 10.0.0.7
start time: 1741055512703
local preference: 210
end time: 1741055512704
Time: 1 ms
--------------------------------------------------
received prefix: 10.0.0.7
start time: 1741055512707
local preference: 211
end time: 1741055512708
Time: 1 ms
--------------------------------------------------
received prefix: 10.0.0.8
start time: 1741055512715
local preference: 207
end time: 1741055512716
Time: 1 ms
--------------------------------------------------
received prefix: 10.0.0.8
start time: 1741055512716
local preference: 207
end time: 1741055512717
Time: 1 ms
--------------------------------------------------
received prefix: 10.0.0.8
start time: 1741055512725
local preference: 207
end time: 1741055512727
Time: 2 ms
--------------------------------------------------
received prefix: 10.0.0.8
start time: 1741055512748
local preference: 207
end time: 1741055512749
Time: 1 ms
--------------------------------------------------
received prefix: 10.0.0.8
start time: 1741055512758
local preference: 207
end time: 1741055512759
Time: 1 ms
--------------------------------------------------
received prefix: 10.0.0.7
start time: 1741055513014
local preference: 211
end time: 1741055513015
Time: 1 ms
--------------------------------------------------
received prefix: 10.0.0.7
start time: 1741055513018
local preference: 211
end time: 1741055513022
Time: 4 ms
--------------------------------------------------
received prefix: 10.0.0.7
start time: 1741055513029
local preference: 210
end time: 1741055513030
Time: 1 ms
--------------------------------------------------
received prefix: 10.0.0.7
start time: 1741055513038
local preference: 216
end time: 1741055513039
Time: 1 ms
--------------------------------------------------
received prefix: 10.0.0.7
start time: 1741055513048
local preference: 211
end time: 1741055513049
Time: 1 ms
--------------------------------------------------
received prefix: 10.0.0.8
start time: 1741055513069
local preference: 207
end time: 1741055513072
Time: 3 ms
--------------------------------------------------
received prefix: 10.0.0.8
start time: 1741055513097
local preference: 207
end time: 1741055513099
Time: 2 ms
--------------------------------------------------
received prefix: 10.0.0.8
start time: 1741055513103
local preference: 207
end time: 1741055513104
Time: 1 ms
--------------------------------------------------
received prefix: 10.0.0.8
start time: 1741055513106
local preference: 205
end time: 1741055513107
Time: 1 ms
--------------------------------------------------
received prefix: 10.0.0.8
start time: 1741055513109
local preference: 207
end time: 1741055513110
Time: 1 ms
--------------------------------------------------
received prefix: 10.0.0.11
start time: 1741055513287
local preference: 206
end time: 1741055513291
Time: 4 ms
--------------------------------------------------
received prefix: 10.0.0.11
start time: 1741055513316
local preference: 206
end time: 1741055513317
Time: 1 ms
--------------------------------------------------
received prefix: 10.0.0.11
start time: 1741055513323
local preference: 206
end time: 1741055513324
Time: 1 ms
--------------------------------------------------
received prefix: 10.0.0.11
start time: 1741055513329
local preference: 204
end time: 1741055513332
Time: 3 ms
--------------------------------------------------
received prefix: 10.0.0.11
start time: 1741055513340
local preference: 206
end time: 1741055513340
Time: 0 ms
--------------------------------------------------
received prefix: 10.0.0.9
start time: 1741055513546
local preference: 211
end time: 1741055513547
Time: 1 ms
--------------------------------------------------
received prefix: 10.0.0.9
start time: 1741055513550
local preference: 211
end time: 1741055513550
Time: 0 ms
--------------------------------------------------
received prefix: 10.0.0.9
start time: 1741055513557
local preference: 211
end time: 1741055513560
Time: 3 ms
--------------------------------------------------
received prefix: 10.0.0.9
start time: 1741055513563
local preference: 217
end time: 1741055513564
Time: 1 ms
--------------------------------------------------
received prefix: 10.0.0.9
start time: 1741055513573
local preference: 211
end time: 1741055513575
Time: 2 ms
--------------------------------------------------
received prefix: 10.0.0.10
start time: 1741055513792
local preference: 216
end time: 1741055513793
Time: 1 ms
--------------------------------------------------
received prefix: 10.0.0.10
start time: 1741055513804
local preference: 216
end time: 1741055513805
Time: 1 ms
--------------------------------------------------
received prefix: 10.0.0.10
start time: 1741055513813
local preference: 216
end time: 1741055513814
Time: 1 ms
--------------------------------------------------
received prefix: 10.0.0.10
start time: 1741055513816
local preference: 216
end time: 1741055513817
Time: 1 ms
--------------------------------------------------
received prefix: 10.0.0.10
start time: 1741055513827
local preference: 215
end time: 1741055513829
Time: 2 ms
--------------------------------------------------
received prefix: 10.0.0.12
start time: 1741055514180
local preference: 212
end time: 1741055514181
Time: 1 ms
--------------------------------------------------
received prefix: 10.0.0.12
start time: 1741055514183
local preference: 212
end time: 1741055514184
Time: 1 ms
--------------------------------------------------
received prefix: 10.0.0.12
start time: 1741055514205
local preference: 212
end time: 1741055514206
Time: 1 ms
--------------------------------------------------
received prefix: 10.0.0.12
start time: 1741055514209
local preference: 210
end time: 1741055514210
Time: 1 ms
--------------------------------------------------
received prefix: 10.0.0.12
start time: 1741055514212
local preference: 213
end time: 1741055514213
Time: 1 ms
--------------------------------------------------
received prefix: 10.0.0.13
start time: 1741055516245
local preference: 215
end time: 1741055516246
Time: 1 ms
--------------------------------------------------
received prefix: 10.0.0.14
start time: 1741055516650
local preference: 208
end time: 1741055516651
Time: 1 ms
--------------------------------------------------
received prefix: 10.0.0.7
start time: 1741055546056
local preference: 200
end time: 1741055546057
Time: 1 ms
--------------------------------------------------
received prefix: 10.0.0.8
start time: 1741055546602
local preference: 210
end time: 1741055546605
Time: 3 ms
--------------------------------------------------
received prefix: 10.0.0.11
start time: 1741055549753
local preference: 206
end time: 1741055549758
Time: 5 ms
--------------------------------------------------
received prefix: 10.0.0.11
start time: 1741055549774
local preference: 206
end time: 1741055549774
Time: 0 ms
--------------------------------------------------
received prefix: 10.0.0.11
start time: 1741055549777
local preference: 204
end time: 1741055549777
Time: 0 ms
--------------------------------------------------
received prefix: 10.0.0.11
start time: 1741055549780
local preference: 206
end time: 1741055549780
Time: 0 ms
--------------------------------------------------
received prefix: 10.0.0.11
start time: 1741055549782
local preference: 206
end time: 1741055549783
Time: 1 ms
--------------------------------------------------
received prefix: 10.0.0.9
start time: 1741055549838
local preference: 211
end time: 1741055549838
Time: 0 ms
--------------------------------------------------
received prefix: 10.0.0.9
start time: 1741055549844
local preference: 211
end time: 1741055549845
Time: 1 ms
--------------------------------------------------
received prefix: 10.0.0.9
start time: 1741055549845
local preference: 217
end time: 1741055549846
Time: 1 ms
--------------------------------------------------
received prefix: 10.0.0.9
start time: 1741055549861
local preference: 210
end time: 1741055549863
Time: 2 ms
--------------------------------------------------
received prefix: 10.0.0.9
start time: 1741055549869
local preference: 211
end time: 1741055549870
Time: 1 ms
--------------------------------------------------
received prefix: 10.0.0.10
start time: 1741055549913
local preference: 215
end time: 1741055549914
Time: 1 ms
--------------------------------------------------
received prefix: 10.0.0.10
start time: 1741055549932
local preference: 215
end time: 1741055549933
Time: 1 ms
--------------------------------------------------
received prefix: 10.0.0.10
start time: 1741055549952
local preference: 216
end time: 1741055549956
Time: 4 ms
--------------------------------------------------
received prefix: 10.0.0.10
start time: 1741055549966
local preference: 215
end time: 1741055549968
Time: 2 ms
--------------------------------------------------
received prefix: 10.0.0.10
start time: 1741055549973
local preference: 215
end time: 1741055549975
Time: 2 ms
--------------------------------------------------
received prefix: 10.0.0.12
start time: 1741055550026
local preference: 213
end time: 1741055550027
Time: 1 ms
--------------------------------------------------
received prefix: 10.0.0.12
start time: 1741055550029
local preference: 213
end time: 1741055550029
Time: 0 ms
--------------------------------------------------
received prefix: 10.0.0.12
start time: 1741055550033
local preference: 211
end time: 1741055550036
Time: 3 ms
--------------------------------------------------
received prefix: 10.0.0.12
start time: 1741055550048
local preference: 213
end time: 1741055550049
Time: 1 ms
--------------------------------------------------
received prefix: 10.0.0.12
start time: 1741055550051
local preference: 213
end time: 1741055550051
Time: 0 ms
--------------------------------------------------
received prefix: 10.0.0.11
start time: 1741055550133
local preference: 206
end time: 1741055550134
Time: 1 ms
--------------------------------------------------
received prefix: 10.0.0.11
start time: 1741055550145
local preference: 206
end time: 1741055550146
Time: 1 ms
--------------------------------------------------
received prefix: 10.0.0.11
start time: 1741055550150
local preference: 204
end time: 1741055550152
Time: 2 ms
--------------------------------------------------
received prefix: 10.0.0.11
start time: 1741055550160
local preference: 206
end time: 1741055550162
Time: 2 ms
--------------------------------------------------
received prefix: 10.0.0.11
start time: 1741055550169
local preference: 206
end time: 1741055550169
Time: 0 ms
--------------------------------------------------
received prefix: 10.0.0.9
start time: 1741055550180
local preference: 211
end time: 1741055550182
Time: 2 ms
--------------------------------------------------
received prefix: 10.0.0.9
start time: 1741055550189
local preference: 211
end time: 1741055550193
Time: 4 ms
--------------------------------------------------
received prefix: 10.0.0.9
start time: 1741055550212
local preference: 217
end time: 1741055550213
Time: 1 ms
--------------------------------------------------
received prefix: 10.0.0.9
start time: 1741055550215
local preference: 210
end time: 1741055550216
Time: 1 ms
--------------------------------------------------
received prefix: 10.0.0.9
start time: 1741055550218
local preference: 211
end time: 1741055550218
Time: 0 ms
--------------------------------------------------
received prefix: 10.0.0.10
start time: 1741055550243
local preference: 215
end time: 1741055550243
Time: 0 ms
--------------------------------------------------
received prefix: 10.0.0.10
start time: 1741055550247
local preference: 215
end time: 1741055550249
Time: 2 ms
--------------------------------------------------
received prefix: 10.0.0.10
start time: 1741055550273
local preference: 216
end time: 1741055550274
Time: 1 ms
--------------------------------------------------
received prefix: 10.0.0.10
start time: 1741055550279
local preference: 215
end time: 1741055550280
Time: 1 ms
--------------------------------------------------
received prefix: 10.0.0.10
start time: 1741055550282
local preference: 215
end time: 1741055550283
Time: 1 ms
--------------------------------------------------
received prefix: 10.0.0.12
start time: 1741055550374
local preference: 213
end time: 1741055550375
Time: 1 ms
--------------------------------------------------
received prefix: 10.0.0.12
start time: 1741055550385
local preference: 213
end time: 1741055550386
Time: 1 ms
--------------------------------------------------
received prefix: 10.0.0.12
start time: 1741055550389
local preference: 211
end time: 1741055550390
Time: 1 ms
--------------------------------------------------
received prefix: 10.0.0.12
start time: 1741055550411
local preference: 213
end time: 1741055550412
Time: 1 ms
--------------------------------------------------
received prefix: 10.0.0.12
start time: 1741055550415
local preference: 213
end time: 1741055550416
Time: 1 ms
--------------------------------------------------
received prefix: 10.0.0.11
start time: 1741055550502
local preference: 206
end time: 1741055550503
Time: 1 ms
--------------------------------------------------
received prefix: 10.0.0.11
start time: 1741055550525
local preference: 206
end time: 1741055550526
Time: 1 ms
--------------------------------------------------
received prefix: 10.0.0.11
start time: 1741055550535
local preference: 204
end time: 1741055550537
Time: 2 ms
--------------------------------------------------
received prefix: 10.0.0.11
start time: 1741055550549
local preference: 206
end time: 1741055550549
Time: 0 ms
--------------------------------------------------
received prefix: 10.0.0.11
start time: 1741055550552
local preference: 206
end time: 1741055550556
Time: 4 ms
--------------------------------------------------
received prefix: 10.0.0.9
start time: 1741055550748
local preference: 211
end time: 1741055550748
Time: 0 ms
--------------------------------------------------
received prefix: 10.0.0.9
start time: 1741055550751
local preference: 211
end time: 1741055550752
Time: 1 ms
--------------------------------------------------
received prefix: 10.0.0.9
start time: 1741055550758
local preference: 217
end time: 1741055550762
Time: 4 ms
--------------------------------------------------
received prefix: 10.0.0.9
start time: 1741055550782
local preference: 210
end time: 1741055550784
Time: 2 ms
--------------------------------------------------
received prefix: 10.0.0.9
start time: 1741055550793
local preference: 211
end time: 1741055550794
Time: 1 ms
--------------------------------------------------
received prefix: 10.0.0.10
start time: 1741055550948
local preference: 215
end time: 1741055550951
Time: 3 ms
--------------------------------------------------
received prefix: 10.0.0.10
start time: 1741055550961
local preference: 215
end time: 1741055550963
Time: 2 ms
--------------------------------------------------
received prefix: 10.0.0.10
start time: 1741055550979
local preference: 216
end time: 1741055550983
Time: 4 ms
--------------------------------------------------
received prefix: 10.0.0.10
start time: 1741055550997
local preference: 215
end time: 1741055550997
Time: 0 ms
--------------------------------------------------
received prefix: 10.0.0.10
start time: 1741055551006
local preference: 215
end time: 1741055551007
Time: 1 ms
--------------------------------------------------
received prefix: 10.0.0.12
start time: 1741055551294
local preference: 213
end time: 1741055551298
Time: 4 ms
--------------------------------------------------
received prefix: 10.0.0.12
start time: 1741055551315
local preference: 213
end time: 1741055551316
Time: 1 ms
--------------------------------------------------
received prefix: 10.0.0.12
start time: 1741055551319
local preference: 211
end time: 1741055551323
Time: 4 ms
--------------------------------------------------
received prefix: 10.0.0.12
start time: 1741055551325
local preference: 213
end time: 1741055551326
Time: 1 ms
--------------------------------------------------
received prefix: 10.0.0.12
start time: 1741055551333
local preference: 213
end time: 1741055551334
Time: 1 ms
--------------------------------------------------
received prefix: 10.0.0.11
start time: 1741055551617
local preference: 206
end time: 1741055551618
Time: 1 ms
--------------------------------------------------
received prefix: 10.0.0.11
start time: 1741055551622
local preference: 206
end time: 1741055551623
Time: 1 ms
--------------------------------------------------
received prefix: 10.0.0.11
start time: 1741055551630
local preference: 206
end time: 1741055551631
Time: 1 ms
--------------------------------------------------
received prefix: 10.0.0.11
start time: 1741055551643
local preference: 206
end time: 1741055551644
Time: 1 ms
--------------------------------------------------
received prefix: 10.0.0.11
start time: 1741055551647
local preference: 206
end time: 1741055551648
Time: 1 ms
--------------------------------------------------
received prefix: 10.0.0.9
start time: 1741055551693
local preference: 211
end time: 1741055551693
Time: 0 ms
--------------------------------------------------
received prefix: 10.0.0.9
start time: 1741055551695
local preference: 211
end time: 1741055551696
Time: 1 ms
--------------------------------------------------
received prefix: 10.0.0.9
start time: 1741055551698
local preference: 211
end time: 1741055551702
Time: 4 ms
--------------------------------------------------
received prefix: 10.0.0.9
start time: 1741055551707
local preference: 210
end time: 1741055551708
Time: 1 ms
--------------------------------------------------
received prefix: 10.0.0.9
start time: 1741055551710
local preference: 211
end time: 1741055551711
Time: 1 ms
--------------------------------------------------
received prefix: 10.0.0.10
start time: 1741055551751
local preference: 215
end time: 1741055551752
Time: 1 ms
--------------------------------------------------
received prefix: 10.0.0.10
start time: 1741055551757
local preference: 215
end time: 1741055551759
Time: 2 ms
--------------------------------------------------
received prefix: 10.0.0.10
start time: 1741055551774
local preference: 215
end time: 1741055551775
Time: 1 ms
--------------------------------------------------
received prefix: 10.0.0.10
start time: 1741055551777
local preference: 215
end time: 1741055551778
Time: 1 ms
--------------------------------------------------
received prefix: 10.0.0.10
start time: 1741055551780
local preference: 215
end time: 1741055551781
Time: 1 ms
--------------------------------------------------
received prefix: 10.0.0.12
start time: 1741055551838
local preference: 213
end time: 1741055551839
Time: 1 ms
--------------------------------------------------
received prefix: 10.0.0.12
start time: 1741055551866
local preference: 213
end time: 1741055551867
Time: 1 ms
--------------------------------------------------
received prefix: 10.0.0.12
start time: 1741055551870
local preference: 213
end time: 1741055551871
Time: 1 ms
--------------------------------------------------
received prefix: 10.0.0.12
start time: 1741055551875
local preference: 213
end time: 1741055551876
Time: 1 ms
--------------------------------------------------
received prefix: 10.0.0.12
start time: 1741055551879
local preference: 213
end time: 1741055551883
Time: 4 ms
--------------------------------------------------
received prefix: 10.0.0.11
start time: 1741055551972
local preference: 206
end time: 1741055551973
Time: 1 ms
--------------------------------------------------
received prefix: 10.0.0.11
start time: 1741055551985
local preference: 206
end time: 1741055551987
Time: 2 ms
--------------------------------------------------
received prefix: 10.0.0.11
start time: 1741055551994
local preference: 206
end time: 1741055551995
Time: 1 ms
--------------------------------------------------
received prefix: 10.0.0.11
start time: 1741055552006
local preference: 204
end time: 1741055552007
Time: 1 ms
--------------------------------------------------
received prefix: 10.0.0.11
start time: 1741055552010
local preference: 206
end time: 1741055552011
Time: 1 ms
--------------------------------------------------
received prefix: 10.0.0.9
start time: 1741055552020
local preference: 211
end time: 1741055552025
Time: 5 ms
--------------------------------------------------
received prefix: 10.0.0.9
start time: 1741055552030
local preference: 211
end time: 1741055552030
Time: 0 ms
--------------------------------------------------
received prefix: 10.0.0.9
start time: 1741055552036
local preference: 211
end time: 1741055552037
Time: 1 ms
--------------------------------------------------
received prefix: 10.0.0.9
start time: 1741055552039
local preference: 217
end time: 1741055552040
Time: 1 ms
--------------------------------------------------
received prefix: 10.0.0.9
start time: 1741055552102
local preference: 211
end time: 1741055552103
Time: 1 ms
--------------------------------------------------
received prefix: 10.0.0.10
start time: 1741055552120
local preference: 215
end time: 1741055552121
Time: 1 ms
--------------------------------------------------
received prefix: 10.0.0.10
start time: 1741055552125
local preference: 215
end time: 1741055552129
Time: 4 ms
--------------------------------------------------
received prefix: 10.0.0.10
start time: 1741055552133
local preference: 215
end time: 1741055552134
Time: 1 ms
--------------------------------------------------
received prefix: 10.0.0.10
start time: 1741055552137
local preference: 216
end time: 1741055552138
Time: 1 ms
--------------------------------------------------
received prefix: 10.0.0.10
start time: 1741055552155
local preference: 215
end time: 1741055552155
Time: 0 ms
--------------------------------------------------
received prefix: 10.0.0.12
start time: 1741055552213
local preference: 213
end time: 1741055552214
Time: 1 ms
--------------------------------------------------
received prefix: 10.0.0.12
start time: 1741055552216
local preference: 213
end time: 1741055552216
Time: 0 ms
--------------------------------------------------
received prefix: 10.0.0.12
start time: 1741055552224
local preference: 213
end time: 1741055552225
Time: 1 ms
--------------------------------------------------
received prefix: 10.0.0.12
start time: 1741055552229
local preference: 211
end time: 1741055552231
Time: 2 ms
--------------------------------------------------
received prefix: 10.0.0.12
start time: 1741055552300
local preference: 213
end time: 1741055552301
Time: 1 ms
--------------------------------------------------
received prefix: 10.0.0.13
start time: 1741055552338
local preference: 215
end time: 1741055552339
Time: 1 ms
--------------------------------------------------
received prefix: 10.0.0.13
start time: 1741055552341
local preference: 215
end time: 1741055552342
Time: 1 ms
--------------------------------------------------
received prefix: 10.0.0.13
start time: 1741055552412
local preference: 215
end time: 1741055552414
Time: 2 ms
--------------------------------------------------
received prefix: 10.0.0.13
start time: 1741055552423
local preference: 213
end time: 1741055552427
Time: 4 ms
--------------------------------------------------
received prefix: 10.0.0.13
start time: 1741055552432
local preference: 215
end time: 1741055552433
Time: 1 ms
--------------------------------------------------
received prefix: 10.0.0.14
start time: 1741055552570
local preference: 208
end time: 1741055552571
Time: 1 ms
--------------------------------------------------
received prefix: 10.0.0.14
start time: 1741055552575
local preference: 208
end time: 1741055552577
Time: 2 ms
--------------------------------------------------
received prefix: 10.0.0.14
start time: 1741055552581
local preference: 208
end time: 1741055552583
Time: 2 ms
--------------------------------------------------
received prefix: 10.0.0.14
start time: 1741055552585
local preference: 206
end time: 1741055552586
Time: 1 ms
--------------------------------------------------
received prefix: 10.0.0.14
start time: 1741055552591
local preference: 208
end time: 1741055552592
Time: 1 ms
--------------------------------------------------
received prefix: 10.0.0.20
start time: 1741055555532
local preference: 203
end time: 1741055555533
Time: 1 ms
--------------------------------------------------
received prefix: 10.0.0.15
start time: 1741055556111
local preference: 206
end time: 1741055556112
Time: 1 ms
--------------------------------------------------
received prefix: 10.0.0.16
start time: 1741055556544
local preference: 151
end time: 1741055556545
Time: 1 ms
--------------------------------------------------
received prefix: 10.0.0.17
start time: 1741055556943
local preference: 210
end time: 1741055556943
Time: 0 ms
--------------------------------------------------
received prefix: 10.0.0.18
start time: 1741055557337
local preference: 202
end time: 1741055557339
Time: 2 ms
--------------------------------------------------
received prefix: 10.0.0.19
start time: 1741055557667
local preference: 217
end time: 1741055557670
Time: 3 ms
--------------------------------------------------
received prefix: 10.0.0.11
start time: 1741055583879
local preference: 209
end time: 1741055583880
Time: 1 ms
--------------------------------------------------
received prefix: 10.0.0.9
start time: 1741055584475
local preference: 200
end time: 1741055584476
Time: 1 ms
--------------------------------------------------
received prefix: 10.0.0.10
start time: 1741055584926
local preference: 206
end time: 1741055584927
Time: 1 ms
--------------------------------------------------
received prefix: 10.0.0.12
start time: 1741055585478
local preference: 216
end time: 1741055585479
Time: 1 ms
--------------------------------------------------
received prefix: 10.0.0.20
start time: 1741055589587
local preference: 203
end time: 1741055589592
Time: 5 ms
--------------------------------------------------
received prefix: 10.0.0.20
start time: 1741055589608
local preference: 203
end time: 1741055589609
Time: 1 ms
--------------------------------------------------
received prefix: 10.0.0.20
start time: 1741055589613
local preference: 203
end time: 1741055589616
Time: 3 ms
--------------------------------------------------
received prefix: 10.0.0.20
start time: 1741055589636
local preference: 201
end time: 1741055589637
Time: 1 ms
--------------------------------------------------
received prefix: 10.0.0.20
start time: 1741055589647
local preference: 203
end time: 1741055589648
Time: 1 ms
--------------------------------------------------
received prefix: 10.0.0.15
start time: 1741055589894
local preference: 206
end time: 1741055589895
Time: 1 ms
--------------------------------------------------
received prefix: 10.0.0.15
start time: 1741055589896
local preference: 206
end time: 1741055589898
Time: 2 ms
--------------------------------------------------
received prefix: 10.0.0.15
start time: 1741055589914
local preference: 206
end time: 1741055589915
Time: 1 ms
--------------------------------------------------
received prefix: 10.0.0.15
start time: 1741055589919
local preference: 204
end time: 1741055589922
Time: 3 ms
--------------------------------------------------
received prefix: 10.0.0.15
start time: 1741055589924
local preference: 206
end time: 1741055589925
Time: 1 ms
--------------------------------------------------
received prefix: 10.0.0.16
start time: 1741055590123
local preference: 152
end time: 1741055590124
Time: 1 ms
--------------------------------------------------
received prefix: 10.0.0.16
start time: 1741055590127
local preference: 152
end time: 1741055590128
Time: 1 ms
--------------------------------------------------
received prefix: 10.0.0.16
start time: 1741055590152
local preference: 152
end time: 1741055590154
Time: 2 ms
--------------------------------------------------
received prefix: 10.0.0.16
start time: 1741055590158
local preference: 160
end time: 1741055590159
Time: 1 ms
--------------------------------------------------
received prefix: 10.0.0.16
start time: 1741055590173
local preference: 151
end time: 1741055590174
Time: 1 ms
--------------------------------------------------
received prefix: 10.0.0.17
start time: 1741055590312
local preference: 210
end time: 1741055590314
Time: 2 ms
--------------------------------------------------
received prefix: 10.0.0.17
start time: 1741055590342
local preference: 210
end time: 1741055590343
Time: 1 ms
--------------------------------------------------
received prefix: 10.0.0.17
start time: 1741055590355
local preference: 210
end time: 1741055590356
Time: 1 ms
--------------------------------------------------
received prefix: 10.0.0.17
start time: 1741055590364
local preference: 208
end time: 1741055590365
Time: 1 ms
--------------------------------------------------
received prefix: 10.0.0.17
start time: 1741055590367
local preference: 210
end time: 1741055590368
Time: 1 ms
--------------------------------------------------
received prefix: 10.0.0.18
start time: 1741055590565
local preference: 202
end time: 1741055590567
Time: 2 ms
--------------------------------------------------
received prefix: 10.0.0.18
start time: 1741055590583
local preference: 202
end time: 1741055590584
Time: 1 ms
--------------------------------------------------
received prefix: 10.0.0.18
start time: 1741055590608
local preference: 202
end time: 1741055590610
Time: 2 ms
--------------------------------------------------
received prefix: 10.0.0.18
start time: 1741055590623
local preference: 210
end time: 1741055590625
Time: 2 ms
--------------------------------------------------
received prefix: 10.0.0.18
start time: 1741055590628
local preference: 202
end time: 1741055590629
Time: 1 ms
--------------------------------------------------
received prefix: 10.0.0.19
start time: 1741055590820
local preference: 217
end time: 1741055590822
Time: 2 ms
--------------------------------------------------
received prefix: 10.0.0.19
start time: 1741055590841
local preference: 217
end time: 1741055590842
Time: 1 ms
--------------------------------------------------
received prefix: 10.0.0.19
start time: 1741055590846
local preference: 217
end time: 1741055590847
Time: 1 ms
--------------------------------------------------
received prefix: 10.0.0.19
start time: 1741055590850
local preference: 217
end time: 1741055590851
Time: 1 ms
--------------------------------------------------
received prefix: 10.0.0.19
start time: 1741055590867
local preference: 217
end time: 1741055590868
Time: 1 ms
--------------------------------------------------
received prefix: 10.0.0.21
start time: 1741055591813
local preference: 213
end time: 1741055591814
Time: 1 ms
--------------------------------------------------
received prefix: 10.0.0.22
start time: 1741055591972
local preference: 207
end time: 1741055591973
Time: 1 ms
--------------------------------------------------
received prefix: 10.0.0.13
start time: 1741055603770
local preference: 217
end time: 1741055603771
Time: 1 ms
--------------------------------------------------
received prefix: 10.0.0.25
start time: 1741055609172
local preference: 184
end time: 1741055609173
Time: 1 ms
--------------------------------------------------
received prefix: 10.0.0.16
start time: 1741055613762
local preference: 141
end time: 1741055613765
Time: 3 ms
--------------------------------------------------
received prefix: 10.0.0.18
start time: 1741055614251
local preference: 190
end time: 1741055614252
Time: 1 ms
--------------------------------------------------
received prefix: 10.0.0.19
start time: 1741055614826
local preference: 209
end time: 1741055614831
Time: 5 ms
--------------------------------------------------
received prefix: 10.0.0.29
start time: 1741055626679
local preference: 193
end time: 1741055626679
Time: 0 ms
--------------------------------------------------
received prefix: 10.0.0.1
start time: 1741055997169
local preference: 210
end time: 1741055997171
Time: 2 ms
--------------------------------------------------
received prefix: 10.0.0.1
start time: 1741055997178
local preference: 210
end time: 1741055997179
Time: 1 ms
--------------------------------------------------
received prefix: 10.0.0.1
start time: 1741055997184
local preference: 209
end time: 1741055997187
Time: 3 ms
--------------------------------------------------
received prefix: 10.0.0.1
start time: 1741055997197
local preference: 209
end time: 1741055997198
Time: 1 ms
--------------------------------------------------
received prefix: 10.0.0.1
start time: 1741055997201
local preference: 208
end time: 1741055997202
Time: 1 ms
--------------------------------------------------
received prefix: 10.0.0.1
start time: 1741055997204
local preference: 208
end time: 1741055997205
Time: 1 ms
--------------------------------------------------
received prefix: 10.0.0.1
start time: 1741055997207
local preference: 210
end time: 1741055997207
Time: 0 ms
--------------------------------------------------
received prefix: 10.0.0.1
start time: 1741055997209
local preference: 210
end time: 1741055997210
Time: 1 ms
--------------------------------------------------
received prefix: 10.0.0.1
start time: 1741055997213
local preference: 209
end time: 1741055997214
Time: 1 ms
--------------------------------------------------
received prefix: 10.0.0.1
start time: 1741055997224
local preference: 209
end time: 1741055997225
Time: 1 ms
--------------------------------------------------
received prefix: 10.0.0.2
start time: 1741055997233
local preference: 212
end time: 1741055997234
Time: 1 ms
--------------------------------------------------
received prefix: 10.0.0.2
start time: 1741055997237
local preference: 212
end time: 1741055997237
Time: 0 ms
--------------------------------------------------
received prefix: 10.0.0.2
start time: 1741055997240
local preference: 212
end time: 1741055997241
Time: 1 ms
--------------------------------------------------
received prefix: 10.0.0.2
start time: 1741055997244
local preference: 212
end time: 1741055997244
Time: 0 ms
--------------------------------------------------
received prefix: 10.0.0.2
start time: 1741055997262
local preference: 210
end time: 1741055997267
Time: 5 ms
--------------------------------------------------
received prefix: 10.0.0.2
start time: 1741055997271
local preference: 210
end time: 1741055997272
Time: 1 ms
--------------------------------------------------
received prefix: 10.0.0.2
start time: 1741055997280
local preference: 212
end time: 1741055997281
Time: 1 ms
--------------------------------------------------
received prefix: 10.0.0.2
start time: 1741055997292
local preference: 212
end time: 1741055997293
Time: 1 ms
--------------------------------------------------
received prefix: 10.0.0.2
start time: 1741055997303
local preference: 212
end time: 1741055997304
Time: 1 ms
--------------------------------------------------
received prefix: 10.0.0.2
start time: 1741055997311
local preference: 212
end time: 1741055997311
Time: 0 ms
--------------------------------------------------
received prefix: 10.0.0.3
start time: 1741055997376
local preference: 200
end time: 1741055997377
Time: 1 ms
--------------------------------------------------
received prefix: 10.0.0.3
start time: 1741055997380
local preference: 200
end time: 1741055997381
Time: 1 ms
--------------------------------------------------
received prefix: 10.0.0.3
start time: 1741055997391
local preference: 200
end time: 1741055997392
Time: 1 ms
--------------------------------------------------
received prefix: 10.0.0.3
start time: 1741055997401
local preference: 200
end time: 1741055997402
Time: 1 ms
--------------------------------------------------
received prefix: 10.0.0.3
start time: 1741055997409
local preference: 199
end time: 1741055997410
Time: 1 ms
--------------------------------------------------
received prefix: 10.0.0.3
start time: 1741055997426
local preference: 199
end time: 1741055997429
Time: 3 ms
--------------------------------------------------
received prefix: 10.0.0.3
start time: 1741055997441
local preference: 201
end time: 1741055997442
Time: 1 ms
--------------------------------------------------
received prefix: 10.0.0.3
start time: 1741055997448
local preference: 201
end time: 1741055997449
Time: 1 ms
--------------------------------------------------
received prefix: 10.0.0.3
start time: 1741055997454
local preference: 200
end time: 1741055997455
Time: 1 ms
--------------------------------------------------
received prefix: 10.0.0.3
start time: 1741055997457
local preference: 200
end time: 1741055997460
Time: 3 ms
--------------------------------------------------
received prefix: 10.0.0.4
start time: 1741055997853
local preference: 179
end time: 1741055997854
Time: 1 ms
--------------------------------------------------
received prefix: 10.0.0.4
start time: 1741055997858
local preference: 179
end time: 1741055997859
Time: 1 ms
--------------------------------------------------
received prefix: 10.0.0.4
start time: 1741055997866
local preference: 179
end time: 1741055997868
Time: 2 ms
--------------------------------------------------
received prefix: 10.0.0.4
start time: 1741055997881
local preference: 179
end time: 1741055997882
Time: 1 ms
--------------------------------------------------
received prefix: 10.0.0.4
start time: 1741055997888
local preference: 179
end time: 1741055997891
Time: 3 ms
--------------------------------------------------
received prefix: 10.0.0.4
start time: 1741055997903
local preference: 179
end time: 1741055997904
Time: 1 ms
--------------------------------------------------
received prefix: 10.0.0.4
start time: 1741055997912
local preference: 179
end time: 1741055997912
Time: 0 ms
--------------------------------------------------
received prefix: 10.0.0.4
start time: 1741055997920
local preference: 179
end time: 1741055997921
Time: 1 ms
--------------------------------------------------
received prefix: 10.0.0.4
start time: 1741055997943
local preference: 179
end time: 1741055997945
Time: 2 ms
--------------------------------------------------
received prefix: 10.0.0.4
start time: 1741055997950
local preference: 179
end time: 1741055997951
Time: 1 ms
--------------------------------------------------
received prefix: 10.0.0.5
start time: 1741055998064
local preference: 204
end time: 1741055998065
Time: 1 ms
--------------------------------------------------
received prefix: 10.0.0.5
start time: 1741055998082
local preference: 204
end time: 1741055998083
Time: 1 ms
--------------------------------------------------
received prefix: 10.0.0.5
start time: 1741055998095
local preference: 204
end time: 1741055998101
Time: 6 ms
--------------------------------------------------
received prefix: 10.0.0.5
start time: 1741055998114
local preference: 204
end time: 1741055998115
Time: 1 ms
--------------------------------------------------
received prefix: 10.0.0.5
start time: 1741055998118
local preference: 204
end time: 1741055998118
Time: 0 ms
--------------------------------------------------
received prefix: 10.0.0.5
start time: 1741055998124
local preference: 204
end time: 1741055998125
Time: 1 ms
--------------------------------------------------
received prefix: 10.0.0.5
start time: 1741055998135
local preference: 202
end time: 1741055998135
Time: 0 ms
--------------------------------------------------
received prefix: 10.0.0.5
start time: 1741055998160
local preference: 202
end time: 1741055998161
Time: 1 ms
--------------------------------------------------
received prefix: 10.0.0.5
start time: 1741055998172
local preference: 204
end time: 1741055998175
Time: 3 ms
--------------------------------------------------
received prefix: 10.0.0.5
start time: 1741055998192
local preference: 204
end time: 1741055998193
Time: 1 ms
--------------------------------------------------
received prefix: 10.0.0.6
start time: 1741055998322
local preference: 219
end time: 1741055998324
Time: 2 ms
--------------------------------------------------
received prefix: 10.0.0.6
start time: 1741055998345
local preference: 219
end time: 1741055998346
Time: 1 ms
--------------------------------------------------
received prefix: 10.0.0.6
start time: 1741055998350
local preference: 219
end time: 1741055998350
Time: 0 ms
--------------------------------------------------
received prefix: 10.0.0.6
start time: 1741055998352
local preference: 219
end time: 1741055998353
Time: 1 ms
--------------------------------------------------
received prefix: 10.0.0.6
start time: 1741055998362
local preference: 219
end time: 1741055998364
Time: 2 ms
--------------------------------------------------
received prefix: 10.0.0.6
start time: 1741055998398
local preference: 219
end time: 1741055998400
Time: 2 ms
--------------------------------------------------
received prefix: 10.0.0.6
start time: 1741055998405
local preference: 217
end time: 1741055998406
Time: 1 ms
--------------------------------------------------
received prefix: 10.0.0.6
start time: 1741055998408
local preference: 217
end time: 1741055998409
Time: 1 ms
--------------------------------------------------
received prefix: 10.0.0.6
start time: 1741055998420
local preference: 219
end time: 1741055998421
Time: 1 ms
--------------------------------------------------
received prefix: 10.0.0.6
start time: 1741055998430
local preference: 219
end time: 1741055998432
Time: 2 ms
--------------------------------------------------
received prefix: 10.0.0.8
start time: 1741056000981
local preference: 205
end time: 1741056000982
Time: 1 ms
--------------------------------------------------
received prefix: 10.0.0.6
start time: 1741056002066
local preference: 219
end time: 1741056002068
Time: 2 ms
--------------------------------------------------
received prefix: 10.0.0.1
start time: 1741056002857
local preference: 209
end time: 1741056002858
Time: 1 ms
--------------------------------------------------
received prefix: 10.0.0.2
start time: 1741056003597
local preference: 212
end time: 1741056003597
Time: 0 ms
--------------------------------------------------
received prefix: 10.0.0.3
start time: 1741056004643
local preference: 197
end time: 1741056004644
Time: 1 ms
--------------------------------------------------
received prefix: 10.0.0.4
start time: 1741056005555
local preference: 175
end time: 1741056005560
Time: 5 ms
--------------------------------------------------
received prefix: 10.0.0.5
start time: 1741056006578
local preference: 205
end time: 1741056006580
Time: 2 ms
--------------------------------------------------
received prefix: 10.0.0.7
start time: 1741056006707
local preference: 219
end time: 1741056006708
Time: 1 ms
--------------------------------------------------
received prefix: 10.0.0.32
start time: 1741056081328
local preference: 206
end time: 1741056081328
Time: 0 ms
--------------------------------------------------
received prefix: 10.0.0.3
start time: 1741056081758
local preference: 200
end time: 1741056081759
Time: 1 ms
--------------------------------------------------
received prefix: 10.0.0.1
start time: 1741056082147
local preference: 212
end time: 1741056082148
Time: 1 ms
--------------------------------------------------
received prefix: 10.0.0.2
start time: 1741056082583
local preference: 215
end time: 1741056082584
Time: 1 ms
--------------------------------------------------
received prefix: 10.0.0.26
start time: 1741056082725
local preference: 191
end time: 1741056082725
Time: 0 ms
--------------------------------------------------
received prefix: 10.0.0.25
start time: 1741056082884
local preference: 190
end time: 1741056082887
Time: 3 ms
--------------------------------------------------
received prefix: 10.0.0.21
start time: 1741056082982
local preference: 218
end time: 1741056082983
Time: 1 ms
--------------------------------------------------
received prefix: 10.0.0.22
start time: 1741056083109
local preference: 212
end time: 1741056083110
Time: 1 ms
--------------------------------------------------
received prefix: 10.0.0.20
start time: 1741056083175
local preference: 209
end time: 1741056083176
Time: 1 ms
--------------------------------------------------
received prefix: 10.0.0.13
start time: 1741056083285
local preference: 220
end time: 1741056083286
Time: 1 ms
--------------------------------------------------
received prefix: 10.0.0.14
start time: 1741056083390
local preference: 213
end time: 1741056083392
Time: 2 ms
--------------------------------------------------
received prefix: 10.0.0.11
start time: 1741056083452
local preference: 211
end time: 1741056083453
Time: 1 ms
--------------------------------------------------
received prefix: 10.0.0.7
start time: 1741056083554
local preference: 214
end time: 1741056083554
Time: 0 ms
--------------------------------------------------
received prefix: 10.0.0.8
start time: 1741056083677
local preference: 212
end time: 1741056083678
Time: 1 ms
--------------------------------------------------
received prefix: 10.0.0.6
start time: 1741056083742
local preference: 217
end time: 1741056083743
Time: 1 ms
--------------------------------------------------
received prefix: 10.0.0.4
start time: 1741056083861
local preference: 182
end time: 1741056083863
Time: 2 ms
--------------------------------------------------
received prefix: 10.0.0.5
start time: 1741056083990
local preference: 211
end time: 1741056083995
Time: 5 ms
--------------------------------------------------
received prefix: 10.0.0.9
start time: 1741056084240
local preference: 214
end time: 1741056084240
Time: 0 ms
--------------------------------------------------
received prefix: 10.0.0.10
start time: 1741056084391
local preference: 220
end time: 1741056084394
Time: 3 ms
--------------------------------------------------
received prefix: 10.0.0.15
start time: 1741056084532
local preference: 212
end time: 1741056084534
Time: 2 ms
--------------------------------------------------
received prefix: 10.0.0.16
start time: 1741056084654
local preference: 154
end time: 1741056084655
Time: 1 ms
--------------------------------------------------
received prefix: 10.0.0.17
start time: 1741056084784
local preference: 216
end time: 1741056084785
Time: 1 ms
--------------------------------------------------
received prefix: 10.0.0.18
start time: 1741056084949
local preference: 205
end time: 1741056084950
Time: 1 ms
--------------------------------------------------
received prefix: 10.0.0.19
start time: 1741056085023
local preference: 222
end time: 1741056085024
Time: 1 ms
--------------------------------------------------
received prefix: 10.0.0.23
start time: 1741056085145
local preference: 193
end time: 1741056085146
Time: 1 ms
--------------------------------------------------
received prefix: 10.0.0.24
start time: 1741056085245
local preference: 188
end time: 1741056085246
Time: 1 ms
--------------------------------------------------
received prefix: 10.0.0.27
start time: 1741056085368
local preference: 185
end time: 1741056085369
Time: 1 ms
--------------------------------------------------
received prefix: 10.0.0.28
start time: 1741056085520
local preference: 165
end time: 1741056085521
Time: 1 ms
--------------------------------------------------
received prefix: 10.0.0.29
start time: 1741056085659
local preference: 191
end time: 1741056085660
Time: 1 ms
--------------------------------------------------
received prefix: 10.0.0.30
start time: 1741056086174
local preference: 213
end time: 1741056086174
Time: 0 ms
--------------------------------------------------
received prefix: 10.0.0.31
start time: 1741056086279
local preference: 206
end time: 1741056086280
Time: 1 ms
--------------------------------------------------
received prefix: 10.0.0.32
start time: 1741056090396
local preference: 206
end time: 1741056090397
Time: 1 ms
--------------------------------------------------
received prefix: 10.0.0.32
start time: 1741056090421
local preference: 209
end time: 1741056090425
Time: 4 ms
--------------------------------------------------
received prefix: 10.0.0.32
start time: 1741056090502
local preference: 206
end time: 1741056090504
Time: 2 ms
--------------------------------------------------
received prefix: 10.0.0.32
start time: 1741056090511
local preference: 209
end time: 1741056090512
Time: 1 ms
--------------------------------------------------
received prefix: 10.0.0.32
start time: 1741056090550
local preference: 204
end time: 1741056090552
Time: 2 ms
--------------------------------------------------
received prefix: 10.0.0.32
start time: 1741056090558
local preference: 207
end time: 1741056090559
Time: 1 ms
--------------------------------------------------
received prefix: 10.0.0.32
start time: 1741056090578
local preference: 206
end time: 1741056090578
Time: 0 ms
--------------------------------------------------
received prefix: 10.0.0.32
start time: 1741056090587
local preference: 209
end time: 1741056090591
Time: 4 ms
--------------------------------------------------
received prefix: 10.0.0.32
start time: 1741056090599
local preference: 206
end time: 1741056090602
Time: 3 ms
--------------------------------------------------
received prefix: 10.0.0.32
start time: 1741056090616
local preference: 209
end time: 1741056090617
Time: 1 ms
--------------------------------------------------
received prefix: 10.0.0.26
start time: 1741056090850
local preference: 184
end time: 1741056090852
Time: 2 ms
--------------------------------------------------
received prefix: 10.0.0.26
start time: 1741056090872
local preference: 187
end time: 1741056090875
Time: 3 ms
--------------------------------------------------
received prefix: 10.0.0.26
start time: 1741056090888
local preference: 184
end time: 1741056090889
Time: 1 ms
--------------------------------------------------
received prefix: 10.0.0.26
start time: 1741056090897
local preference: 187
end time: 1741056090901
Time: 4 ms
--------------------------------------------------
received prefix: 10.0.0.26
start time: 1741056090905
local preference: 182
end time: 1741056090906
Time: 1 ms
--------------------------------------------------
received prefix: 10.0.0.26
start time: 1741056090911
local preference: 185
end time: 1741056090913
Time: 2 ms
--------------------------------------------------
received prefix: 10.0.0.26
start time: 1741056090935
local preference: 184
end time: 1741056090937
Time: 2 ms
--------------------------------------------------
received prefix: 10.0.0.26
start time: 1741056090986
local preference: 187
end time: 1741056090991
Time: 5 ms
--------------------------------------------------
received prefix: 10.0.0.26
start time: 1741056091013
local preference: 184
end time: 1741056091016
Time: 3 ms
--------------------------------------------------
received prefix: 10.0.0.26
start time: 1741056091023
local preference: 187
end time: 1741056091026
Time: 3 ms
--------------------------------------------------
received prefix: 10.0.0.25
start time: 1741056091514
local preference: 183
end time: 1741056091515
Time: 1 ms
--------------------------------------------------
received prefix: 10.0.0.25
start time: 1741056091535
local preference: 187
end time: 1741056091536
Time: 1 ms
--------------------------------------------------
received prefix: 10.0.0.25
start time: 1741056091543
local preference: 183
end time: 1741056091545
Time: 2 ms
--------------------------------------------------
received prefix: 10.0.0.25
start time: 1741056091561
local preference: 187
end time: 1741056091561
Time: 0 ms
--------------------------------------------------
received prefix: 10.0.0.25
start time: 1741056091570
local preference: 181
end time: 1741056091571
Time: 1 ms
--------------------------------------------------
received prefix: 10.0.0.25
start time: 1741056091574
local preference: 185
end time: 1741056091575
Time: 1 ms
--------------------------------------------------
received prefix: 10.0.0.25
start time: 1741056091587
local preference: 183
end time: 1741056091588
Time: 1 ms
--------------------------------------------------
received prefix: 10.0.0.25
start time: 1741056091593
local preference: 187
end time: 1741056091594
Time: 1 ms
--------------------------------------------------
received prefix: 10.0.0.25
start time: 1741056091605
local preference: 183
end time: 1741056091606
Time: 1 ms
--------------------------------------------------
received prefix: 10.0.0.25
start time: 1741056091620
local preference: 187
end time: 1741056091624
Time: 4 ms
--------------------------------------------------
received prefix: 10.0.0.21
start time: 1741056093485
local preference: 212
end time: 1741056093486
Time: 1 ms
--------------------------------------------------
received prefix: 10.0.0.21
start time: 1741056093488
local preference: 215
end time: 1741056093489
Time: 1 ms
--------------------------------------------------
received prefix: 10.0.0.21
start time: 1741056093513
local preference: 212
end time: 1741056093514
Time: 1 ms
--------------------------------------------------
received prefix: 10.0.0.21
start time: 1741056093523
local preference: 215
end time: 1741056093526
Time: 3 ms
--------------------------------------------------
received prefix: 10.0.0.21
start time: 1741056093544
local preference: 210
end time: 1741056093545
Time: 1 ms
--------------------------------------------------
received prefix: 10.0.0.21
start time: 1741056093548
local preference: 213
end time: 1741056093549
Time: 1 ms
--------------------------------------------------
received prefix: 10.0.0.21
start time: 1741056093553
local preference: 212
end time: 1741056093554
Time: 1 ms
--------------------------------------------------
received prefix: 10.0.0.21
start time: 1741056093571
local preference: 215
end time: 1741056093572
Time: 1 ms
--------------------------------------------------
received prefix: 10.0.0.21
start time: 1741056093578
local preference: 212
end time: 1741056093579
Time: 1 ms
--------------------------------------------------
received prefix: 10.0.0.21
start time: 1741056093582
local preference: 215
end time: 1741056093585
Time: 3 ms
--------------------------------------------------
received prefix: 10.0.0.22
start time: 1741056094173
local preference: 206
end time: 1741056094176
Time: 3 ms
--------------------------------------------------
received prefix: 10.0.0.22
start time: 1741056094184
local preference: 209
end time: 1741056094186
Time: 2 ms
--------------------------------------------------
received prefix: 10.0.0.22
start time: 1741056094196
local preference: 206
end time: 1741056094198
Time: 2 ms
--------------------------------------------------
received prefix: 10.0.0.22
start time: 1741056094219
local preference: 209
end time: 1741056094220
Time: 1 ms
--------------------------------------------------
received prefix: 10.0.0.22
start time: 1741056094235
local preference: 204
end time: 1741056094235
Time: 0 ms
--------------------------------------------------
received prefix: 10.0.0.22
start time: 1741056094243
local preference: 207
end time: 1741056094244
Time: 1 ms
--------------------------------------------------
received prefix: 10.0.0.22
start time: 1741056094248
local preference: 206
end time: 1741056094249
Time: 1 ms
--------------------------------------------------
received prefix: 10.0.0.22
start time: 1741056094251
local preference: 209
end time: 1741056094252
Time: 1 ms
--------------------------------------------------
received prefix: 10.0.0.22
start time: 1741056094291
local preference: 206
end time: 1741056094296
Time: 5 ms
--------------------------------------------------
received prefix: 10.0.0.22
start time: 1741056094311
local preference: 209
end time: 1741056094311
Time: 0 ms
--------------------------------------------------
received prefix: 10.0.0.20
start time: 1741056096217
local preference: 202
end time: 1741056096219
Time: 2 ms
--------------------------------------------------
received prefix: 10.0.0.20
start time: 1741056096242
local preference: 206
end time: 1741056096243
Time: 1 ms
--------------------------------------------------
received prefix: 10.0.0.20
start time: 1741056096254
local preference: 202
end time: 1741056096257
Time: 3 ms
--------------------------------------------------
received prefix: 10.0.0.20
start time: 1741056096267
local preference: 206
end time: 1741056096268
Time: 1 ms
--------------------------------------------------
received prefix: 10.0.0.20
start time: 1741056096278
local preference: 200
end time: 1741056096279
Time: 1 ms
--------------------------------------------------
received prefix: 10.0.0.20
start time: 1741056096281
local preference: 204
end time: 1741056096282
Time: 1 ms
--------------------------------------------------
received prefix: 10.0.0.20
start time: 1741056096286
local preference: 203
end time: 1741056096287
Time: 1 ms
--------------------------------------------------
received prefix: 10.0.0.20
start time: 1741056096316
local preference: 206
end time: 1741056096317
Time: 1 ms
--------------------------------------------------
received prefix: 10.0.0.20
start time: 1741056096341
local preference: 202
end time: 1741056096342
Time: 1 ms
--------------------------------------------------
received prefix: 10.0.0.20
start time: 1741056096344
local preference: 206
end time: 1741056096345
Time: 1 ms
--------------------------------------------------
received prefix: 10.0.0.13
start time: 1741056098078
local preference: 214
end time: 1741056098079
Time: 1 ms
--------------------------------------------------
received prefix: 10.0.0.13
start time: 1741056098081
local preference: 217
end time: 1741056098082
Time: 1 ms
--------------------------------------------------
received prefix: 10.0.0.13
start time: 1741056098086
local preference: 214
end time: 1741056098087
Time: 1 ms
--------------------------------------------------
received prefix: 10.0.0.13
start time: 1741056098098
local preference: 217
end time: 1741056098099
Time: 1 ms
--------------------------------------------------
received prefix: 10.0.0.13
start time: 1741056098130
local preference: 212
end time: 1741056098135
Time: 5 ms
--------------------------------------------------
received prefix: 10.0.0.13
start time: 1741056098141
local preference: 215
end time: 1741056098142
Time: 1 ms
--------------------------------------------------
received prefix: 10.0.0.13
start time: 1741056098157
local preference: 214
end time: 1741056098161
Time: 4 ms
--------------------------------------------------
received prefix: 10.0.0.13
start time: 1741056098168
local preference: 217
end time: 1741056098169
Time: 1 ms
--------------------------------------------------
received prefix: 10.0.0.13
start time: 1741056098182
local preference: 214
end time: 1741056098183
Time: 1 ms
--------------------------------------------------
received prefix: 10.0.0.13
start time: 1741056098194
local preference: 217
end time: 1741056098197
Time: 3 ms
--------------------------------------------------
received prefix: 10.0.0.14
start time: 1741056099411
local preference: 207
end time: 1741056099412
Time: 1 ms
--------------------------------------------------
received prefix: 10.0.0.14
start time: 1741056099416
local preference: 210
end time: 1741056099418
Time: 2 ms
--------------------------------------------------
received prefix: 10.0.0.14
start time: 1741056099444
local preference: 207
end time: 1741056099444
Time: 0 ms
--------------------------------------------------
received prefix: 10.0.0.14
start time: 1741056099447
local preference: 210
end time: 1741056099448
Time: 1 ms
--------------------------------------------------
received prefix: 10.0.0.14
start time: 1741056099451
local preference: 205
end time: 1741056099452
Time: 1 ms
--------------------------------------------------
received prefix: 10.0.0.14
start time: 1741056099454
local preference: 208
end time: 1741056099458
Time: 4 ms
--------------------------------------------------
received prefix: 10.0.0.14
start time: 1741056099480
local preference: 207
end time: 1741056099480
Time: 0 ms
--------------------------------------------------
received prefix: 10.0.0.14
start time: 1741056099483
local preference: 210
end time: 1741056099483
Time: 0 ms
--------------------------------------------------
received prefix: 10.0.0.14
start time: 1741056099486
local preference: 207
end time: 1741056099488
Time: 2 ms
--------------------------------------------------
received prefix: 10.0.0.14
start time: 1741056099494
local preference: 210
end time: 1741056099503
Time: 9 ms
--------------------------------------------------
received prefix: 10.0.0.11
start time: 1741056100876
local preference: 205
end time: 1741056100878
Time: 2 ms
--------------------------------------------------
received prefix: 10.0.0.11
start time: 1741056101073
local preference: 208
end time: 1741056101073
Time: 0 ms
--------------------------------------------------
received prefix: 10.0.0.11
start time: 1741056101078
local preference: 205
end time: 1741056101079
Time: 1 ms
--------------------------------------------------
received prefix: 10.0.0.11
start time: 1741056101082
local preference: 208
end time: 1741056101086
Time: 4 ms
--------------------------------------------------
received prefix: 10.0.0.11
start time: 1741056101098
local preference: 203
end time: 1741056101099
Time: 1 ms
--------------------------------------------------
received prefix: 10.0.0.11
start time: 1741056101101
local preference: 206
end time: 1741056101102
Time: 1 ms
--------------------------------------------------
received prefix: 10.0.0.11
start time: 1741056101106
local preference: 205
end time: 1741056101106
Time: 0 ms
--------------------------------------------------
received prefix: 10.0.0.11
start time: 1741056101109
local preference: 208
end time: 1741056101110
Time: 1 ms
--------------------------------------------------
received prefix: 10.0.0.11
start time: 1741056101113
local preference: 205
end time: 1741056101114
Time: 1 ms
--------------------------------------------------
received prefix: 10.0.0.11
start time: 1741056101116
local preference: 208
end time: 1741056101117
Time: 1 ms
--------------------------------------------------
received prefix: 10.0.0.7
start time: 1741056101387
local preference: 219
end time: 1741056101388
Time: 1 ms
--------------------------------------------------
received prefix: 10.0.0.7
start time: 1741056101401
local preference: 222
end time: 1741056101403
Time: 2 ms
--------------------------------------------------
received prefix: 10.0.0.7
start time: 1741056101409
local preference: 219
end time: 1741056101410
Time: 1 ms
--------------------------------------------------
received prefix: 10.0.0.7
start time: 1741056101479
local preference: 222
end time: 1741056101481
Time: 2 ms
--------------------------------------------------
received prefix: 10.0.0.7
start time: 1741056101513
local preference: 217
end time: 1741056101513
Time: 0 ms
--------------------------------------------------
received prefix: 10.0.0.7
start time: 1741056101520
local preference: 220
end time: 1741056101521
Time: 1 ms
--------------------------------------------------
received prefix: 10.0.0.7
start time: 1741056101528
local preference: 219
end time: 1741056101529
Time: 1 ms
--------------------------------------------------
received prefix: 10.0.0.7
start time: 1741056101545
local preference: 222
end time: 1741056101545
Time: 0 ms
--------------------------------------------------
received prefix: 10.0.0.7
start time: 1741056101552
local preference: 219
end time: 1741056101553
Time: 1 ms
--------------------------------------------------
received prefix: 10.0.0.8
start time: 1741056101803
local preference: 206
end time: 1741056101804
Time: 1 ms
--------------------------------------------------
received prefix: 10.0.0.8
start time: 1741056101815
local preference: 209
end time: 1741056101816
Time: 1 ms
--------------------------------------------------
received prefix: 10.0.0.8
start time: 1741056101840
local preference: 206
end time: 1741056101842
Time: 2 ms
--------------------------------------------------
received prefix: 10.0.0.8
start time: 1741056101854
local preference: 209
end time: 1741056101854
Time: 0 ms
--------------------------------------------------
received prefix: 10.0.0.8
start time: 1741056101875
local preference: 204
end time: 1741056101876
Time: 1 ms
--------------------------------------------------
received prefix: 10.0.0.8
start time: 1741056101879
local preference: 207
end time: 1741056101880
Time: 1 ms
--------------------------------------------------
received prefix: 10.0.0.8
start time: 1741056101883
local preference: 206
end time: 1741056101884
Time: 1 ms
--------------------------------------------------
received prefix: 10.0.0.8
start time: 1741056101886
local preference: 209
end time: 1741056101887
Time: 1 ms
--------------------------------------------------
received prefix: 10.0.0.8
start time: 1741056101895
local preference: 206
end time: 1741056101898
Time: 3 ms
--------------------------------------------------
received prefix: 10.0.0.9
start time: 1741056102089
local preference: 219
end time: 1741056102093
Time: 4 ms
--------------------------------------------------
received prefix: 10.0.0.9
start time: 1741056102098
local preference: 222
end time: 1741056102099
Time: 1 ms
--------------------------------------------------
received prefix: 10.0.0.9
start time: 1741056102110
local preference: 219
end time: 1741056102111
Time: 1 ms
--------------------------------------------------
received prefix: 10.0.0.9
start time: 1741056102121
local preference: 222
end time: 1741056102124
Time: 3 ms
--------------------------------------------------
received prefix: 10.0.0.9
start time: 1741056102133
local preference: 217
end time: 1741056102133
Time: 0 ms
--------------------------------------------------
received prefix: 10.0.0.9
start time: 1741056102138
local preference: 220
end time: 1741056102139
Time: 1 ms
--------------------------------------------------
received prefix: 10.0.0.9
start time: 1741056102147
local preference: 219
end time: 1741056102148
Time: 1 ms
--------------------------------------------------
received prefix: 10.0.0.9
start time: 1741056102161
local preference: 222
end time: 1741056102162
Time: 1 ms
--------------------------------------------------
received prefix: 10.0.0.9
start time: 1741056102186
local preference: 219
end time: 1741056102187
Time: 1 ms
--------------------------------------------------
received prefix: 10.0.0.9
start time: 1741056102191
local preference: 222
end time: 1741056102192
Time: 1 ms
--------------------------------------------------
received prefix: 10.0.0.10
start time: 1741056102448
local preference: 217
end time: 1741056102449
Time: 1 ms
--------------------------------------------------
received prefix: 10.0.0.10
start time: 1741056102464
local preference: 220
end time: 1741056102466
Time: 2 ms
--------------------------------------------------
received prefix: 10.0.0.10
start time: 1741056102474
local preference: 217
end time: 1741056102477
Time: 3 ms
--------------------------------------------------
received prefix: 10.0.0.10
start time: 1741056102488
local preference: 220
end time: 1741056102492
Time: 4 ms
--------------------------------------------------
received prefix: 10.0.0.10
start time: 1741056102500
local preference: 215
end time: 1741056102501
Time: 1 ms
--------------------------------------------------
received prefix: 10.0.0.10
start time: 1741056102511
local preference: 218
end time: 1741056102513
Time: 2 ms
--------------------------------------------------
received prefix: 10.0.0.10
start time: 1741056102537
local preference: 217
end time: 1741056102538
Time: 1 ms
--------------------------------------------------
received prefix: 10.0.0.10
start time: 1741056102546
local preference: 220
end time: 1741056102547
Time: 1 ms
--------------------------------------------------
received prefix: 10.0.0.10
start time: 1741056102552
local preference: 217
end time: 1741056102553
Time: 1 ms
--------------------------------------------------
received prefix: 10.0.0.10
start time: 1741056102555
local preference: 220
end time: 1741056102557
Time: 2 ms
--------------------------------------------------
received prefix: 10.0.0.15
start time: 1741056102792
local preference: 205
end time: 1741056102793
Time: 1 ms
--------------------------------------------------
received prefix: 10.0.0.15
start time: 1741056102796
local preference: 208
end time: 1741056102799
Time: 3 ms
--------------------------------------------------
received prefix: 10.0.0.15
start time: 1741056102806
local preference: 205
end time: 1741056102806
Time: 0 ms
--------------------------------------------------
received prefix: 10.0.0.15
start time: 1741056102810
local preference: 208
end time: 1741056102812
Time: 2 ms
--------------------------------------------------
received prefix: 10.0.0.15
start time: 1741056102819
local preference: 203
end time: 1741056102822
Time: 3 ms
--------------------------------------------------
received prefix: 10.0.0.15
start time: 1741056102829
local preference: 207
end time: 1741056102830
Time: 1 ms
--------------------------------------------------
received prefix: 10.0.0.15
start time: 1741056102839
local preference: 205
end time: 1741056102840
Time: 1 ms
--------------------------------------------------
received prefix: 10.0.0.15
start time: 1741056102844
local preference: 209
end time: 1741056102845
Time: 1 ms
--------------------------------------------------
received prefix: 10.0.0.15
start time: 1741056102848
local preference: 205
end time: 1741056102849
Time: 1 ms
--------------------------------------------------
received prefix: 10.0.0.15
start time: 1741056102875
local preference: 208
end time: 1741056102876
Time: 1 ms
--------------------------------------------------
received prefix: 10.0.0.16
start time: 1741056103848
local preference: 184
end time: 1741056103849
Time: 1 ms
--------------------------------------------------
received prefix: 10.0.0.16
start time: 1741056103859
local preference: 172
end time: 1741056103862
Time: 3 ms
--------------------------------------------------
received prefix: 10.0.0.16
start time: 1741056103880
local preference: 183
end time: 1741056103881
Time: 1 ms
--------------------------------------------------
received prefix: 10.0.0.16
start time: 1741056103884
local preference: 172
end time: 1741056103885
Time: 1 ms
--------------------------------------------------
received prefix: 10.0.0.16
start time: 1741056103913
local preference: 192
end time: 1741056103913
Time: 0 ms
--------------------------------------------------
received prefix: 10.0.0.16
start time: 1741056103916
local preference: 181
end time: 1741056103916
Time: 0 ms
--------------------------------------------------
received prefix: 10.0.0.16
start time: 1741056103933
local preference: 183
end time: 1741056103933
Time: 0 ms
--------------------------------------------------
received prefix: 10.0.0.16
start time: 1741056103964
local preference: 172
end time: 1741056103967
Time: 3 ms
--------------------------------------------------
received prefix: 10.0.0.16
start time: 1741056103977
local preference: 184
end time: 1741056103978
Time: 1 ms
--------------------------------------------------
received prefix: 10.0.0.16
start time: 1741056103980
local preference: 172
end time: 1741056103981
Time: 1 ms
--------------------------------------------------
received prefix: 10.0.0.17
start time: 1741056104167
local preference: 209
end time: 1741056104168
Time: 1 ms
--------------------------------------------------
received prefix: 10.0.0.17
start time: 1741056104184
local preference: 212
end time: 1741056104185
Time: 1 ms
--------------------------------------------------
received prefix: 10.0.0.17
start time: 1741056104201
local preference: 209
end time: 1741056104202
Time: 1 ms
--------------------------------------------------
received prefix: 10.0.0.17
start time: 1741056104228
local preference: 213
end time: 1741056104229
Time: 1 ms
--------------------------------------------------
received prefix: 10.0.0.17
start time: 1741056104237
local preference: 207
end time: 1741056104239
Time: 2 ms
--------------------------------------------------
received prefix: 10.0.0.17
start time: 1741056104248
local preference: 211
end time: 1741056104249
Time: 1 ms
--------------------------------------------------
received prefix: 10.0.0.17
start time: 1741056104253
local preference: 209
end time: 1741056104254
Time: 1 ms
--------------------------------------------------
received prefix: 10.0.0.17
start time: 1741056104261
local preference: 213
end time: 1741056104262
Time: 1 ms
--------------------------------------------------
received prefix: 10.0.0.17
start time: 1741056104277
local preference: 209
end time: 1741056104278
Time: 1 ms
--------------------------------------------------
received prefix: 10.0.0.17
start time: 1741056104283
local preference: 212
end time: 1741056104285
Time: 2 ms
--------------------------------------------------
received prefix: 10.0.0.18
start time: 1741056104475
local preference: 222
end time: 1741056104476
Time: 1 ms
--------------------------------------------------
received prefix: 10.0.0.18
start time: 1741056104499
local preference: 222
end time: 1741056104501
Time: 2 ms
--------------------------------------------------
received prefix: 10.0.0.18
start time: 1741056104516
local preference: 222
end time: 1741056104517
Time: 1 ms
--------------------------------------------------
received prefix: 10.0.0.18
start time: 1741056104519
local preference: 222
end time: 1741056104520
Time: 1 ms
--------------------------------------------------
received prefix: 10.0.0.18
start time: 1741056104529
local preference: 220
end time: 1741056104531
Time: 2 ms
--------------------------------------------------
received prefix: 10.0.0.18
start time: 1741056104545
local preference: 223
end time: 1741056104545
Time: 0 ms
--------------------------------------------------
received prefix: 10.0.0.18
start time: 1741056104560
local preference: 222
end time: 1741056104564
Time: 4 ms
--------------------------------------------------
received prefix: 10.0.0.18
start time: 1741056104588
local preference: 221
end time: 1741056104588
Time: 0 ms
--------------------------------------------------
received prefix: 10.0.0.18
start time: 1741056104597
local preference: 222
end time: 1741056104600
Time: 3 ms
--------------------------------------------------
received prefix: 10.0.0.18
start time: 1741056104604
local preference: 222
end time: 1741056104604
Time: 0 ms
--------------------------------------------------
received prefix: 10.0.0.19
start time: 1741056105099
local preference: 218
end time: 1741056105100
Time: 1 ms
--------------------------------------------------
received prefix: 10.0.0.19
start time: 1741056105108
local preference: 221
end time: 1741056105109
Time: 1 ms
--------------------------------------------------
received prefix: 10.0.0.19
start time: 1741056105113
local preference: 218
end time: 1741056105114
Time: 1 ms
--------------------------------------------------
received prefix: 10.0.0.19
start time: 1741056105116
local preference: 221
end time: 1741056105117
Time: 1 ms
--------------------------------------------------
received prefix: 10.0.0.19
start time: 1741056105120
local preference: 216
end time: 1741056105122
Time: 2 ms
--------------------------------------------------
received prefix: 10.0.0.19
start time: 1741056105139
local preference: 219
end time: 1741056105140
Time: 1 ms
--------------------------------------------------
received prefix: 10.0.0.19
start time: 1741056105144
local preference: 218
end time: 1741056105145
Time: 1 ms
--------------------------------------------------
received prefix: 10.0.0.19
start time: 1741056105151
local preference: 221
end time: 1741056105156
Time: 5 ms
--------------------------------------------------
received prefix: 10.0.0.19
start time: 1741056105204
local preference: 218
end time: 1741056105205
Time: 1 ms
--------------------------------------------------
received prefix: 10.0.0.19
start time: 1741056105211
local preference: 221
end time: 1741056105212
Time: 1 ms
--------------------------------------------------
received prefix: 10.0.0.23
start time: 1741056105446
local preference: 220
end time: 1741056105448
Time: 2 ms
--------------------------------------------------
received prefix: 10.0.0.23
start time: 1741056105468
local preference: 210
end time: 1741056105469
Time: 1 ms
--------------------------------------------------
received prefix: 10.0.0.23
start time: 1741056105477
local preference: 220
end time: 1741056105478
Time: 1 ms
--------------------------------------------------
received prefix: 10.0.0.23
start time: 1741056105494
local preference: 210
end time: 1741056105497
Time: 3 ms
--------------------------------------------------
received prefix: 10.0.0.23
start time: 1741056105527
local preference: 219
end time: 1741056105528
Time: 1 ms
--------------------------------------------------
received prefix: 10.0.0.23
start time: 1741056105544
local preference: 218
end time: 1741056105545
Time: 1 ms
--------------------------------------------------
received prefix: 10.0.0.23
start time: 1741056105550
local preference: 219
end time: 1741056105551
Time: 1 ms
--------------------------------------------------
received prefix: 10.0.0.23
start time: 1741056105554
local preference: 210
end time: 1741056105555
Time: 1 ms
--------------------------------------------------
received prefix: 10.0.0.23
start time: 1741056105573
local preference: 220
end time: 1741056105573
Time: 0 ms
--------------------------------------------------
received prefix: 10.0.0.23
start time: 1741056105578
local preference: 210
end time: 1741056105579
Time: 1 ms
--------------------------------------------------
received prefix: 10.0.0.24
start time: 1741056105801
local preference: 216
end time: 1741056105801
Time: 0 ms
--------------------------------------------------
received prefix: 10.0.0.24
start time: 1741056105819
local preference: 206
end time: 1741056105820
Time: 1 ms
--------------------------------------------------
received prefix: 10.0.0.24
start time: 1741056105832
local preference: 216
end time: 1741056105834
Time: 2 ms
--------------------------------------------------
received prefix: 10.0.0.24
start time: 1741056105847
local preference: 205
end time: 1741056105848
Time: 1 ms
--------------------------------------------------
received prefix: 10.0.0.24
start time: 1741056105860
local preference: 220
end time: 1741056105861
Time: 1 ms
--------------------------------------------------
received prefix: 10.0.0.24
start time: 1741056105879
local preference: 214
end time: 1741056105880
Time: 1 ms
--------------------------------------------------
received prefix: 10.0.0.24
start time: 1741056105894
local preference: 216
end time: 1741056105895
Time: 1 ms
--------------------------------------------------
received prefix: 10.0.0.24
start time: 1741056105905
local preference: 205
end time: 1741056105906
Time: 1 ms
--------------------------------------------------
received prefix: 10.0.0.24
start time: 1741056105914
local preference: 216
end time: 1741056105915
Time: 1 ms
--------------------------------------------------
received prefix: 10.0.0.24
start time: 1741056105921
local preference: 206
end time: 1741056105924
Time: 3 ms
--------------------------------------------------
received prefix: 10.0.0.27
start time: 1741056106172
local preference: 185
end time: 1741056106175
Time: 3 ms
--------------------------------------------------
received prefix: 10.0.0.27
start time: 1741056106180
local preference: 188
end time: 1741056106182
Time: 2 ms
--------------------------------------------------
received prefix: 10.0.0.27
start time: 1741056106192
local preference: 185
end time: 1741056106193
Time: 1 ms
--------------------------------------------------
received prefix: 10.0.0.27
start time: 1741056106202
local preference: 188
end time: 1741056106203
Time: 1 ms
--------------------------------------------------
received prefix: 10.0.0.27
start time: 1741056106217
local preference: 183
end time: 1741056106219
Time: 2 ms
--------------------------------------------------
received prefix: 10.0.0.27
start time: 1741056106230
local preference: 186
end time: 1741056106231
Time: 1 ms
--------------------------------------------------
received prefix: 10.0.0.27
start time: 1741056106241
local preference: 185
end time: 1741056106243
Time: 2 ms
--------------------------------------------------
received prefix: 10.0.0.27
start time: 1741056106254
local preference: 188
end time: 1741056106255
Time: 1 ms
--------------------------------------------------
received prefix: 10.0.0.27
start time: 1741056106264
local preference: 185
end time: 1741056106266
Time: 2 ms
--------------------------------------------------
received prefix: 10.0.0.27
start time: 1741056106274
local preference: 188
end time: 1741056106276
Time: 2 ms
--------------------------------------------------
received prefix: 10.0.0.28
start time: 1741056106543
local preference: 191
end time: 1741056106544
Time: 1 ms
--------------------------------------------------
received prefix: 10.0.0.28
start time: 1741056106555
local preference: 195
end time: 1741056106557
Time: 2 ms
--------------------------------------------------
received prefix: 10.0.0.28
start time: 1741056106575
local preference: 191
end time: 1741056106577
Time: 2 ms
--------------------------------------------------
received prefix: 10.0.0.28
start time: 1741056106585
local preference: 195
end time: 1741056106586
Time: 1 ms
--------------------------------------------------
received prefix: 10.0.0.28
start time: 1741056106591
local preference: 190
end time: 1741056106595
Time: 4 ms
--------------------------------------------------
received prefix: 10.0.0.28
start time: 1741056106599
local preference: 193
end time: 1741056106600
Time: 1 ms
--------------------------------------------------
received prefix: 10.0.0.28
start time: 1741056106711
local preference: 192
end time: 1741056106712
Time: 1 ms
--------------------------------------------------
received prefix: 10.0.0.28
start time: 1741056106714
local preference: 195
end time: 1741056106715
Time: 1 ms
--------------------------------------------------
received prefix: 10.0.0.28
start time: 1741056106723
local preference: 191
end time: 1741056106727
Time: 4 ms
--------------------------------------------------
received prefix: 10.0.0.28
start time: 1741056106746
local preference: 195
end time: 1741056106748
Time: 2 ms
--------------------------------------------------
received prefix: 10.0.0.29
start time: 1741056107060
local preference: 192
end time: 1741056107061
Time: 1 ms
--------------------------------------------------
received prefix: 10.0.0.29
start time: 1741056107091
local preference: 195
end time: 1741056107094
Time: 3 ms
--------------------------------------------------
received prefix: 10.0.0.29
start time: 1741056107098
local preference: 192
end time: 1741056107098
Time: 0 ms
--------------------------------------------------
received prefix: 10.0.0.29
start time: 1741056107101
local preference: 195
end time: 1741056107102
Time: 1 ms
--------------------------------------------------
received prefix: 10.0.0.29
start time: 1741056107128
local preference: 190
end time: 1741056107129
Time: 1 ms
--------------------------------------------------
received prefix: 10.0.0.29
start time: 1741056107133
local preference: 193
end time: 1741056107138
Time: 5 ms
--------------------------------------------------
received prefix: 10.0.0.29
start time: 1741056107147
local preference: 192
end time: 1741056107148
Time: 1 ms
--------------------------------------------------
received prefix: 10.0.0.29
start time: 1741056107160
local preference: 195
end time: 1741056107161
Time: 1 ms
--------------------------------------------------
received prefix: 10.0.0.29
start time: 1741056107173
local preference: 192
end time: 1741056107175
Time: 2 ms
--------------------------------------------------
received prefix: 10.0.0.29
start time: 1741056107181
local preference: 195
end time: 1741056107182
Time: 1 ms
--------------------------------------------------
received prefix: 10.0.0.30
start time: 1741056107364
local preference: 206
end time: 1741056107365
Time: 1 ms
--------------------------------------------------
received prefix: 10.0.0.30
start time: 1741056107395
local preference: 209
end time: 1741056107399
Time: 4 ms
--------------------------------------------------
received prefix: 10.0.0.30
start time: 1741056107417
local preference: 206
end time: 1741056107418
Time: 1 ms
--------------------------------------------------
received prefix: 10.0.0.30
start time: 1741056107427
local preference: 209
end time: 1741056107428
Time: 1 ms
--------------------------------------------------
received prefix: 10.0.0.30
start time: 1741056107436
local preference: 204
end time: 1741056107438
Time: 2 ms
--------------------------------------------------
received prefix: 10.0.0.30
start time: 1741056107439
local preference: 207
end time: 1741056107440
Time: 1 ms
--------------------------------------------------
received prefix: 10.0.0.30
start time: 1741056107445
local preference: 206
end time: 1741056107445
Time: 0 ms
--------------------------------------------------
received prefix: 10.0.0.30
start time: 1741056107463
local preference: 209
end time: 1741056107465
Time: 2 ms
--------------------------------------------------
received prefix: 10.0.0.30
start time: 1741056107480
local preference: 206
end time: 1741056107481
Time: 1 ms
--------------------------------------------------
received prefix: 10.0.0.30
start time: 1741056107493
local preference: 209
end time: 1741056107494
Time: 1 ms
--------------------------------------------------
received prefix: 10.0.0.31
start time: 1741056107672
local preference: 206
end time: 1741056107674
Time: 2 ms
--------------------------------------------------
received prefix: 10.0.0.31
start time: 1741056107705
local preference: 209
end time: 1741056107706
Time: 1 ms
--------------------------------------------------
received prefix: 10.0.0.31
start time: 1741056107718
local preference: 206
end time: 1741056107719
Time: 1 ms
--------------------------------------------------
received prefix: 10.0.0.31
start time: 1741056107721
local preference: 209
end time: 1741056107723
Time: 2 ms
--------------------------------------------------
received prefix: 10.0.0.31
start time: 1741056107757
local preference: 204
end time: 1741056107761
Time: 4 ms
--------------------------------------------------
received prefix: 10.0.0.31
start time: 1741056107773
local preference: 207
end time: 1741056107775
Time: 2 ms
--------------------------------------------------
received prefix: 10.0.0.31
start time: 1741056107781
local preference: 206
end time: 1741056107782
Time: 1 ms
--------------------------------------------------
received prefix: 10.0.0.31
start time: 1741056107784
local preference: 209
end time: 1741056107785
Time: 1 ms
--------------------------------------------------
received prefix: 10.0.0.31
start time: 1741056107788
local preference: 206
end time: 1741056107791
Time: 3 ms
--------------------------------------------------
received prefix: 10.0.0.31
start time: 1741056107809
local preference: 209
end time: 1741056107811
Time: 2 ms
--------------------------------------------------
received prefix: 10.0.0.8
start time: 1741056111311
local preference: 205
end time: 1741056111312
Time: 1 ms
--------------------------------------------------
received prefix: 10.0.0.8
start time: 1741056111318
local preference: 205
end time: 1741056111320
Time: 2 ms
--------------------------------------------------
received prefix: 10.0.0.8
start time: 1741056111331
local preference: 205
end time: 1741056111334
Time: 3 ms
--------------------------------------------------
received prefix: 10.0.0.8
start time: 1741056111349
local preference: 204
end time: 1741056111350
Time: 1 ms
--------------------------------------------------
received prefix: 10.0.0.8
start time: 1741056111354
local preference: 206
end time: 1741056111355
Time: 1 ms
--------------------------------------------------
received prefix: 10.0.0.7
start time: 1741056111591
local preference: 218
end time: 1741056111595
Time: 4 ms
--------------------------------------------------
received prefix: 10.0.0.7
start time: 1741056111616
local preference: 219
end time: 1741056111617
Time: 1 ms
--------------------------------------------------
received prefix: 10.0.0.7
start time: 1741056111635
local preference: 218
end time: 1741056111637
Time: 2 ms
--------------------------------------------------
received prefix: 10.0.0.7
start time: 1741056111650
local preference: 217
end time: 1741056111651
Time: 1 ms
--------------------------------------------------
received prefix: 10.0.0.7
start time: 1741056111654
local preference: 219
end time: 1741056111655
Time: 1 ms
--------------------------------------------------
received prefix: 10.0.0.9
start time: 1741056116847
local preference: 219
end time: 1741056116849
Time: 2 ms
--------------------------------------------------
received prefix: 10.0.0.10
start time: 1741056117154
local preference: 217
end time: 1741056117155
Time: 1 ms
--------------------------------------------------
received prefix: 10.0.0.11
start time: 1741056117236
local preference: 205
end time: 1741056117239
Time: 3 ms
--------------------------------------------------
received prefix: 10.0.0.12
start time: 1741056117880
local preference: 212
end time: 1741056117881
Time: 1 ms
--------------------------------------------------
received prefix: 10.0.0.32
start time: 1741056118821
local preference: 206
end time: 1741056118821
Time: 0 ms
--------------------------------------------------
received prefix: 10.0.0.26
start time: 1741056119725
local preference: 184
end time: 1741056119726
Time: 1 ms
--------------------------------------------------
received prefix: 10.0.0.25
start time: 1741056120680
local preference: 183
end time: 1741056120681
Time: 1 ms
--------------------------------------------------
received prefix: 10.0.0.21
start time: 1741056121411
local preference: 212
end time: 1741056121412
Time: 1 ms
--------------------------------------------------
received prefix: 10.0.0.22
start time: 1741056122431
local preference: 206
end time: 1741056122436
Time: 5 ms
--------------------------------------------------
received prefix: 10.0.0.20
start time: 1741056123300
local preference: 202
end time: 1741056123301
Time: 1 ms
--------------------------------------------------
received prefix: 10.0.0.13
start time: 1741056124048
local preference: 214
end time: 1741056124049
Time: 1 ms
--------------------------------------------------
received prefix: 10.0.0.14
start time: 1741056124816
local preference: 207
end time: 1741056124818
Time: 2 ms
--------------------------------------------------
received prefix: 10.0.0.15
start time: 1741056125815
local preference: 205
end time: 1741056125815
Time: 0 ms
--------------------------------------------------
received prefix: 10.0.0.16
start time: 1741056128387
local preference: 183
end time: 1741056128388
Time: 1 ms
--------------------------------------------------
received prefix: 10.0.0.17
start time: 1741056129163
local preference: 209
end time: 1741056129164
Time: 1 ms
--------------------------------------------------
received prefix: 10.0.0.18
start time: 1741056129990
local preference: 222
end time: 1741056129992
Time: 2 ms
--------------------------------------------------
received prefix: 10.0.0.19
start time: 1741056130857
local preference: 218
end time: 1741056130860
Time: 3 ms
--------------------------------------------------
received prefix: 10.0.0.23
start time: 1741056131850
local preference: 219
end time: 1741056131851
Time: 1 ms
--------------------------------------------------
received prefix: 10.0.0.24
start time: 1741056132574
local preference: 216
end time: 1741056132575
Time: 1 ms
--------------------------------------------------
received prefix: 10.0.0.27
start time: 1741056133428
local preference: 185
end time: 1741056133430
Time: 2 ms
--------------------------------------------------
received prefix: 10.0.0.28
start time: 1741056134244
local preference: 192
end time: 1741056134244
Time: 0 ms
--------------------------------------------------
received prefix: 10.0.0.29
start time: 1741056135304
local preference: 192
end time: 1741056135305
Time: 1 ms
--------------------------------------------------
received prefix: 10.0.0.30
start time: 1741056136083
local preference: 206
end time: 1741056136084
Time: 1 ms
--------------------------------------------------
received prefix: 10.0.0.31
start time: 1741056136874
local preference: 206
end time: 1741056136875
Time: 1 ms
--------------------------------------------------
received prefix: 10.0.0.6
start time: 1741056180629
local preference: 222
end time: 1741056180630
Time: 1 ms
--------------------------------------------------
received prefix: 10.0.0.4
start time: 1741056181082
local preference: 179
end time: 1741056181084
Time: 2 ms
--------------------------------------------------
received prefix: 10.0.0.5
start time: 1741056181527
local preference: 208
end time: 1741056181528
Time: 1 ms
--------------------------------------------------
received prefix: 10.0.0.12
start time: 1741056181672
local preference: 218
end time: 1741056181672
Time: 0 ms
--------------------------------------------------
received prefix: 10.0.0.7
start time: 1741056184852
local preference: 219
end time: 1741056184854
Time: 2 ms
--------------------------------------------------
received prefix: 10.0.0.7
start time: 1741056184877
local preference: 219
end time: 1741056184879
Time: 2 ms
--------------------------------------------------
received prefix: 10.0.0.7
start time: 1741056184883
local preference: 217
end time: 1741056184884
Time: 1 ms
--------------------------------------------------
received prefix: 10.0.0.7
start time: 1741056184887
local preference: 219
end time: 1741056184888
Time: 1 ms
--------------------------------------------------
received prefix: 10.0.0.7
start time: 1741056184893
local preference: 219
end time: 1741056184894
Time: 1 ms
--------------------------------------------------
received prefix: 10.0.0.8
start time: 1741056184924
local preference: 206
end time: 1741056184928
Time: 4 ms
--------------------------------------------------
received prefix: 10.0.0.8
start time: 1741056184945
local preference: 206
end time: 1741056184946
Time: 1 ms
--------------------------------------------------
received prefix: 10.0.0.8
start time: 1741056184950
local preference: 204
end time: 1741056184950
Time: 0 ms
--------------------------------------------------
received prefix: 10.0.0.8
start time: 1741056184953
local preference: 206
end time: 1741056184953
Time: 0 ms
--------------------------------------------------
received prefix: 10.0.0.8
start time: 1741056184958
local preference: 206
end time: 1741056184960
Time: 2 ms
--------------------------------------------------
received prefix: 10.0.0.7
start time: 1741056185363
local preference: 219
end time: 1741056185366
Time: 3 ms
--------------------------------------------------
received prefix: 10.0.0.7
start time: 1741056185380
local preference: 219
end time: 1741056185381
Time: 1 ms
--------------------------------------------------
received prefix: 10.0.0.7
start time: 1741056185383
local preference: 217
end time: 1741056185384
Time: 1 ms
--------------------------------------------------
received prefix: 10.0.0.7
start time: 1741056185386
local preference: 219
end time: 1741056185387
Time: 1 ms
--------------------------------------------------
received prefix: 10.0.0.7
start time: 1741056185390
local preference: 219
end time: 1741056185395
Time: 5 ms
--------------------------------------------------
received prefix: 10.0.0.8
start time: 1741056185417
local preference: 206
end time: 1741056185417
Time: 0 ms
--------------------------------------------------
received prefix: 10.0.0.8
start time: 1741056185419
local preference: 206
end time: 1741056185421
Time: 2 ms
--------------------------------------------------
received prefix: 10.0.0.8
start time: 1741056185426
local preference: 204
end time: 1741056185437
Time: 11 ms
--------------------------------------------------
received prefix: 10.0.0.8
start time: 1741056185457
local preference: 206
end time: 1741056185460
Time: 3 ms
--------------------------------------------------
received prefix: 10.0.0.8
start time: 1741056185462
local preference: 206
end time: 1741056185463
Time: 1 ms
--------------------------------------------------
received prefix: 10.0.0.7
start time: 1741056185805
local preference: 219
end time: 1741056185806
Time: 1 ms
--------------------------------------------------
received prefix: 10.0.0.7
start time: 1741056185814
local preference: 219
end time: 1741056185815
Time: 1 ms
--------------------------------------------------
received prefix: 10.0.0.7
start time: 1741056185819
local preference: 217
end time: 1741056185819
Time: 0 ms
--------------------------------------------------
received prefix: 10.0.0.7
start time: 1741056185824
local preference: 219
end time: 1741056185825
Time: 1 ms
--------------------------------------------------
received prefix: 10.0.0.7
start time: 1741056185849
local preference: 219
end time: 1741056185850
Time: 1 ms
--------------------------------------------------
received prefix: 10.0.0.8
start time: 1741056186009
local preference: 206
end time: 1741056186011
Time: 2 ms
--------------------------------------------------
received prefix: 10.0.0.8
start time: 1741056186018
local preference: 206
end time: 1741056186018
Time: 0 ms
--------------------------------------------------
received prefix: 10.0.0.8
start time: 1741056186028
local preference: 204
end time: 1741056186031
Time: 3 ms
--------------------------------------------------
received prefix: 10.0.0.8
start time: 1741056186038
local preference: 206
end time: 1741056186040
Time: 2 ms
--------------------------------------------------
received prefix: 10.0.0.8
start time: 1741056186047
local preference: 206
end time: 1741056186048
Time: 1 ms
--------------------------------------------------
received prefix: 10.0.0.12
start time: 1741056186307
local preference: 211
end time: 1741056186308
Time: 1 ms
--------------------------------------------------
received prefix: 10.0.0.12
start time: 1741056186310
local preference: 215
end time: 1741056186311
Time: 1 ms
--------------------------------------------------
received prefix: 10.0.0.12
start time: 1741056186315
local preference: 211
end time: 1741056186316
Time: 1 ms
--------------------------------------------------
received prefix: 10.0.0.12
start time: 1741056186319
local preference: 215
end time: 1741056186320
Time: 1 ms
--------------------------------------------------
received prefix: 10.0.0.12
start time: 1741056186344
local preference: 210
end time: 1741056186345
Time: 1 ms
--------------------------------------------------
received prefix: 10.0.0.12
start time: 1741056186347
local preference: 213
end time: 1741056186348
Time: 1 ms
--------------------------------------------------
received prefix: 10.0.0.12
start time: 1741056186369
local preference: 212
end time: 1741056186370
Time: 1 ms
--------------------------------------------------
received prefix: 10.0.0.12
start time: 1741056186386
local preference: 215
end time: 1741056186387
Time: 1 ms
--------------------------------------------------
received prefix: 10.0.0.12
start time: 1741056186394
local preference: 211
end time: 1741056186397
Time: 3 ms
--------------------------------------------------
received prefix: 10.0.0.7
start time: 1741056186715
local preference: 219
end time: 1741056186716
Time: 1 ms
--------------------------------------------------
received prefix: 10.0.0.7
start time: 1741056186718
local preference: 219
end time: 1741056186719
Time: 1 ms
--------------------------------------------------
received prefix: 10.0.0.7
start time: 1741056186746
local preference: 219
end time: 1741056186748
Time: 2 ms
--------------------------------------------------
received prefix: 10.0.0.7
start time: 1741056186752
local preference: 219
end time: 1741056186754
Time: 2 ms
--------------------------------------------------
received prefix: 10.0.0.7
start time: 1741056186760
local preference: 219
end time: 1741056186761
Time: 1 ms
--------------------------------------------------
received prefix: 10.0.0.8
start time: 1741056186766
local preference: 206
end time: 1741056186768
Time: 2 ms
--------------------------------------------------
received prefix: 10.0.0.8
start time: 1741056186784
local preference: 206
end time: 1741056186785
Time: 1 ms
--------------------------------------------------
received prefix: 10.0.0.8
start time: 1741056186788
local preference: 206
end time: 1741056186789
Time: 1 ms
--------------------------------------------------
received prefix: 10.0.0.8
start time: 1741056186796
local preference: 206
end time: 1741056186799
Time: 3 ms
--------------------------------------------------
received prefix: 10.0.0.8
start time: 1741056186814
local preference: 206
end time: 1741056186815
Time: 1 ms
--------------------------------------------------
received prefix: 10.0.0.7
start time: 1741056186984
local preference: 219
end time: 1741056186984
Time: 0 ms
--------------------------------------------------
received prefix: 10.0.0.7
start time: 1741056186987
local preference: 219
end time: 1741056186987
Time: 0 ms
--------------------------------------------------
received prefix: 10.0.0.7
start time: 1741056186995
local preference: 219
end time: 1741056186997
Time: 2 ms
--------------------------------------------------
received prefix: 10.0.0.7
start time: 1741056187022
local preference: 217
end time: 1741056187027
Time: 5 ms
--------------------------------------------------
received prefix: 10.0.0.7
start time: 1741056187035
local preference: 219
end time: 1741056187036
Time: 1 ms
--------------------------------------------------
received prefix: 10.0.0.8
start time: 1741056187079
local preference: 206
end time: 1741056187080
Time: 1 ms
--------------------------------------------------
received prefix: 10.0.0.8
start time: 1741056187083
local preference: 206
end time: 1741056187083
Time: 0 ms
--------------------------------------------------
received prefix: 10.0.0.8
start time: 1741056187086
local preference: 206
end time: 1741056187087
Time: 1 ms
--------------------------------------------------
received prefix: 10.0.0.8
start time: 1741056187092
local preference: 204
end time: 1741056187096
Time: 4 ms
--------------------------------------------------
received prefix: 10.0.0.8
start time: 1741056187116
local preference: 206
end time: 1741056187118
Time: 2 ms
--------------------------------------------------
received prefix: 10.0.0.11
start time: 1741056187350
local preference: 204
end time: 1741056187351
Time: 1 ms
--------------------------------------------------
received prefix: 10.0.0.11
start time: 1741056187353
local preference: 205
end time: 1741056187354
Time: 1 ms
--------------------------------------------------
received prefix: 10.0.0.11
start time: 1741056187361
local preference: 204
end time: 1741056187364
Time: 3 ms
--------------------------------------------------
received prefix: 10.0.0.11
start time: 1741056187368
local preference: 203
end time: 1741056187370
Time: 2 ms
--------------------------------------------------
received prefix: 10.0.0.11
start time: 1741056187398
local preference: 205
end time: 1741056187401
Time: 3 ms
--------------------------------------------------
received prefix: 10.0.0.9
start time: 1741056187583
local preference: 219
end time: 1741056187584
Time: 1 ms
--------------------------------------------------
received prefix: 10.0.0.9
start time: 1741056187589
local preference: 219
end time: 1741056187595
Time: 6 ms
--------------------------------------------------
received prefix: 10.0.0.9
start time: 1741056187606
local preference: 219
end time: 1741056187607
Time: 1 ms
--------------------------------------------------
received prefix: 10.0.0.9
start time: 1741056187612
local preference: 217
end time: 1741056187613
Time: 1 ms
--------------------------------------------------
received prefix: 10.0.0.9
start time: 1741056187617
local preference: 219
end time: 1741056187620
Time: 3 ms
--------------------------------------------------
received prefix: 10.0.0.10
start time: 1741056187936
local preference: 217
end time: 1741056187937
Time: 1 ms
--------------------------------------------------
received prefix: 10.0.0.10
start time: 1741056187956
local preference: 217
end time: 1741056187957
Time: 1 ms
--------------------------------------------------
received prefix: 10.0.0.10
start time: 1741056187963
local preference: 217
end time: 1741056187967
Time: 4 ms
--------------------------------------------------
received prefix: 10.0.0.10
start time: 1741056187982
local preference: 215
end time: 1741056187983
Time: 1 ms
--------------------------------------------------
received prefix: 10.0.0.10
start time: 1741056187987
local preference: 217
end time: 1741056187988
Time: 1 ms
--------------------------------------------------
received prefix: 10.0.0.12
start time: 1741056188341
local preference: 211
end time: 1741056188341
Time: 0 ms
--------------------------------------------------
received prefix: 10.0.0.12
start time: 1741056188349
local preference: 211
end time: 1741056188350
Time: 1 ms
--------------------------------------------------
received prefix: 10.0.0.12
start time: 1741056188353
local preference: 211
end time: 1741056188354
Time: 1 ms
--------------------------------------------------
received prefix: 10.0.0.12
start time: 1741056188359
local preference: 209
end time: 1741056188361
Time: 2 ms
--------------------------------------------------
received prefix: 10.0.0.12
start time: 1741056188376
local preference: 211
end time: 1741056188377
Time: 1 ms
--------------------------------------------------
received prefix: 10.0.0.13
start time: 1741056190465
local preference: 214
end time: 1741056190469
Time: 4 ms
--------------------------------------------------
received prefix: 10.0.0.14
start time: 1741056191181
local preference: 207
end time: 1741056191182
Time: 1 ms
--------------------------------------------------
received prefix: 10.0.0.7
start time: 1741056219654
local preference: 222
end time: 1741056219656
Time: 2 ms
--------------------------------------------------
received prefix: 10.0.0.8
start time: 1741056220107
local preference: 209
end time: 1741056220110
Time: 3 ms
--------------------------------------------------
received prefix: 10.0.0.11
start time: 1741056223314
local preference: 205
end time: 1741056223315
Time: 1 ms
--------------------------------------------------
received prefix: 10.0.0.11
start time: 1741056223318
local preference: 205
end time: 1741056223319
Time: 1 ms
--------------------------------------------------
received prefix: 10.0.0.11
start time: 1741056223322
local preference: 203
end time: 1741056223322
Time: 0 ms
--------------------------------------------------
received prefix: 10.0.0.11
start time: 1741056223328
local preference: 205
end time: 1741056223328
Time: 0 ms
--------------------------------------------------
received prefix: 10.0.0.11
start time: 1741056223347
local preference: 205
end time: 1741056223349
Time: 2 ms
--------------------------------------------------
received prefix: 10.0.0.9
start time: 1741056223386
local preference: 219
end time: 1741056223387
Time: 1 ms
--------------------------------------------------
received prefix: 10.0.0.9
start time: 1741056223389
local preference: 219
end time: 1741056223395
Time: 6 ms
--------------------------------------------------
received prefix: 10.0.0.9
start time: 1741056223409
local preference: 217
end time: 1741056223410
Time: 1 ms
--------------------------------------------------
received prefix: 10.0.0.9
start time: 1741056223413
local preference: 219
end time: 1741056223414
Time: 1 ms
--------------------------------------------------
received prefix: 10.0.0.9
start time: 1741056223416
local preference: 219
end time: 1741056223417
Time: 1 ms
--------------------------------------------------
received prefix: 10.0.0.10
start time: 1741056223455
local preference: 217
end time: 1741056223456
Time: 1 ms
--------------------------------------------------
received prefix: 10.0.0.10
start time: 1741056223467
local preference: 217
end time: 1741056223468
Time: 1 ms
--------------------------------------------------
received prefix: 10.0.0.10
start time: 1741056223475
local preference: 215
end time: 1741056223476
Time: 1 ms
--------------------------------------------------
received prefix: 10.0.0.10
start time: 1741056223479
local preference: 217
end time: 1741056223480
Time: 1 ms
--------------------------------------------------
received prefix: 10.0.0.10
start time: 1741056223483
local preference: 217
end time: 1741056223484
Time: 1 ms
--------------------------------------------------
received prefix: 10.0.0.12
start time: 1741056223549
local preference: 212
end time: 1741056223550
Time: 1 ms
--------------------------------------------------
received prefix: 10.0.0.12
start time: 1741056223551
local preference: 212
end time: 1741056223552
Time: 1 ms
--------------------------------------------------
received prefix: 10.0.0.12
start time: 1741056223553
local preference: 210
end time: 1741056223554
Time: 1 ms
--------------------------------------------------
received prefix: 10.0.0.12
start time: 1741056223562
local preference: 212
end time: 1741056223565
Time: 3 ms
--------------------------------------------------
received prefix: 10.0.0.12
start time: 1741056223583
local preference: 212
end time: 1741056223584
Time: 1 ms
--------------------------------------------------
received prefix: 10.0.0.11
start time: 1741056223746
local preference: 205
end time: 1741056223746
Time: 0 ms
--------------------------------------------------
received prefix: 10.0.0.11
start time: 1741056223749
local preference: 205
end time: 1741056223751
Time: 2 ms
--------------------------------------------------
received prefix: 10.0.0.11
start time: 1741056223764
local preference: 203
end time: 1741056223767
Time: 3 ms
--------------------------------------------------
received prefix: 10.0.0.11
start time: 1741056223772
local preference: 205
end time: 1741056223773
Time: 1 ms
--------------------------------------------------
received prefix: 10.0.0.11
start time: 1741056223776
local preference: 205
end time: 1741056223777
Time: 1 ms
--------------------------------------------------
received prefix: 10.0.0.9
start time: 1741056223819
local preference: 219
end time: 1741056223820
Time: 1 ms
--------------------------------------------------
received prefix: 10.0.0.9
start time: 1741056223823
local preference: 219
end time: 1741056223827
Time: 4 ms
--------------------------------------------------
received prefix: 10.0.0.9
start time: 1741056223843
local preference: 217
end time: 1741056223845
Time: 2 ms
--------------------------------------------------
received prefix: 10.0.0.9
start time: 1741056223848
local preference: 219
end time: 1741056223849
Time: 1 ms
--------------------------------------------------
received prefix: 10.0.0.9
start time: 1741056223851
local preference: 219
end time: 1741056223852
Time: 1 ms
--------------------------------------------------
received prefix: 10.0.0.10
start time: 1741056223859
local preference: 217
end time: 1741056223860
Time: 1 ms
--------------------------------------------------
received prefix: 10.0.0.10
start time: 1741056223880
local preference: 217
end time: 1741056223881
Time: 1 ms
--------------------------------------------------
received prefix: 10.0.0.10
start time: 1741056223895
local preference: 215
end time: 1741056223900
Time: 5 ms
--------------------------------------------------
received prefix: 10.0.0.10
start time: 1741056223912
local preference: 217
end time: 1741056223913
Time: 1 ms
--------------------------------------------------
received prefix: 10.0.0.10
start time: 1741056223915
local preference: 217
end time: 1741056223915
Time: 0 ms
--------------------------------------------------
received prefix: 10.0.0.12
start time: 1741056223984
local preference: 212
end time: 1741056223984
Time: 0 ms
--------------------------------------------------
received prefix: 10.0.0.12
start time: 1741056223986
local preference: 212
end time: 1741056223987
Time: 1 ms
--------------------------------------------------
received prefix: 10.0.0.12
start time: 1741056223993
local preference: 210
end time: 1741056223996
Time: 3 ms
--------------------------------------------------
received prefix: 10.0.0.12
start time: 1741056224026
local preference: 212
end time: 1741056224030
Time: 4 ms
--------------------------------------------------
received prefix: 10.0.0.12
start time: 1741056224036
local preference: 212
end time: 1741056224037
Time: 1 ms
--------------------------------------------------
received prefix: 10.0.0.11
start time: 1741056224122
local preference: 205
end time: 1741056224126
Time: 4 ms
--------------------------------------------------
received prefix: 10.0.0.11
start time: 1741056224134
local preference: 205
end time: 1741056224135
Time: 1 ms
--------------------------------------------------
received prefix: 10.0.0.11
start time: 1741056224154
local preference: 203
end time: 1741056224155
Time: 1 ms
--------------------------------------------------
received prefix: 10.0.0.11
start time: 1741056224162
local preference: 205
end time: 1741056224168
Time: 6 ms
--------------------------------------------------
received prefix: 10.0.0.11
start time: 1741056224183
local preference: 205
end time: 1741056224185
Time: 2 ms
--------------------------------------------------
received prefix: 10.0.0.9
start time: 1741056224449
local preference: 219
end time: 1741056224450
Time: 1 ms
--------------------------------------------------
received prefix: 10.0.0.9
start time: 1741056224455
local preference: 219
end time: 1741056224456
Time: 1 ms
--------------------------------------------------
received prefix: 10.0.0.9
start time: 1741056224479
local preference: 217
end time: 1741056224481
Time: 2 ms
--------------------------------------------------
received prefix: 10.0.0.9
start time: 1741056224485
local preference: 219
end time: 1741056224487
Time: 2 ms
--------------------------------------------------
received prefix: 10.0.0.9
start time: 1741056224489
local preference: 219
end time: 1741056224493
Time: 4 ms
--------------------------------------------------
received prefix: 10.0.0.10
start time: 1741056224819
local preference: 217
end time: 1741056224820
Time: 1 ms
--------------------------------------------------
received prefix: 10.0.0.10
start time: 1741056224840
local preference: 217
end time: 1741056224841
Time: 1 ms
--------------------------------------------------
received prefix: 10.0.0.10
start time: 1741056224847
local preference: 215
end time: 1741056224848
Time: 1 ms
--------------------------------------------------
received prefix: 10.0.0.10
start time: 1741056224850
local preference: 217
end time: 1741056224851
Time: 1 ms
--------------------------------------------------
received prefix: 10.0.0.10
start time: 1741056224853
local preference: 217
end time: 1741056224854
Time: 1 ms
--------------------------------------------------
received prefix: 10.0.0.12
start time: 1741056225121
local preference: 212
end time: 1741056225121
Time: 0 ms
--------------------------------------------------
received prefix: 10.0.0.12
start time: 1741056225126
local preference: 212
end time: 1741056225127
Time: 1 ms
--------------------------------------------------
received prefix: 10.0.0.12
start time: 1741056225149
local preference: 210
end time: 1741056225150
Time: 1 ms
--------------------------------------------------
received prefix: 10.0.0.12
start time: 1741056225152
local preference: 212
end time: 1741056225153
Time: 1 ms
--------------------------------------------------
received prefix: 10.0.0.12
start time: 1741056225156
local preference: 212
end time: 1741056225160
Time: 4 ms
--------------------------------------------------
received prefix: 10.0.0.11
start time: 1741056225420
local preference: 205
end time: 1741056225421
Time: 1 ms
--------------------------------------------------
received prefix: 10.0.0.11
start time: 1741056225470
local preference: 205
end time: 1741056225472
Time: 2 ms
--------------------------------------------------
received prefix: 10.0.0.11
start time: 1741056225475
local preference: 205
end time: 1741056225476
Time: 1 ms
--------------------------------------------------
received prefix: 10.0.0.11
start time: 1741056225489
local preference: 205
end time: 1741056225493
Time: 4 ms
--------------------------------------------------
received prefix: 10.0.0.11
start time: 1741056225510
local preference: 205
end time: 1741056225511
Time: 1 ms
--------------------------------------------------
received prefix: 10.0.0.9
start time: 1741056225522
local preference: 219
end time: 1741056225527
Time: 5 ms
--------------------------------------------------
received prefix: 10.0.0.9
start time: 1741056225534
local preference: 219
end time: 1741056225535
Time: 1 ms
--------------------------------------------------
received prefix: 10.0.0.9
start time: 1741056225539
local preference: 219
end time: 1741056225540
Time: 1 ms
--------------------------------------------------
received prefix: 10.0.0.9
start time: 1741056225542
local preference: 219
end time: 1741056225543
Time: 1 ms
--------------------------------------------------
received prefix: 10.0.0.9
start time: 1741056225545
local preference: 219
end time: 1741056225546
Time: 1 ms
--------------------------------------------------
received prefix: 10.0.0.10
start time: 1741056225646
local preference: 217
end time: 1741056225647
Time: 1 ms
--------------------------------------------------
received prefix: 10.0.0.10
start time: 1741056225649
local preference: 217
end time: 1741056225650
Time: 1 ms
--------------------------------------------------
received prefix: 10.0.0.10
start time: 1741056225652
local preference: 217
end time: 1741056225653
Time: 1 ms
--------------------------------------------------
received prefix: 10.0.0.10
start time: 1741056225656
local preference: 217
end time: 1741056225661
Time: 5 ms
--------------------------------------------------
received prefix: 10.0.0.10
start time: 1741056225668
local preference: 217
end time: 1741056225669
Time: 1 ms
--------------------------------------------------
received prefix: 10.0.0.12
start time: 1741056225721
local preference: 212
end time: 1741056225721
Time: 0 ms
--------------------------------------------------
received prefix: 10.0.0.12
start time: 1741056225726
local preference: 212
end time: 1741056225730
Time: 4 ms
--------------------------------------------------
received prefix: 10.0.0.12
start time: 1741056225778
local preference: 212
end time: 1741056225778
Time: 0 ms
--------------------------------------------------
received prefix: 10.0.0.12
start time: 1741056225780
local preference: 212
end time: 1741056225781
Time: 1 ms
--------------------------------------------------
received prefix: 10.0.0.12
start time: 1741056225783
local preference: 212
end time: 1741056225784
Time: 1 ms
--------------------------------------------------
received prefix: 10.0.0.11
start time: 1741056225860
local preference: 205
end time: 1741056225863
Time: 3 ms
--------------------------------------------------
received prefix: 10.0.0.11
start time: 1741056225901
local preference: 205
end time: 1741056225902
Time: 1 ms
--------------------------------------------------
received prefix: 10.0.0.11
start time: 1741056225906
local preference: 205
end time: 1741056225906
Time: 0 ms
--------------------------------------------------
received prefix: 10.0.0.11
start time: 1741056225908
local preference: 203
end time: 1741056225909
Time: 1 ms
--------------------------------------------------
received prefix: 10.0.0.11
start time: 1741056225911
local preference: 205
end time: 1741056225912
Time: 1 ms
--------------------------------------------------
received prefix: 10.0.0.9
start time: 1741056225975
local preference: 219
end time: 1741056225976
Time: 1 ms
--------------------------------------------------
received prefix: 10.0.0.9
start time: 1741056225984
local preference: 219
end time: 1741056225985
Time: 1 ms
--------------------------------------------------
received prefix: 10.0.0.9
start time: 1741056225995
local preference: 219
end time: 1741056225997
Time: 2 ms
--------------------------------------------------
received prefix: 10.0.0.9
start time: 1741056226001
local preference: 217
end time: 1741056226002
Time: 1 ms
--------------------------------------------------
received prefix: 10.0.0.9
start time: 1741056226013
local preference: 219
end time: 1741056226014
Time: 1 ms
--------------------------------------------------
received prefix: 10.0.0.10
start time: 1741056226045
local preference: 217
end time: 1741056226046
Time: 1 ms
--------------------------------------------------
received prefix: 10.0.0.10
start time: 1741056226048
local preference: 217
end time: 1741056226049
Time: 1 ms
--------------------------------------------------
received prefix: 10.0.0.10
start time: 1741056226051
local preference: 217
end time: 1741056226052
Time: 1 ms
--------------------------------------------------
received prefix: 10.0.0.10
start time: 1741056226054
local preference: 215
end time: 1741056226055
Time: 1 ms
--------------------------------------------------
received prefix: 10.0.0.10
start time: 1741056226063
local preference: 217
end time: 1741056226065
Time: 2 ms
--------------------------------------------------
received prefix: 10.0.0.12
start time: 1741056226130
local preference: 212
end time: 1741056226133
Time: 3 ms
--------------------------------------------------
received prefix: 10.0.0.12
start time: 1741056226176
local preference: 212
end time: 1741056226177
Time: 1 ms
--------------------------------------------------
received prefix: 10.0.0.12
start time: 1741056226179
local preference: 212
end time: 1741056226179
Time: 0 ms
--------------------------------------------------
received prefix: 10.0.0.12
start time: 1741056226181
local preference: 210
end time: 1741056226182
Time: 1 ms
--------------------------------------------------
received prefix: 10.0.0.12
start time: 1741056226184
local preference: 212
end time: 1741056226185
Time: 1 ms
--------------------------------------------------
received prefix: 10.0.0.13
start time: 1741056226312
local preference: 214
end time: 1741056226313
Time: 1 ms
--------------------------------------------------
received prefix: 10.0.0.13
start time: 1741056226315
local preference: 214
end time: 1741056226316
Time: 1 ms
--------------------------------------------------
received prefix: 10.0.0.13
start time: 1741056226319
local preference: 214
end time: 1741056226319
Time: 0 ms
--------------------------------------------------
received prefix: 10.0.0.13
start time: 1741056226321
local preference: 212
end time: 1741056226322
Time: 1 ms
--------------------------------------------------
received prefix: 10.0.0.13
start time: 1741056226333
local preference: 214
end time: 1741056226334
Time: 1 ms
--------------------------------------------------
received prefix: 10.0.0.14
start time: 1741056226527
local preference: 206
end time: 1741056226528
Time: 1 ms
--------------------------------------------------
received prefix: 10.0.0.14
start time: 1741056226550
local preference: 206
end time: 1741056226552
Time: 2 ms
--------------------------------------------------
received prefix: 10.0.0.14
start time: 1741056226557
local preference: 206
end time: 1741056226558
Time: 1 ms
--------------------------------------------------
received prefix: 10.0.0.14
start time: 1741056226570
local preference: 205
end time: 1741056226571
Time: 1 ms
--------------------------------------------------
received prefix: 10.0.0.14
start time: 1741056226578
local preference: 207
end time: 1741056226579
Time: 1 ms
--------------------------------------------------
received prefix: 10.0.0.20
start time: 1741056229654
local preference: 202
end time: 1741056229655
Time: 1 ms
--------------------------------------------------
received prefix: 10.0.0.15
start time: 1741056229991
local preference: 205
end time: 1741056229995
Time: 4 ms
--------------------------------------------------
received prefix: 10.0.0.16
start time: 1741056230383
local preference: 184
end time: 1741056230385
Time: 2 ms
--------------------------------------------------
received prefix: 10.0.0.17
start time: 1741056230849
local preference: 209
end time: 1741056230850
Time: 1 ms
--------------------------------------------------
received prefix: 10.0.0.18
start time: 1741056231468
local preference: 222
end time: 1741056231470
Time: 2 ms
--------------------------------------------------
received prefix: 10.0.0.19
start time: 1741056232147
local preference: 218
end time: 1741056232148
Time: 1 ms
--------------------------------------------------
received prefix: 10.0.0.11
start time: 1741056260000
local preference: 208
end time: 1741056260001
Time: 1 ms
--------------------------------------------------
received prefix: 10.0.0.9
start time: 1741056260506
local preference: 222
end time: 1741056260507
Time: 1 ms
--------------------------------------------------
received prefix: 10.0.0.10
start time: 1741056260924
local preference: 220
end time: 1741056260924
Time: 0 ms
--------------------------------------------------
received prefix: 10.0.0.12
start time: 1741056261417
local preference: 215
end time: 1741056261418
Time: 1 ms
--------------------------------------------------
received prefix: 10.0.0.20
start time: 1741056265325
local preference: 202
end time: 1741056265329
Time: 4 ms
--------------------------------------------------
received prefix: 10.0.0.20
start time: 1741056265341
local preference: 202
end time: 1741056265342
Time: 1 ms
--------------------------------------------------
received prefix: 10.0.0.20
start time: 1741056265352
local preference: 202
end time: 1741056265352
Time: 0 ms
--------------------------------------------------
received prefix: 10.0.0.20
start time: 1741056265355
local preference: 200
end time: 1741056265359
Time: 4 ms
--------------------------------------------------
received prefix: 10.0.0.20
start time: 1741056265375
local preference: 202
end time: 1741056265375
Time: 0 ms
--------------------------------------------------
received prefix: 10.0.0.15
start time: 1741056265526
local preference: 205
end time: 1741056265530
Time: 4 ms
--------------------------------------------------
received prefix: 10.0.0.15
start time: 1741056265545
local preference: 205
end time: 1741056265545
Time: 0 ms
--------------------------------------------------
received prefix: 10.0.0.15
start time: 1741056265548
local preference: 205
end time: 1741056265549
Time: 1 ms
--------------------------------------------------
received prefix: 10.0.0.15
start time: 1741056265552
local preference: 203
end time: 1741056265553
Time: 1 ms
--------------------------------------------------
received prefix: 10.0.0.15
start time: 1741056265558
local preference: 205
end time: 1741056265563
Time: 5 ms
--------------------------------------------------
received prefix: 10.0.0.16
start time: 1741056265764
local preference: 184
end time: 1741056265766
Time: 2 ms
--------------------------------------------------
received prefix: 10.0.0.16
start time: 1741056265786
local preference: 184
end time: 1741056265787
Time: 1 ms
--------------------------------------------------
received prefix: 10.0.0.16
start time: 1741056265800
local preference: 184
end time: 1741056265801
Time: 1 ms
--------------------------------------------------
received prefix: 10.0.0.16
start time: 1741056265805
local preference: 193
end time: 1741056265806
Time: 1 ms
--------------------------------------------------
received prefix: 10.0.0.16
start time: 1741056265814
local preference: 183
end time: 1741056265815
Time: 1 ms
--------------------------------------------------
received prefix: 10.0.0.17
start time: 1741056266065
local preference: 209
end time: 1741056266068
Time: 3 ms
--------------------------------------------------
received prefix: 10.0.0.17
start time: 1741056266087
local preference: 209
end time: 1741056266089
Time: 2 ms
--------------------------------------------------
received prefix: 10.0.0.17
start time: 1741056266100
local preference: 209
end time: 1741056266101
Time: 1 ms
--------------------------------------------------
received prefix: 10.0.0.17
start time: 1741056266105
local preference: 207
end time: 1741056266105
Time: 0 ms
--------------------------------------------------
received prefix: 10.0.0.17
start time: 1741056266111
local preference: 209
end time: 1741056266113
Time: 2 ms
--------------------------------------------------
received prefix: 10.0.0.18
start time: 1741056266317
local preference: 222
end time: 1741056266318
Time: 1 ms
--------------------------------------------------
received prefix: 10.0.0.18
start time: 1741056266328
local preference: 222
end time: 1741056266332
Time: 4 ms
--------------------------------------------------
received prefix: 10.0.0.18
start time: 1741056266340
local preference: 222
end time: 1741056266342
Time: 2 ms
--------------------------------------------------
received prefix: 10.0.0.18
start time: 1741056266348
local preference: 220
end time: 1741056266349
Time: 1 ms
--------------------------------------------------
received prefix: 10.0.0.18
start time: 1741056266354
local preference: 222
end time: 1741056266355
Time: 1 ms
--------------------------------------------------
received prefix: 10.0.0.19
start time: 1741056266542
local preference: 218
end time: 1741056266543
Time: 1 ms
--------------------------------------------------
received prefix: 10.0.0.19
start time: 1741056266550
local preference: 218
end time: 1741056266551
Time: 1 ms
--------------------------------------------------
received prefix: 10.0.0.19
start time: 1741056266554
local preference: 218
end time: 1741056266555
Time: 1 ms
--------------------------------------------------
received prefix: 10.0.0.19
start time: 1741056266563
local preference: 216
end time: 1741056266566
Time: 3 ms
--------------------------------------------------
received prefix: 10.0.0.19
start time: 1741056266580
local preference: 218
end time: 1741056266583
Time: 3 ms
--------------------------------------------------
received prefix: 10.0.0.21
start time: 1741056267244
local preference: 212
end time: 1741056267245
Time: 1 ms
--------------------------------------------------
received prefix: 10.0.0.22
start time: 1741056267355
local preference: 206
end time: 1741056267356
Time: 1 ms
--------------------------------------------------
received prefix: 10.0.0.13
start time: 1741056277689
local preference: 217
end time: 1741056277691
Time: 2 ms
--------------------------------------------------
received prefix: 10.0.0.25
start time: 1741056283155
local preference: 183
end time: 1741056283156
Time: 1 ms
--------------------------------------------------
received prefix: 10.0.0.24
start time: 1741056283289
local preference: 216
end time: 1741056283293
Time: 4 ms
--------------------------------------------------
received prefix: 10.0.0.16
start time: 1741056288216
local preference: 172
end time: 1741056288217
Time: 1 ms
--------------------------------------------------
received prefix: 10.0.0.18
start time: 1741056288688
local preference: 222
end time: 1741056288689
Time: 1 ms
--------------------------------------------------
received prefix: 10.0.0.19
start time: 1741056289181
local preference: 221
end time: 1741056289182
Time: 1 ms
--------------------------------------------------
received prefix: 10.0.0.24
start time: 1741056292922
local preference: 217
end time: 1741056292926
Time: 4 ms
--------------------------------------------------
received prefix: 10.0.0.24
start time: 1741056292949
local preference: 217
end time: 1741056292949
Time: 0 ms
--------------------------------------------------
received prefix: 10.0.0.24
start time: 1741056292952
local preference: 217
end time: 1741056292954
Time: 2 ms
--------------------------------------------------
received prefix: 10.0.0.24
start time: 1741056292961
local preference: 220
end time: 1741056292966
Time: 5 ms
--------------------------------------------------
received prefix: 10.0.0.24
start time: 1741056292971
local preference: 216
end time: 1741056292973
Time: 2 ms
--------------------------------------------------
received prefix: 10.0.0.32
start time: 1741056303253
local preference: 206
end time: 1741056303255
Time: 2 ms
--------------------------------------------------
received prefix: 10.0.0.28
start time: 1741056303454
local preference: 191
end time: 1741056303455
Time: 1 ms
--------------------------------------------------
received prefix: 10.0.0.30
start time: 1741056303570
local preference: 205
end time: 1741056303571
Time: 1 ms
--------------------------------------------------
received prefix: 10.0.0.31
start time: 1741056303657
local preference: 206
end time: 1741056303660
Time: 3 ms
--------------------------------------------------
received prefix: 10.0.0.1
start time: 1741056551850
local preference: 209
end time: 1741056551854
Time: 4 ms
--------------------------------------------------
received prefix: 10.0.0.1
start time: 1741056551875
local preference: 209
end time: 1741056551876
Time: 1 ms
--------------------------------------------------
received prefix: 10.0.0.1
start time: 1741056551879
local preference: 209
end time: 1741056551879
Time: 0 ms
--------------------------------------------------
received prefix: 10.0.0.1
start time: 1741056551882
local preference: 209
end time: 1741056551883
Time: 1 ms
--------------------------------------------------
received prefix: 10.0.0.1
start time: 1741056551886
local preference: 206
end time: 1741056551890
Time: 4 ms
--------------------------------------------------
received prefix: 10.0.0.1
start time: 1741056551903
local preference: 206
end time: 1741056551903
Time: 0 ms
--------------------------------------------------
received prefix: 10.0.0.1
start time: 1741056551907
local preference: 209
end time: 1741056551909
Time: 2 ms
--------------------------------------------------
received prefix: 10.0.0.1
start time: 1741056551912
local preference: 209
end time: 1741056551913
Time: 1 ms
--------------------------------------------------
received prefix: 10.0.0.1
start time: 1741056551916
local preference: 209
end time: 1741056551916
Time: 0 ms
--------------------------------------------------
received prefix: 10.0.0.1
start time: 1741056551918
local preference: 209
end time: 1741056551919
Time: 1 ms
--------------------------------------------------
received prefix: 10.0.0.2
start time: 1741056551922
local preference: 212
end time: 1741056551922
Time: 0 ms
--------------------------------------------------
received prefix: 10.0.0.2
start time: 1741056551936
local preference: 212
end time: 1741056551937
Time: 1 ms
--------------------------------------------------
received prefix: 10.0.0.2
start time: 1741056551945
local preference: 212
end time: 1741056551947
Time: 2 ms
--------------------------------------------------
received prefix: 10.0.0.2
start time: 1741056551950
local preference: 212
end time: 1741056551950
Time: 0 ms
--------------------------------------------------
received prefix: 10.0.0.2
start time: 1741056551979
local preference: 210
end time: 1741056551980
Time: 1 ms
--------------------------------------------------
received prefix: 10.0.0.2
start time: 1741056551982
local preference: 210
end time: 1741056551983
Time: 1 ms
--------------------------------------------------
received prefix: 10.0.0.2
start time: 1741056551993
local preference: 212
end time: 1741056551994
Time: 1 ms
--------------------------------------------------
received prefix: 10.0.0.2
start time: 1741056551999
local preference: 212
end time: 1741056552003
Time: 4 ms
--------------------------------------------------
received prefix: 10.0.0.2
start time: 1741056552018
local preference: 212
end time: 1741056552019
Time: 1 ms
--------------------------------------------------
received prefix: 10.0.0.2
start time: 1741056552023
local preference: 212
end time: 1741056552024
Time: 1 ms
--------------------------------------------------
received prefix: 10.0.0.3
start time: 1741056552066
local preference: 198
end time: 1741056552067
Time: 1 ms
--------------------------------------------------
received prefix: 10.0.0.3
start time: 1741056552086
local preference: 198
end time: 1741056552087
Time: 1 ms
--------------------------------------------------
received prefix: 10.0.0.3
start time: 1741056552093
local preference: 198
end time: 1741056552095
Time: 2 ms
--------------------------------------------------
received prefix: 10.0.0.3
start time: 1741056552102
local preference: 198
end time: 1741056552103
Time: 1 ms
--------------------------------------------------
received prefix: 10.0.0.3
start time: 1741056552110
local preference: 196
end time: 1741056552111
Time: 1 ms
--------------------------------------------------
received prefix: 10.0.0.3
start time: 1741056552117
local preference: 196
end time: 1741056552119
Time: 2 ms
--------------------------------------------------
received prefix: 10.0.0.3
start time: 1741056552138
local preference: 198
end time: 1741056552143
Time: 5 ms
--------------------------------------------------
received prefix: 10.0.0.3
start time: 1741056552156
local preference: 198
end time: 1741056552157
Time: 1 ms
--------------------------------------------------
received prefix: 10.0.0.3
start time: 1741056552164
local preference: 198
end time: 1741056552164
Time: 0 ms
--------------------------------------------------
received prefix: 10.0.0.3
start time: 1741056552170
local preference: 198
end time: 1741056552173
Time: 3 ms
--------------------------------------------------
received prefix: 10.0.0.4
start time: 1741056552521
local preference: 172
end time: 1741056552522
Time: 1 ms
--------------------------------------------------
received prefix: 10.0.0.4
start time: 1741056552524
local preference: 172
end time: 1741056552525
Time: 1 ms
--------------------------------------------------
received prefix: 10.0.0.4
start time: 1741056552564
local preference: 172
end time: 1741056552566
Time: 2 ms
--------------------------------------------------
received prefix: 10.0.0.4
start time: 1741056552585
local preference: 172
end time: 1741056552587
Time: 2 ms
--------------------------------------------------
received prefix: 10.0.0.4
start time: 1741056552601
local preference: 172
end time: 1741056552602
Time: 1 ms
--------------------------------------------------
received prefix: 10.0.0.4
start time: 1741056552606
local preference: 172
end time: 1741056552608
Time: 2 ms
--------------------------------------------------
received prefix: 10.0.0.4
start time: 1741056552615
local preference: 172
end time: 1741056552615
Time: 0 ms
--------------------------------------------------
received prefix: 10.0.0.4
start time: 1741056552620
local preference: 172
end time: 1741056552620
Time: 0 ms
--------------------------------------------------
received prefix: 10.0.0.4
start time: 1741056552635
local preference: 172
end time: 1741056552636
Time: 1 ms
--------------------------------------------------
received prefix: 10.0.0.4
start time: 1741056552645
local preference: 172
end time: 1741056552646
Time: 1 ms
--------------------------------------------------
received prefix: 10.0.0.5
start time: 1741056552716
local preference: 203
end time: 1741056552716
Time: 0 ms
--------------------------------------------------
received prefix: 10.0.0.5
start time: 1741056552751
local preference: 203
end time: 1741056552752
Time: 1 ms
--------------------------------------------------
received prefix: 10.0.0.5
start time: 1741056552755
local preference: 203
end time: 1741056552756
Time: 1 ms
--------------------------------------------------
received prefix: 10.0.0.5
start time: 1741056552758
local preference: 203
end time: 1741056552760
Time: 2 ms
--------------------------------------------------
received prefix: 10.0.0.5
start time: 1741056552785
local preference: 203
end time: 1741056552786
Time: 1 ms
--------------------------------------------------
received prefix: 10.0.0.5
start time: 1741056552788
local preference: 203
end time: 1741056552789
Time: 1 ms
--------------------------------------------------
received prefix: 10.0.0.5
start time: 1741056552795
local preference: 201
end time: 1741056552797
Time: 2 ms
--------------------------------------------------
received prefix: 10.0.0.5
start time: 1741056552818
local preference: 201
end time: 1741056552821
Time: 3 ms
--------------------------------------------------
received prefix: 10.0.0.5
start time: 1741056552830
local preference: 203
end time: 1741056552830
Time: 0 ms
--------------------------------------------------
received prefix: 10.0.0.5
start time: 1741056552833
local preference: 203
end time: 1741056552833
Time: 0 ms
--------------------------------------------------
received prefix: 10.0.0.6
start time: 1741056552982
local preference: 220
end time: 1741056552983
Time: 1 ms
--------------------------------------------------
received prefix: 10.0.0.6
start time: 1741056552985
local preference: 220
end time: 1741056552986
Time: 1 ms
--------------------------------------------------
received prefix: 10.0.0.6
start time: 1741056552992
local preference: 220
end time: 1741056552993
Time: 1 ms
--------------------------------------------------
received prefix: 10.0.0.6
start time: 1741056553001
local preference: 220
end time: 1741056553004
Time: 3 ms
--------------------------------------------------
received prefix: 10.0.0.6
start time: 1741056553021
local preference: 220
end time: 1741056553026
Time: 5 ms
--------------------------------------------------
received prefix: 10.0.0.6
start time: 1741056553036
local preference: 220
end time: 1741056553038
Time: 2 ms
--------------------------------------------------
received prefix: 10.0.0.6
start time: 1741056553055
local preference: 217
end time: 1741056553056
Time: 1 ms
--------------------------------------------------
received prefix: 10.0.0.6
start time: 1741056553065
local preference: 217
end time: 1741056553068
Time: 3 ms
--------------------------------------------------
received prefix: 10.0.0.6
start time: 1741056553084
local preference: 220
end time: 1741056553085
Time: 1 ms
--------------------------------------------------
received prefix: 10.0.0.6
start time: 1741056553089
local preference: 220
end time: 1741056553090
Time: 1 ms
--------------------------------------------------
received prefix: 10.0.0.8
start time: 1741056556670
local preference: 204
end time: 1741056556671
Time: 1 ms
--------------------------------------------------
received prefix: 10.0.0.6
start time: 1741056557789
local preference: 220
end time: 1741056557789
Time: 0 ms
--------------------------------------------------
received prefix: 10.0.0.1
start time: 1741056558637
local preference: 208
end time: 1741056558642
Time: 5 ms
--------------------------------------------------
received prefix: 10.0.0.2
start time: 1741056560060
local preference: 212
end time: 1741056560063
Time: 3 ms
--------------------------------------------------
received prefix: 10.0.0.3
start time: 1741056561587
local preference: 194
end time: 1741056561588
Time: 1 ms
--------------------------------------------------
received prefix: 10.0.0.4
start time: 1741056562646
local preference: 168
end time: 1741056562647
Time: 1 ms
--------------------------------------------------
received prefix: 10.0.0.5
start time: 1741056563679
local preference: 203
end time: 1741056563680
Time: 1 ms
--------------------------------------------------
received prefix: 10.0.0.7
start time: 1741056563822
local preference: 220
end time: 1741056563823
Time: 1 ms
--------------------------------------------------
received prefix: 10.0.0.32
start time: 1741056642286
local preference: 204
end time: 1741056642287
Time: 1 ms
--------------------------------------------------
received prefix: 10.0.0.3
start time: 1741056642722
local preference: 198
end time: 1741056642722
Time: 0 ms
--------------------------------------------------
received prefix: 10.0.0.1
start time: 1741056643168
local preference: 212
end time: 1741056643172
Time: 4 ms
--------------------------------------------------
received prefix: 10.0.0.2
start time: 1741056643596
local preference: 216
end time: 1741056643596
Time: 0 ms
--------------------------------------------------
received prefix: 10.0.0.26
start time: 1741056643714
local preference: 186
end time: 1741056643715
Time: 1 ms
--------------------------------------------------
received prefix: 10.0.0.25
start time: 1741056643853
local preference: 186
end time: 1741056643853
Time: 0 ms
--------------------------------------------------
received prefix: 10.0.0.21
start time: 1741056643967
local preference: 220
end time: 1741056643968
Time: 1 ms
--------------------------------------------------
received prefix: 10.0.0.22
start time: 1741056644072
local preference: 213
end time: 1741056644073
Time: 1 ms
--------------------------------------------------
received prefix: 10.0.0.20
start time: 1741056644175
local preference: 209
end time: 1741056644177
Time: 2 ms
--------------------------------------------------
received prefix: 10.0.0.13
start time: 1741056644318
local preference: 222
end time: 1741056644319
Time: 1 ms
--------------------------------------------------
received prefix: 10.0.0.14
start time: 1741056644405
local preference: 214
end time: 1741056644408
Time: 3 ms
--------------------------------------------------
received prefix: 10.0.0.11
start time: 1741056644516
local preference: 211
end time: 1741056644517
Time: 1 ms
--------------------------------------------------
received prefix: 10.0.0.7
start time: 1741056644636
local preference: 228
end time: 1741056644640
Time: 4 ms
--------------------------------------------------
received prefix: 10.0.0.8
start time: 1741056644785
local preference: 212
end time: 1741056644785
Time: 0 ms
--------------------------------------------------
received prefix: 10.0.0.6
start time: 1741056644887
local preference: 228
end time: 1741056644887
Time: 0 ms
--------------------------------------------------
received prefix: 10.0.0.4
start time: 1741056644981
local preference: 176
end time: 1741056644982
Time: 1 ms
--------------------------------------------------
received prefix: 10.0.0.5
start time: 1741056645378
local preference: 211
end time: 1741056645378
Time: 0 ms
--------------------------------------------------
received prefix: 10.0.0.9
start time: 1741056645833
local preference: 228
end time: 1741056645833
Time: 0 ms
--------------------------------------------------
received prefix: 10.0.0.10
start time: 1741056646150
local preference: 226
end time: 1741056646151
Time: 1 ms
--------------------------------------------------
received prefix: 10.0.0.15
start time: 1741056646319
local preference: 212
end time: 1741056646320
Time: 1 ms
--------------------------------------------------
received prefix: 10.0.0.16
start time: 1741056646545
local preference: 98
end time: 1741056646546
Time: 1 ms
--------------------------------------------------
received prefix: 10.0.0.17
start time: 1741056646683
local preference: 217
end time: 1741056646687
Time: 4 ms
--------------------------------------------------
received prefix: 10.0.0.18
start time: 1741056646818
local preference: 231
end time: 1741056646819
Time: 1 ms
--------------------------------------------------
received prefix: 10.0.0.19
start time: 1741056647013
local preference: 227
end time: 1741056647015
Time: 2 ms
--------------------------------------------------
received prefix: 10.0.0.23
start time: 1741056647300
local preference: 232
end time: 1741056647301
Time: 1 ms
--------------------------------------------------
received prefix: 10.0.0.24
start time: 1741056647492
local preference: 226
end time: 1741056647495
Time: 3 ms
--------------------------------------------------
received prefix: 10.0.0.27
start time: 1741056647600
local preference: 179
end time: 1741056647601
Time: 1 ms
--------------------------------------------------
received prefix: 10.0.0.28
start time: 1741056647706
local preference: 155
end time: 1741056647707
Time: 1 ms
--------------------------------------------------
received prefix: 10.0.0.29
start time: 1741056647878
local preference: 187
end time: 1741056647879
Time: 1 ms
--------------------------------------------------
received prefix: 10.0.0.30
start time: 1741056648017
local preference: 213
end time: 1741056648018
Time: 1 ms
--------------------------------------------------
received prefix: 10.0.0.31
start time: 1741056648349
local preference: 204
end time: 1741056648350
Time: 1 ms
--------------------------------------------------
received prefix: 10.0.0.32
start time: 1741056652346
local preference: 204
end time: 1741056652349
Time: 3 ms
--------------------------------------------------
received prefix: 10.0.0.32
start time: 1741056652354
local preference: 208
end time: 1741056652356
Time: 2 ms
--------------------------------------------------
received prefix: 10.0.0.32
start time: 1741056652363
local preference: 204
end time: 1741056652364
Time: 1 ms
--------------------------------------------------
received prefix: 10.0.0.32
start time: 1741056652488
local preference: 208
end time: 1741056652488
Time: 0 ms
--------------------------------------------------
received prefix: 10.0.0.32
start time: 1741056652491
local preference: 202
end time: 1741056652492
Time: 1 ms
--------------------------------------------------
received prefix: 10.0.0.32
start time: 1741056652497
local preference: 206
end time: 1741056652499
Time: 2 ms
--------------------------------------------------
received prefix: 10.0.0.32
start time: 1741056652515
local preference: 205
end time: 1741056652516
Time: 1 ms
--------------------------------------------------
received prefix: 10.0.0.32
start time: 1741056652519
local preference: 208
end time: 1741056652520
Time: 1 ms
--------------------------------------------------
received prefix: 10.0.0.32
start time: 1741056652524
local preference: 204
end time: 1741056652524
Time: 0 ms
--------------------------------------------------
received prefix: 10.0.0.32
start time: 1741056652529
local preference: 208
end time: 1741056652532
Time: 3 ms
--------------------------------------------------
received prefix: 10.0.0.26
start time: 1741056652755
local preference: 178
end time: 1741056652756
Time: 1 ms
--------------------------------------------------
received prefix: 10.0.0.26
start time: 1741056652777
local preference: 182
end time: 1741056652777
Time: 0 ms
--------------------------------------------------
received prefix: 10.0.0.26
start time: 1741056652785
local preference: 178
end time: 1741056652786
Time: 1 ms
--------------------------------------------------
received prefix: 10.0.0.26
start time: 1741056652788
local preference: 182
end time: 1741056652789
Time: 1 ms
--------------------------------------------------
received prefix: 10.0.0.26
start time: 1741056652830
local preference: 176
end time: 1741056652834
Time: 4 ms
--------------------------------------------------
received prefix: 10.0.0.26
start time: 1741056652839
local preference: 180
end time: 1741056652841
Time: 2 ms
--------------------------------------------------
received prefix: 10.0.0.26
start time: 1741056652846
local preference: 178
end time: 1741056652847
Time: 1 ms
--------------------------------------------------
received prefix: 10.0.0.26
start time: 1741056652851
local preference: 182
end time: 1741056652852
Time: 1 ms
--------------------------------------------------
received prefix: 10.0.0.26
start time: 1741056652995
local preference: 178
end time: 1741056652998
Time: 3 ms
--------------------------------------------------
received prefix: 10.0.0.26
start time: 1741056653004
local preference: 182
end time: 1741056653005
Time: 1 ms
--------------------------------------------------
received prefix: 10.0.0.25
start time: 1741056653219
local preference: 177
end time: 1741056653220
Time: 1 ms
--------------------------------------------------
received prefix: 10.0.0.25
start time: 1741056653238
local preference: 181
end time: 1741056653239
Time: 1 ms
--------------------------------------------------
received prefix: 10.0.0.25
start time: 1741056653243
local preference: 177
end time: 1741056653244
Time: 1 ms
--------------------------------------------------
received prefix: 10.0.0.25
start time: 1741056653246
local preference: 181
end time: 1741056653246
Time: 0 ms
--------------------------------------------------
received prefix: 10.0.0.25
start time: 1741056653249
local preference: 175
end time: 1741056653250
Time: 1 ms
--------------------------------------------------
received prefix: 10.0.0.25
start time: 1741056653257
local preference: 179
end time: 1741056653257
Time: 0 ms
--------------------------------------------------
received prefix: 10.0.0.25
start time: 1741056653263
local preference: 178
end time: 1741056653264
Time: 1 ms
--------------------------------------------------
received prefix: 10.0.0.25
start time: 1741056653270
local preference: 182
end time: 1741056653271
Time: 1 ms
--------------------------------------------------
received prefix: 10.0.0.25
start time: 1741056653274
local preference: 177
end time: 1741056653275
Time: 1 ms
--------------------------------------------------
received prefix: 10.0.0.25
start time: 1741056653281
local preference: 181
end time: 1741056653283
Time: 2 ms
--------------------------------------------------
received prefix: 10.0.0.21
start time: 1741056653592
local preference: 212
end time: 1741056653592
Time: 0 ms
--------------------------------------------------
received prefix: 10.0.0.21
start time: 1741056653597
local preference: 216
end time: 1741056653601
Time: 4 ms
--------------------------------------------------
received prefix: 10.0.0.21
start time: 1741056653617
local preference: 212
end time: 1741056653618
Time: 1 ms
--------------------------------------------------
received prefix: 10.0.0.21
start time: 1741056653620
local preference: 216
end time: 1741056653620
Time: 0 ms
--------------------------------------------------
received prefix: 10.0.0.21
start time: 1741056653623
local preference: 210
end time: 1741056653624
Time: 1 ms
--------------------------------------------------
received prefix: 10.0.0.21
start time: 1741056653627
local preference: 213
end time: 1741056653631
Time: 4 ms
--------------------------------------------------
received prefix: 10.0.0.21
start time: 1741056653647
local preference: 212
end time: 1741056653648
Time: 1 ms
--------------------------------------------------
received prefix: 10.0.0.21
start time: 1741056653659
local preference: 216
end time: 1741056653661
Time: 2 ms
--------------------------------------------------
received prefix: 10.0.0.21
start time: 1741056653688
local preference: 212
end time: 1741056653688
Time: 0 ms
--------------------------------------------------
received prefix: 10.0.0.21
start time: 1741056653702
local preference: 216
end time: 1741056653703
Time: 1 ms
--------------------------------------------------
received prefix: 10.0.0.22
start time: 1741056653833
local preference: 204
end time: 1741056653833
Time: 0 ms
--------------------------------------------------
received prefix: 10.0.0.22
start time: 1741056653841
local preference: 208
end time: 1741056653842
Time: 1 ms
--------------------------------------------------
received prefix: 10.0.0.22
start time: 1741056653846
local preference: 204
end time: 1741056653846
Time: 0 ms
--------------------------------------------------
received prefix: 10.0.0.22
start time: 1741056653854
local preference: 208
end time: 1741056653855
Time: 1 ms
--------------------------------------------------
received prefix: 10.0.0.22
start time: 1741056653867
local preference: 202
end time: 1741056653869
Time: 2 ms
--------------------------------------------------
received prefix: 10.0.0.22
start time: 1741056653918
local preference: 206
end time: 1741056653919
Time: 1 ms
--------------------------------------------------
received prefix: 10.0.0.22
start time: 1741056653923
local preference: 205
end time: 1741056653924
Time: 1 ms
--------------------------------------------------
received prefix: 10.0.0.22
start time: 1741056653946
local preference: 208
end time: 1741056653948
Time: 2 ms
--------------------------------------------------
received prefix: 10.0.0.22
start time: 1741056654048
local preference: 204
end time: 1741056654049
Time: 1 ms
--------------------------------------------------
received prefix: 10.0.0.22
start time: 1741056654053
local preference: 208
end time: 1741056654054
Time: 1 ms
--------------------------------------------------
received prefix: 10.0.0.20
start time: 1741056654252
local preference: 200
end time: 1741056654253
Time: 1 ms
--------------------------------------------------
received prefix: 10.0.0.20
start time: 1741056654262
local preference: 204
end time: 1741056654266
Time: 4 ms
--------------------------------------------------
received prefix: 10.0.0.20
start time: 1741056654282
local preference: 201
end time: 1741056654283
Time: 1 ms
--------------------------------------------------
received prefix: 10.0.0.20
start time: 1741056654285
local preference: 204
end time: 1741056654286
Time: 1 ms
--------------------------------------------------
received prefix: 10.0.0.20
start time: 1741056654289
local preference: 198
end time: 1741056654290
Time: 1 ms
--------------------------------------------------
received prefix: 10.0.0.20
start time: 1741056654317
local preference: 202
end time: 1741056654318
Time: 1 ms
--------------------------------------------------
received prefix: 10.0.0.20
start time: 1741056654323
local preference: 201
end time: 1741056654324
Time: 1 ms
--------------------------------------------------
received prefix: 10.0.0.20
start time: 1741056654331
local preference: 205
end time: 1741056654335
Time: 4 ms
--------------------------------------------------
received prefix: 10.0.0.20
start time: 1741056654346
local preference: 200
end time: 1741056654347
Time: 1 ms
--------------------------------------------------
received prefix: 10.0.0.20
start time: 1741056654353
local preference: 204
end time: 1741056654354
Time: 1 ms
--------------------------------------------------
received prefix: 10.0.0.13
start time: 1741056654622
local preference: 214
end time: 1741056654624
Time: 2 ms
--------------------------------------------------
received prefix: 10.0.0.13
start time: 1741056654642
local preference: 218
end time: 1741056654643
Time: 1 ms
--------------------------------------------------
received prefix: 10.0.0.13
start time: 1741056654649
local preference: 214
end time: 1741056654650
Time: 1 ms
--------------------------------------------------
received prefix: 10.0.0.13
start time: 1741056654652
local preference: 218
end time: 1741056654653
Time: 1 ms
--------------------------------------------------
received prefix: 10.0.0.13
start time: 1741056654667
local preference: 212
end time: 1741056654669
Time: 2 ms
--------------------------------------------------
received prefix: 10.0.0.13
start time: 1741056654671
local preference: 216
end time: 1741056654672
Time: 1 ms
--------------------------------------------------
received prefix: 10.0.0.13
start time: 1741056654680
local preference: 214
end time: 1741056654681
Time: 1 ms
--------------------------------------------------
received prefix: 10.0.0.13
start time: 1741056654683
local preference: 218
end time: 1741056654684
Time: 1 ms
--------------------------------------------------
received prefix: 10.0.0.13
start time: 1741056654686
local preference: 214
end time: 1741056654687
Time: 1 ms
--------------------------------------------------
received prefix: 10.0.0.13
start time: 1741056654690
local preference: 218
end time: 1741056654690
Time: 0 ms
--------------------------------------------------
received prefix: 10.0.0.14
start time: 1741056655034
local preference: 205
end time: 1741056655036
Time: 2 ms
--------------------------------------------------
received prefix: 10.0.0.14
start time: 1741056655040
local preference: 209
end time: 1741056655043
Time: 3 ms
--------------------------------------------------
received prefix: 10.0.0.14
start time: 1741056655048
local preference: 206
end time: 1741056655049
Time: 1 ms
--------------------------------------------------
received prefix: 10.0.0.14
start time: 1741056655054
local preference: 209
end time: 1741056655054
Time: 0 ms
--------------------------------------------------
received prefix: 10.0.0.14
start time: 1741056655058
local preference: 203
end time: 1741056655059
Time: 1 ms
--------------------------------------------------
received prefix: 10.0.0.14
start time: 1741056655067
local preference: 207
end time: 1741056655072
Time: 5 ms
--------------------------------------------------
received prefix: 10.0.0.14
start time: 1741056655194
local preference: 206
end time: 1741056655196
Time: 2 ms
--------------------------------------------------
received prefix: 10.0.0.14
start time: 1741056655202
local preference: 210
end time: 1741056655205
Time: 3 ms
--------------------------------------------------
received prefix: 10.0.0.14
start time: 1741056655211
local preference: 205
end time: 1741056655211
Time: 0 ms
--------------------------------------------------
received prefix: 10.0.0.14
start time: 1741056655213
local preference: 209
end time: 1741056655214
Time: 1 ms
--------------------------------------------------
received prefix: 10.0.0.11
start time: 1741056655336
local preference: 203
end time: 1741056655337
Time: 1 ms
--------------------------------------------------
received prefix: 10.0.0.11
start time: 1741056655358
local preference: 207
end time: 1741056655359
Time: 1 ms
--------------------------------------------------
received prefix: 10.0.0.11
start time: 1741056655364
local preference: 203
end time: 1741056655365
Time: 1 ms
--------------------------------------------------
received prefix: 10.0.0.11
start time: 1741056655367
local preference: 207
end time: 1741056655371
Time: 4 ms
--------------------------------------------------
received prefix: 10.0.0.11
start time: 1741056655384
local preference: 201
end time: 1741056655385
Time: 1 ms
--------------------------------------------------
received prefix: 10.0.0.11
start time: 1741056655388
local preference: 205
end time: 1741056655389
Time: 1 ms
--------------------------------------------------
received prefix: 10.0.0.11
start time: 1741056655402
local preference: 203
end time: 1741056655405
Time: 3 ms
--------------------------------------------------
received prefix: 10.0.0.11
start time: 1741056655542
local preference: 207
end time: 1741056655543
Time: 1 ms
--------------------------------------------------
received prefix: 10.0.0.11
start time: 1741056655548
local preference: 203
end time: 1741056655549
Time: 1 ms
--------------------------------------------------
received prefix: 10.0.0.11
start time: 1741056655553
local preference: 207
end time: 1741056655554
Time: 1 ms
--------------------------------------------------
received prefix: 10.0.0.7
start time: 1741056655670
local preference: 220
end time: 1741056655675
Time: 5 ms
--------------------------------------------------
received prefix: 10.0.0.7
start time: 1741056655681
local preference: 223
end time: 1741056655682
Time: 1 ms
--------------------------------------------------
received prefix: 10.0.0.7
start time: 1741056655685
local preference: 220
end time: 1741056655686
Time: 1 ms
--------------------------------------------------
received prefix: 10.0.0.7
start time: 1741056655688
local preference: 224
end time: 1741056655689
Time: 1 ms
--------------------------------------------------
received prefix: 10.0.0.7
start time: 1741056655695
local preference: 217
end time: 1741056655697
Time: 2 ms
--------------------------------------------------
received prefix: 10.0.0.7
start time: 1741056655701
local preference: 221
end time: 1741056655702
Time: 1 ms
--------------------------------------------------
received prefix: 10.0.0.7
start time: 1741056655708
local preference: 220
end time: 1741056655709
Time: 1 ms
--------------------------------------------------
received prefix: 10.0.0.7
start time: 1741056655711
local preference: 224
end time: 1741056655712
Time: 1 ms
--------------------------------------------------
received prefix: 10.0.0.7
start time: 1741056655718
local preference: 220
end time: 1741056655719
Time: 1 ms
--------------------------------------------------
received prefix: 10.0.0.8
start time: 1741056655973
local preference: 204
end time: 1741056655973
Time: 0 ms
--------------------------------------------------
received prefix: 10.0.0.8
start time: 1741056655981
local preference: 208
end time: 1741056655982
Time: 1 ms
--------------------------------------------------
received prefix: 10.0.0.8
start time: 1741056656151
local preference: 204
end time: 1741056656152
Time: 1 ms
--------------------------------------------------
received prefix: 10.0.0.8
start time: 1741056656160
local preference: 208
end time: 1741056656164
Time: 4 ms
--------------------------------------------------
received prefix: 10.0.0.8
start time: 1741056656180
local preference: 202
end time: 1741056656181
Time: 1 ms
--------------------------------------------------
received prefix: 10.0.0.8
start time: 1741056656183
local preference: 206
end time: 1741056656184
Time: 1 ms
--------------------------------------------------
received prefix: 10.0.0.8
start time: 1741056656187
local preference: 205
end time: 1741056656188
Time: 1 ms
--------------------------------------------------
received prefix: 10.0.0.8
start time: 1741056656203
local preference: 208
end time: 1741056656205
Time: 2 ms
--------------------------------------------------
received prefix: 10.0.0.8
start time: 1741056656222
local preference: 204
end time: 1741056656223
Time: 1 ms
--------------------------------------------------
received prefix: 10.0.0.9
start time: 1741056656489
local preference: 220
end time: 1741056656489
Time: 0 ms
--------------------------------------------------
received prefix: 10.0.0.9
start time: 1741056656494
local preference: 224
end time: 1741056656496
Time: 2 ms
--------------------------------------------------
received prefix: 10.0.0.9
start time: 1741056656512
local preference: 220
end time: 1741056656513
Time: 1 ms
--------------------------------------------------
received prefix: 10.0.0.9
start time: 1741056656521
local preference: 224
end time: 1741056656523
Time: 2 ms
--------------------------------------------------
received prefix: 10.0.0.9
start time: 1741056656552
local preference: 218
end time: 1741056656553
Time: 1 ms
--------------------------------------------------
received prefix: 10.0.0.9
start time: 1741056656556
local preference: 221
end time: 1741056656557
Time: 1 ms
--------------------------------------------------
received prefix: 10.0.0.9
start time: 1741056656563
local preference: 220
end time: 1741056656567
Time: 4 ms
--------------------------------------------------
received prefix: 10.0.0.9
start time: 1741056656571
local preference: 224
end time: 1741056656572
Time: 1 ms
--------------------------------------------------
received prefix: 10.0.0.9
start time: 1741056656578
local preference: 220
end time: 1741056656579
Time: 1 ms
--------------------------------------------------
received prefix: 10.0.0.9
start time: 1741056656581
local preference: 224
end time: 1741056656582
Time: 1 ms
--------------------------------------------------
received prefix: 10.0.0.10
start time: 1741056656758
local preference: 218
end time: 1741056656762
Time: 4 ms
--------------------------------------------------
received prefix: 10.0.0.10
start time: 1741056656785
local preference: 221
end time: 1741056656786
Time: 1 ms
--------------------------------------------------
received prefix: 10.0.0.10
start time: 1741056656799
local preference: 218
end time: 1741056656801
Time: 2 ms
--------------------------------------------------
received prefix: 10.0.0.10
start time: 1741056656806
local preference: 222
end time: 1741056656807
Time: 1 ms
--------------------------------------------------
received prefix: 10.0.0.10
start time: 1741056656949
local preference: 215
end time: 1741056656950
Time: 1 ms
--------------------------------------------------
received prefix: 10.0.0.10
start time: 1741056656953
local preference: 219
end time: 1741056656954
Time: 1 ms
--------------------------------------------------
received prefix: 10.0.0.10
start time: 1741056656957
local preference: 218
end time: 1741056656957
Time: 0 ms
--------------------------------------------------
received prefix: 10.0.0.10
start time: 1741056656963
local preference: 222
end time: 1741056656966
Time: 3 ms
--------------------------------------------------
received prefix: 10.0.0.10
start time: 1741056656970
local preference: 218
end time: 1741056656971
Time: 1 ms
--------------------------------------------------
received prefix: 10.0.0.10
start time: 1741056656981
local preference: 221
end time: 1741056656982
Time: 1 ms
--------------------------------------------------
received prefix: 10.0.0.15
start time: 1741056657138
local preference: 204
end time: 1741056657140
Time: 2 ms
--------------------------------------------------
received prefix: 10.0.0.15
start time: 1741056657159
local preference: 208
end time: 1741056657160
Time: 1 ms
--------------------------------------------------
received prefix: 10.0.0.15
start time: 1741056657173
local preference: 204
end time: 1741056657174
Time: 1 ms
--------------------------------------------------
received prefix: 10.0.0.15
start time: 1741056657194
local preference: 208
end time: 1741056657195
Time: 1 ms
--------------------------------------------------
received prefix: 10.0.0.15
start time: 1741056657220
local preference: 201
end time: 1741056657221
Time: 1 ms
--------------------------------------------------
received prefix: 10.0.0.15
start time: 1741056657225
local preference: 205
end time: 1741056657228
Time: 3 ms
--------------------------------------------------
received prefix: 10.0.0.15
start time: 1741056657249
local preference: 204
end time: 1741056657249
Time: 0 ms
--------------------------------------------------
received prefix: 10.0.0.15
start time: 1741056657251
local preference: 208
end time: 1741056657252
Time: 1 ms
--------------------------------------------------
received prefix: 10.0.0.15
start time: 1741056657255
local preference: 204
end time: 1741056657256
Time: 1 ms
--------------------------------------------------
received prefix: 10.0.0.15
start time: 1741056657258
local preference: 208
end time: 1741056657258
Time: 0 ms
--------------------------------------------------
received prefix: 10.0.0.16
start time: 1741056657446
local preference: 216
end time: 1741056657447
Time: 1 ms
--------------------------------------------------
received prefix: 10.0.0.16
start time: 1741056657456
local preference: 168
end time: 1741056657458
Time: 2 ms
--------------------------------------------------
received prefix: 10.0.0.16
start time: 1741056657489
local preference: 216
end time: 1741056657490
Time: 1 ms
--------------------------------------------------
received prefix: 10.0.0.16
start time: 1741056657497
local preference: 168
end time: 1741056657498
Time: 1 ms
--------------------------------------------------
received prefix: 10.0.0.16
start time: 1741056657506
local preference: 232
end time: 1741056657506
Time: 0 ms
--------------------------------------------------
received prefix: 10.0.0.16
start time: 1741056657518
local preference: 202
end time: 1741056657519
Time: 1 ms
--------------------------------------------------
received prefix: 10.0.0.16
start time: 1741056657523
local preference: 214
end time: 1741056657524
Time: 1 ms
--------------------------------------------------
received prefix: 10.0.0.16
start time: 1741056657543
local preference: 166
end time: 1741056657544
Time: 1 ms
--------------------------------------------------
received prefix: 10.0.0.16
start time: 1741056657585
local preference: 216
end time: 1741056657585
Time: 0 ms
--------------------------------------------------
received prefix: 10.0.0.16
start time: 1741056657599
local preference: 168
end time: 1741056657604
Time: 5 ms
--------------------------------------------------
received prefix: 10.0.0.17
start time: 1741056657816
local preference: 209
end time: 1741056657817
Time: 1 ms
--------------------------------------------------
received prefix: 10.0.0.17
start time: 1741056657822
local preference: 213
end time: 1741056657823
Time: 1 ms
--------------------------------------------------
received prefix: 10.0.0.17
start time: 1741056657829
local preference: 209
end time: 1741056657830
Time: 1 ms
--------------------------------------------------
received prefix: 10.0.0.17
start time: 1741056657832
local preference: 213
end time: 1741056657833
Time: 1 ms
--------------------------------------------------
received prefix: 10.0.0.17
start time: 1741056657838
local preference: 206
end time: 1741056657841
Time: 3 ms
--------------------------------------------------
received prefix: 10.0.0.17
start time: 1741056657844
local preference: 210
end time: 1741056657845
Time: 1 ms
--------------------------------------------------
received prefix: 10.0.0.17
start time: 1741056657850
local preference: 209
end time: 1741056657850
Time: 0 ms
--------------------------------------------------
received prefix: 10.0.0.17
start time: 1741056657852
local preference: 213
end time: 1741056657853
Time: 1 ms
--------------------------------------------------
received prefix: 10.0.0.17
start time: 1741056657865
local preference: 209
end time: 1741056657870
Time: 5 ms
--------------------------------------------------
received prefix: 10.0.0.17
start time: 1741056657875
local preference: 213
end time: 1741056657876
Time: 1 ms
--------------------------------------------------
received prefix: 10.0.0.18
start time: 1741056658124
local preference: 223
end time: 1741056658125
Time: 1 ms
--------------------------------------------------
received prefix: 10.0.0.18
start time: 1741056658130
local preference: 227
end time: 1741056658131
Time: 1 ms
--------------------------------------------------
received prefix: 10.0.0.18
start time: 1741056658134
local preference: 223
end time: 1741056658135
Time: 1 ms
--------------------------------------------------
received prefix: 10.0.0.18
start time: 1741056658139
local preference: 227
end time: 1741056658140
Time: 1 ms
--------------------------------------------------
received prefix: 10.0.0.18
start time: 1741056658150
local preference: 221
end time: 1741056658151
Time: 1 ms
--------------------------------------------------
received prefix: 10.0.0.18
start time: 1741056658156
local preference: 225
end time: 1741056658157
Time: 1 ms
--------------------------------------------------
received prefix: 10.0.0.18
start time: 1741056658164
local preference: 224
end time: 1741056658166
Time: 2 ms
--------------------------------------------------
received prefix: 10.0.0.18
start time: 1741056658171
local preference: 227
end time: 1741056658172
Time: 1 ms
--------------------------------------------------
received prefix: 10.0.0.18
start time: 1741056658177
local preference: 223
end time: 1741056658178
Time: 1 ms
--------------------------------------------------
received prefix: 10.0.0.18
start time: 1741056658180
local preference: 227
end time: 1741056658181
Time: 1 ms
--------------------------------------------------
received prefix: 10.0.0.19
start time: 1741056658484
local preference: 219
end time: 1741056658485
Time: 1 ms
--------------------------------------------------
received prefix: 10.0.0.19
start time: 1741056658490
local preference: 223
end time: 1741056658494
Time: 4 ms
--------------------------------------------------
received prefix: 10.0.0.19
start time: 1741056658503
local preference: 219
end time: 1741056658504
Time: 1 ms
--------------------------------------------------
received prefix: 10.0.0.19
start time: 1741056658506
local preference: 223
end time: 1741056658506
Time: 0 ms
--------------------------------------------------
received prefix: 10.0.0.19
start time: 1741056658509
local preference: 216
end time: 1741056658510
Time: 1 ms
--------------------------------------------------
received prefix: 10.0.0.19
start time: 1741056658513
local preference: 220
end time: 1741056658513
Time: 0 ms
--------------------------------------------------
received prefix: 10.0.0.19
start time: 1741056658519
local preference: 219
end time: 1741056658520
Time: 1 ms
--------------------------------------------------
received prefix: 10.0.0.19
start time: 1741056658528
local preference: 223
end time: 1741056658532
Time: 4 ms
--------------------------------------------------
received prefix: 10.0.0.19
start time: 1741056658538
local preference: 219
end time: 1741056658538
Time: 0 ms
--------------------------------------------------
received prefix: 10.0.0.19
start time: 1741056658541
local preference: 223
end time: 1741056658542
Time: 1 ms
--------------------------------------------------
received prefix: 10.0.0.23
start time: 1741056658762
local preference: 224
end time: 1741056658764
Time: 2 ms
--------------------------------------------------
received prefix: 10.0.0.23
start time: 1741056658770
local preference: 227
end time: 1741056658772
Time: 2 ms
--------------------------------------------------
received prefix: 10.0.0.23
start time: 1741056658775
local preference: 224
end time: 1741056658775
Time: 0 ms
--------------------------------------------------
received prefix: 10.0.0.23
start time: 1741056658783
local preference: 228
end time: 1741056658785
Time: 2 ms
--------------------------------------------------
received prefix: 10.0.0.23
start time: 1741056658809
local preference: 221
end time: 1741056658811
Time: 2 ms
--------------------------------------------------
received prefix: 10.0.0.23
start time: 1741056658819
local preference: 225
end time: 1741056658819
Time: 0 ms
--------------------------------------------------
received prefix: 10.0.0.23
start time: 1741056658919
local preference: 224
end time: 1741056658920
Time: 1 ms
--------------------------------------------------
received prefix: 10.0.0.23
start time: 1741056658924
local preference: 228
end time: 1741056658925
Time: 1 ms
--------------------------------------------------
received prefix: 10.0.0.23
start time: 1741056658934
local preference: 224
end time: 1741056658935
Time: 1 ms
--------------------------------------------------
received prefix: 10.0.0.23
start time: 1741056658952
local preference: 227
end time: 1741056658953
Time: 1 ms
--------------------------------------------------
received prefix: 10.0.0.24
start time: 1741056659238
local preference: 225
end time: 1741056659239
Time: 1 ms
--------------------------------------------------
received prefix: 10.0.0.24
start time: 1741056659243
local preference: 229
end time: 1741056659244
Time: 1 ms
--------------------------------------------------
received prefix: 10.0.0.24
start time: 1741056659265
local preference: 225
end time: 1741056659266
Time: 1 ms
--------------------------------------------------
received prefix: 10.0.0.24
start time: 1741056659271
local preference: 229
end time: 1741056659275
Time: 4 ms
--------------------------------------------------
received prefix: 10.0.0.24
start time: 1741056659343
local preference: 223
end time: 1741056659344
Time: 1 ms
--------------------------------------------------
received prefix: 10.0.0.24
start time: 1741056659346
local preference: 227
end time: 1741056659347
Time: 1 ms
--------------------------------------------------
received prefix: 10.0.0.24
start time: 1741056659352
local preference: 225
end time: 1741056659355
Time: 3 ms
--------------------------------------------------
received prefix: 10.0.0.24
start time: 1741056659368
local preference: 229
end time: 1741056659369
Time: 1 ms
--------------------------------------------------
received prefix: 10.0.0.24
start time: 1741056659414
local preference: 225
end time: 1741056659415
Time: 1 ms
--------------------------------------------------
received prefix: 10.0.0.24
start time: 1741056659440
local preference: 229
end time: 1741056659441
Time: 1 ms
--------------------------------------------------
received prefix: 10.0.0.27
start time: 1741056659694
local preference: 179
end time: 1741056659696
Time: 2 ms
--------------------------------------------------
received prefix: 10.0.0.27
start time: 1741056659709
local preference: 183
end time: 1741056659710
Time: 1 ms
--------------------------------------------------
received prefix: 10.0.0.27
start time: 1741056659718
local preference: 179
end time: 1741056659719
Time: 1 ms
--------------------------------------------------
received prefix: 10.0.0.27
start time: 1741056659721
local preference: 183
end time: 1741056659722
Time: 1 ms
--------------------------------------------------
received prefix: 10.0.0.27
start time: 1741056659733
local preference: 177
end time: 1741056659737
Time: 4 ms
--------------------------------------------------
received prefix: 10.0.0.27
start time: 1741056659755
local preference: 181
end time: 1741056659756
Time: 1 ms
--------------------------------------------------
received prefix: 10.0.0.27
start time: 1741056659764
local preference: 179
end time: 1741056659765
Time: 1 ms
--------------------------------------------------
received prefix: 10.0.0.27
start time: 1741056659771
local preference: 183
end time: 1741056659772
Time: 1 ms
--------------------------------------------------
received prefix: 10.0.0.27
start time: 1741056659777
local preference: 179
end time: 1741056659778
Time: 1 ms
--------------------------------------------------
received prefix: 10.0.0.27
start time: 1741056659787
local preference: 183
end time: 1741056659788
Time: 1 ms
--------------------------------------------------
received prefix: 10.0.0.28
start time: 1741056660014
local preference: 187
end time: 1741056660016
Time: 2 ms
--------------------------------------------------
received prefix: 10.0.0.28
start time: 1741056660027
local preference: 191
end time: 1741056660028
Time: 1 ms
--------------------------------------------------
received prefix: 10.0.0.28
start time: 1741056660040
local preference: 187
end time: 1741056660041
Time: 1 ms
--------------------------------------------------
received prefix: 10.0.0.28
start time: 1741056660044
local preference: 191
end time: 1741056660045
Time: 1 ms
--------------------------------------------------
received prefix: 10.0.0.28
start time: 1741056660080
local preference: 185
end time: 1741056660081
Time: 1 ms
--------------------------------------------------
received prefix: 10.0.0.28
start time: 1741056660088
local preference: 189
end time: 1741056660089
Time: 1 ms
--------------------------------------------------
received prefix: 10.0.0.28
start time: 1741056660097
local preference: 187
end time: 1741056660101
Time: 4 ms
--------------------------------------------------
received prefix: 10.0.0.28
start time: 1741056660106
local preference: 191
end time: 1741056660107
Time: 1 ms
--------------------------------------------------
received prefix: 10.0.0.28
start time: 1741056660121
local preference: 187
end time: 1741056660121
Time: 0 ms
--------------------------------------------------
received prefix: 10.0.0.28
start time: 1741056660124
local preference: 191
end time: 1741056660124
Time: 0 ms
--------------------------------------------------
received prefix: 10.0.0.29
start time: 1741056660604
local preference: 188
end time: 1741056660605
Time: 1 ms
--------------------------------------------------
received prefix: 10.0.0.29
start time: 1741056660610
local preference: 192
end time: 1741056660611
Time: 1 ms
--------------------------------------------------
received prefix: 10.0.0.29
start time: 1741056660622
local preference: 188
end time: 1741056660623
Time: 1 ms
--------------------------------------------------
received prefix: 10.0.0.29
start time: 1741056660687
local preference: 192
end time: 1741056660688
Time: 1 ms
--------------------------------------------------
received prefix: 10.0.0.29
start time: 1741056660691
local preference: 186
end time: 1741056660692
Time: 1 ms
--------------------------------------------------
received prefix: 10.0.0.29
start time: 1741056660700
local preference: 190
end time: 1741056660703
Time: 3 ms
--------------------------------------------------
received prefix: 10.0.0.29
start time: 1741056660711
local preference: 188
end time: 1741056660712
Time: 1 ms
--------------------------------------------------
received prefix: 10.0.0.29
start time: 1741056660714
local preference: 192
end time: 1741056660715
Time: 1 ms
--------------------------------------------------
received prefix: 10.0.0.29
start time: 1741056660718
local preference: 188
end time: 1741056660719
Time: 1 ms
--------------------------------------------------
received prefix: 10.0.0.29
start time: 1741056660724
local preference: 192
end time: 1741056660728
Time: 4 ms
--------------------------------------------------
received prefix: 10.0.0.30
start time: 1741056661184
local preference: 204
end time: 1741056661184
Time: 0 ms
--------------------------------------------------
received prefix: 10.0.0.30
start time: 1741056661203
local preference: 208
end time: 1741056661204
Time: 1 ms
--------------------------------------------------
received prefix: 10.0.0.30
start time: 1741056661213
local preference: 204
end time: 1741056661214
Time: 1 ms
--------------------------------------------------
received prefix: 10.0.0.30
start time: 1741056661219
local preference: 208
end time: 1741056661220
Time: 1 ms
--------------------------------------------------
received prefix: 10.0.0.30
start time: 1741056661223
local preference: 202
end time: 1741056661224
Time: 1 ms
--------------------------------------------------
received prefix: 10.0.0.30
start time: 1741056661234
local preference: 206
end time: 1741056661236
Time: 2 ms
--------------------------------------------------
received prefix: 10.0.0.30
start time: 1741056661240
local preference: 205
end time: 1741056661241
Time: 1 ms
--------------------------------------------------
received prefix: 10.0.0.30
start time: 1741056661244
local preference: 208
end time: 1741056661245
Time: 1 ms
--------------------------------------------------
received prefix: 10.0.0.30
start time: 1741056661274
local preference: 204
end time: 1741056661274
Time: 0 ms
--------------------------------------------------
received prefix: 10.0.0.30
start time: 1741056661277
local preference: 208
end time: 1741056661278
Time: 1 ms
--------------------------------------------------
received prefix: 10.0.0.31
start time: 1741056661473
local preference: 204
end time: 1741056661475
Time: 2 ms
--------------------------------------------------
received prefix: 10.0.0.31
start time: 1741056661709
local preference: 208
end time: 1741056661711
Time: 2 ms
--------------------------------------------------
received prefix: 10.0.0.31
start time: 1741056661735
local preference: 204
end time: 1741056661737
Time: 2 ms
--------------------------------------------------
received prefix: 10.0.0.31
start time: 1741056661741
local preference: 208
end time: 1741056661742
Time: 1 ms
--------------------------------------------------
received prefix: 10.0.0.31
start time: 1741056661745
local preference: 202
end time: 1741056661746
Time: 1 ms
--------------------------------------------------
received prefix: 10.0.0.31
start time: 1741056661748
local preference: 206
end time: 1741056661749
Time: 1 ms
--------------------------------------------------
received prefix: 10.0.0.31
start time: 1741056661752
local preference: 205
end time: 1741056661754
Time: 2 ms
--------------------------------------------------
received prefix: 10.0.0.31
start time: 1741056661764
local preference: 208
end time: 1741056661766
Time: 2 ms
--------------------------------------------------
received prefix: 10.0.0.31
start time: 1741056661771
local preference: 204
end time: 1741056661772
Time: 1 ms
--------------------------------------------------
received prefix: 10.0.0.31
start time: 1741056661780
local preference: 208
end time: 1741056661780
Time: 0 ms
--------------------------------------------------
received prefix: 10.0.0.8
start time: 1741056668024
local preference: 204
end time: 1741056668028
Time: 4 ms
--------------------------------------------------
received prefix: 10.0.0.8
start time: 1741056668037
local preference: 204
end time: 1741056668039
Time: 2 ms
--------------------------------------------------
received prefix: 10.0.0.8
start time: 1741056668045
local preference: 204
end time: 1741056668046
Time: 1 ms
--------------------------------------------------
received prefix: 10.0.0.8
start time: 1741056668048
local preference: 202
end time: 1741056668049
Time: 1 ms
--------------------------------------------------
received prefix: 10.0.0.8
start time: 1741056668054
local preference: 204
end time: 1741056668057
Time: 3 ms
--------------------------------------------------
received prefix: 10.0.0.7
start time: 1741056668188
local preference: 219
end time: 1741056668188
Time: 0 ms
--------------------------------------------------
received prefix: 10.0.0.7
start time: 1741056668193
local preference: 220
end time: 1741056668194
Time: 1 ms
--------------------------------------------------
received prefix: 10.0.0.7
start time: 1741056668211
local preference: 219
end time: 1741056668212
Time: 1 ms
--------------------------------------------------
received prefix: 10.0.0.7
start time: 1741056668218
local preference: 217
end time: 1741056668219
Time: 1 ms
--------------------------------------------------
received prefix: 10.0.0.7
start time: 1741056668230
local preference: 220
end time: 1741056668231
Time: 1 ms
--------------------------------------------------
received prefix: 10.0.0.9
start time: 1741056683839
local preference: 220
end time: 1741056683841
Time: 2 ms
--------------------------------------------------
received prefix: 10.0.0.10
start time: 1741056683949
local preference: 218
end time: 1741056683949
Time: 0 ms
--------------------------------------------------
received prefix: 10.0.0.11
start time: 1741056684113
local preference: 203
end time: 1741056684114
Time: 1 ms
--------------------------------------------------
received prefix: 10.0.0.12
start time: 1741056684410
local preference: 212
end time: 1741056684410
Time: 0 ms
--------------------------------------------------
received prefix: 10.0.0.32
start time: 1741056686316
local preference: 204
end time: 1741056686316
Time: 0 ms
--------------------------------------------------
received prefix: 10.0.0.26
start time: 1741056687797
local preference: 178
end time: 1741056687798
Time: 1 ms
--------------------------------------------------
received prefix: 10.0.0.25
start time: 1741056688780
local preference: 178
end time: 1741056688781
Time: 1 ms
--------------------------------------------------
received prefix: 10.0.0.21
start time: 1741056689734
local preference: 212
end time: 1741056689734
Time: 0 ms
--------------------------------------------------
received prefix: 10.0.0.22
start time: 1741056691117
local preference: 205
end time: 1741056691118
Time: 1 ms
--------------------------------------------------
received prefix: 10.0.0.20
start time: 1741056692244
local preference: 201
end time: 1741056692245
Time: 1 ms
--------------------------------------------------
received prefix: 10.0.0.13
start time: 1741056693025
local preference: 214
end time: 1741056693027
Time: 2 ms
--------------------------------------------------
received prefix: 10.0.0.14
start time: 1741056694385
local preference: 206
end time: 1741056694386
Time: 1 ms
--------------------------------------------------
received prefix: 10.0.0.15
start time: 1741056695455
local preference: 204
end time: 1741056695456
Time: 1 ms
--------------------------------------------------
received prefix: 10.0.0.16
start time: 1741056697119
local preference: 215
end time: 1741056697120
Time: 1 ms
--------------------------------------------------
received prefix: 10.0.0.17
start time: 1741056698753
local preference: 209
end time: 1741056698754
Time: 1 ms
--------------------------------------------------
received prefix: 10.0.0.18
start time: 1741056699752
local preference: 223
end time: 1741056699753
Time: 1 ms
--------------------------------------------------
received prefix: 10.0.0.19
start time: 1741056700798
local preference: 219
end time: 1741056700798
Time: 0 ms
--------------------------------------------------
received prefix: 10.0.0.23
start time: 1741056701764
local preference: 224
end time: 1741056701765
Time: 1 ms
--------------------------------------------------
received prefix: 10.0.0.24
start time: 1741056703413
local preference: 225
end time: 1741056703414
Time: 1 ms
--------------------------------------------------
received prefix: 10.0.0.27
start time: 1741056705089
local preference: 179
end time: 1741056705090
Time: 1 ms
--------------------------------------------------
received prefix: 10.0.0.28
start time: 1741056706152
local preference: 187
end time: 1741056706153
Time: 1 ms
--------------------------------------------------
received prefix: 10.0.0.29
start time: 1741056707588
local preference: 188
end time: 1741056707589
Time: 1 ms
--------------------------------------------------
received prefix: 10.0.0.30
start time: 1741056708800
local preference: 204
end time: 1741056708802
Time: 2 ms
--------------------------------------------------
received prefix: 10.0.0.31
start time: 1741056709768
local preference: 204
end time: 1741056709771
Time: 3 ms
--------------------------------------------------
received prefix: 10.0.0.6
start time: 1741056756789
local preference: 223
end time: 1741056756789
Time: 0 ms
--------------------------------------------------
received prefix: 10.0.0.4
start time: 1741056757269
local preference: 172
end time: 1741056757271
Time: 2 ms
--------------------------------------------------
received prefix: 10.0.0.5
start time: 1741056757775
local preference: 207
end time: 1741056757776
Time: 1 ms
--------------------------------------------------
received prefix: 10.0.0.12
start time: 1741056757950
local preference: 219
end time: 1741056757951
Time: 1 ms
--------------------------------------------------
received prefix: 10.0.0.7
start time: 1741056761126
local preference: 220
end time: 1741056761131
Time: 5 ms
--------------------------------------------------
received prefix: 10.0.0.7
start time: 1741056761150
local preference: 220
end time: 1741056761151
Time: 1 ms
--------------------------------------------------
received prefix: 10.0.0.7
start time: 1741056761154
local preference: 218
end time: 1741056761155
Time: 1 ms
--------------------------------------------------
received prefix: 10.0.0.7
start time: 1741056761162
local preference: 220
end time: 1741056761165
Time: 3 ms
--------------------------------------------------
received prefix: 10.0.0.7
start time: 1741056761185
local preference: 220
end time: 1741056761187
Time: 2 ms
--------------------------------------------------
received prefix: 10.0.0.8
start time: 1741056761219
local preference: 205
end time: 1741056761220
Time: 1 ms
--------------------------------------------------
received prefix: 10.0.0.8
start time: 1741056761223
local preference: 204
end time: 1741056761226
Time: 3 ms
--------------------------------------------------
received prefix: 10.0.0.8
start time: 1741056761253
local preference: 202
end time: 1741056761255
Time: 2 ms
--------------------------------------------------
received prefix: 10.0.0.8
start time: 1741056761258
local preference: 205
end time: 1741056761259
Time: 1 ms
--------------------------------------------------
received prefix: 10.0.0.8
start time: 1741056761264
local preference: 204
end time: 1741056761265
Time: 1 ms
--------------------------------------------------
received prefix: 10.0.0.7
start time: 1741056761845
local preference: 220
end time: 1741056761846
Time: 1 ms
--------------------------------------------------
received prefix: 10.0.0.7
start time: 1741056761849
local preference: 220
end time: 1741056761852
Time: 3 ms
--------------------------------------------------
received prefix: 10.0.0.7
start time: 1741056761856
local preference: 218
end time: 1741056761857
Time: 1 ms
--------------------------------------------------
received prefix: 10.0.0.7
start time: 1741056761859
local preference: 220
end time: 1741056761863
Time: 4 ms
--------------------------------------------------
received prefix: 10.0.0.7
start time: 1741056761867
local preference: 220
end time: 1741056761868
Time: 1 ms
--------------------------------------------------
received prefix: 10.0.0.8
start time: 1741056761915
local preference: 204
end time: 1741056761916
Time: 1 ms
--------------------------------------------------
received prefix: 10.0.0.8
start time: 1741056761918
local preference: 204
end time: 1741056761919
Time: 1 ms
--------------------------------------------------
received prefix: 10.0.0.8
start time: 1741056761921
local preference: 202
end time: 1741056761921
Time: 0 ms
--------------------------------------------------
received prefix: 10.0.0.8
start time: 1741056761926
local preference: 205
end time: 1741056761931
Time: 5 ms
--------------------------------------------------
received prefix: 10.0.0.8
start time: 1741056761938
local preference: 204
end time: 1741056761939
Time: 1 ms
--------------------------------------------------
received prefix: 10.0.0.7
start time: 1741056762314
local preference: 220
end time: 1741056762315
Time: 1 ms
--------------------------------------------------
received prefix: 10.0.0.7
start time: 1741056762323
local preference: 220
end time: 1741056762324
Time: 1 ms
--------------------------------------------------
received prefix: 10.0.0.7
start time: 1741056762332
local preference: 218
end time: 1741056762334
Time: 2 ms
--------------------------------------------------
received prefix: 10.0.0.7
start time: 1741056762344
local preference: 220
end time: 1741056762345
Time: 1 ms
--------------------------------------------------
received prefix: 10.0.0.7
start time: 1741056762349
local preference: 220
end time: 1741056762350
Time: 1 ms
--------------------------------------------------
received prefix: 10.0.0.8
start time: 1741056762579
local preference: 204
end time: 1741056762580
Time: 1 ms
--------------------------------------------------
received prefix: 10.0.0.8
start time: 1741056762586
local preference: 205
end time: 1741056762586
Time: 0 ms
--------------------------------------------------
received prefix: 10.0.0.8
start time: 1741056762590
local preference: 202
end time: 1741056762591
Time: 1 ms
--------------------------------------------------
received prefix: 10.0.0.8
start time: 1741056762605
local preference: 205
end time: 1741056762606
Time: 1 ms
--------------------------------------------------
received prefix: 10.0.0.8
start time: 1741056762617
local preference: 204
end time: 1741056762619
Time: 2 ms
--------------------------------------------------
received prefix: 10.0.0.12
start time: 1741056762890
local preference: 211
end time: 1741056762892
Time: 2 ms
--------------------------------------------------
received prefix: 10.0.0.12
start time: 1741056762897
local preference: 215
end time: 1741056762899
Time: 2 ms
--------------------------------------------------
received prefix: 10.0.0.12
start time: 1741056762903
local preference: 211
end time: 1741056762904
Time: 1 ms
--------------------------------------------------
received prefix: 10.0.0.12
start time: 1741056762937
local preference: 215
end time: 1741056762938
Time: 1 ms
--------------------------------------------------
received prefix: 10.0.0.12
start time: 1741056762950
local preference: 209
end time: 1741056762951
Time: 1 ms
--------------------------------------------------
received prefix: 10.0.0.12
start time: 1741056762954
local preference: 213
end time: 1741056762955
Time: 1 ms
--------------------------------------------------
received prefix: 10.0.0.12
start time: 1741056762958
local preference: 211
end time: 1741056762959
Time: 1 ms
--------------------------------------------------
received prefix: 10.0.0.12
start time: 1741056762965
local preference: 215
end time: 1741056762965
Time: 0 ms
--------------------------------------------------
received prefix: 10.0.0.12
start time: 1741056762974
local preference: 211
end time: 1741056762975
Time: 1 ms
--------------------------------------------------
received prefix: 10.0.0.7
start time: 1741056763244
local preference: 220
end time: 1741056763245
Time: 1 ms
--------------------------------------------------
received prefix: 10.0.0.7
start time: 1741056763247
local preference: 220
end time: 1741056763248
Time: 1 ms
--------------------------------------------------
received prefix: 10.0.0.7
start time: 1741056763261
local preference: 220
end time: 1741056763264
Time: 3 ms
--------------------------------------------------
received prefix: 10.0.0.7
start time: 1741056763269
local preference: 220
end time: 1741056763270
Time: 1 ms
--------------------------------------------------
received prefix: 10.0.0.7
start time: 1741056763287
local preference: 220
end time: 1741056763289
Time: 2 ms
--------------------------------------------------
received prefix: 10.0.0.8
start time: 1741056763324
local preference: 204
end time: 1741056763325
Time: 1 ms
--------------------------------------------------
received prefix: 10.0.0.8
start time: 1741056763329
local preference: 205
end time: 1741056763334
Time: 5 ms
--------------------------------------------------
received prefix: 10.0.0.8
start time: 1741056763356
local preference: 204
end time: 1741056763361
Time: 5 ms
--------------------------------------------------
received prefix: 10.0.0.8
start time: 1741056763378
local preference: 205
end time: 1741056763379
Time: 1 ms
--------------------------------------------------
received prefix: 10.0.0.8
start time: 1741056763387
local preference: 204
end time: 1741056763388
Time: 1 ms
--------------------------------------------------
received prefix: 10.0.0.7
start time: 1741056763540
local preference: 220
end time: 1741056763541
Time: 1 ms
--------------------------------------------------
received prefix: 10.0.0.7
start time: 1741056763543
local preference: 220
end time: 1741056763544
Time: 1 ms
--------------------------------------------------
received prefix: 10.0.0.7
start time: 1741056763548
local preference: 220
end time: 1741056763550
Time: 2 ms
--------------------------------------------------
received prefix: 10.0.0.7
start time: 1741056763568
local preference: 218
end time: 1741056763572
Time: 4 ms
--------------------------------------------------
received prefix: 10.0.0.7
start time: 1741056763578
local preference: 220
end time: 1741056763579
Time: 1 ms
--------------------------------------------------
received prefix: 10.0.0.8
start time: 1741056763613
local preference: 204
end time: 1741056763614
Time: 1 ms
--------------------------------------------------
received prefix: 10.0.0.8
start time: 1741056763616
local preference: 205
end time: 1741056763617
Time: 1 ms
--------------------------------------------------
received prefix: 10.0.0.8
start time: 1741056763619
local preference: 204
end time: 1741056763620
Time: 1 ms
--------------------------------------------------
received prefix: 10.0.0.8
start time: 1741056763625
local preference: 202
end time: 1741056763629
Time: 4 ms
--------------------------------------------------
received prefix: 10.0.0.8
start time: 1741056763640
local preference: 204
end time: 1741056763641
Time: 1 ms
--------------------------------------------------
received prefix: 10.0.0.11
start time: 1741056764166
local preference: 203
end time: 1741056764168
Time: 2 ms
--------------------------------------------------
received prefix: 10.0.0.11
start time: 1741056764175
local preference: 203
end time: 1741056764177
Time: 2 ms
--------------------------------------------------
received prefix: 10.0.0.11
start time: 1741056764184
local preference: 203
end time: 1741056764185
Time: 1 ms
--------------------------------------------------
received prefix: 10.0.0.11
start time: 1741056764187
local preference: 201
end time: 1741056764188
Time: 1 ms
--------------------------------------------------
received prefix: 10.0.0.11
start time: 1741056764190
local preference: 203
end time: 1741056764191
Time: 1 ms
--------------------------------------------------
received prefix: 10.0.0.9
start time: 1741056764446
local preference: 220
end time: 1741056764447
Time: 1 ms
--------------------------------------------------
received prefix: 10.0.0.9
start time: 1741056764449
local preference: 220
end time: 1741056764450
Time: 1 ms
--------------------------------------------------
received prefix: 10.0.0.9
start time: 1741056764452
local preference: 220
end time: 1741056764453
Time: 1 ms
--------------------------------------------------
received prefix: 10.0.0.9
start time: 1741056764456
local preference: 217
end time: 1741056764456
Time: 0 ms
--------------------------------------------------
received prefix: 10.0.0.9
start time: 1741056764459
local preference: 220
end time: 1741056764460
Time: 1 ms
--------------------------------------------------
received prefix: 10.0.0.10
start time: 1741056765109
local preference: 217
end time: 1741056765110
Time: 1 ms
--------------------------------------------------
received prefix: 10.0.0.10
start time: 1741056765172
local preference: 217
end time: 1741056765172
Time: 0 ms
--------------------------------------------------
received prefix: 10.0.0.10
start time: 1741056765213
local preference: 217
end time: 1741056765214
Time: 1 ms
--------------------------------------------------
received prefix: 10.0.0.10
start time: 1741056765220
local preference: 215
end time: 1741056765222
Time: 2 ms
--------------------------------------------------
received prefix: 10.0.0.10
start time: 1741056765226
local preference: 218
end time: 1741056765227
Time: 1 ms
--------------------------------------------------
received prefix: 10.0.0.12
start time: 1741056765927
local preference: 211
end time: 1741056765931
Time: 4 ms
--------------------------------------------------
received prefix: 10.0.0.12
start time: 1741056766005
local preference: 211
end time: 1741056766006
Time: 1 ms
--------------------------------------------------
received prefix: 10.0.0.12
start time: 1741056766009
local preference: 211
end time: 1741056766010
Time: 1 ms
--------------------------------------------------
received prefix: 10.0.0.12
start time: 1741056766014
local preference: 209
end time: 1741056766015
Time: 1 ms
--------------------------------------------------
received prefix: 10.0.0.12
start time: 1741056766017
local preference: 211
end time: 1741056766018
Time: 1 ms
--------------------------------------------------
received prefix: 10.0.0.13
start time: 1741056769818
local preference: 214
end time: 1741056769819
Time: 1 ms
--------------------------------------------------
received prefix: 10.0.0.14
start time: 1741056770980
local preference: 205
end time: 1741056770981
Time: 1 ms
--------------------------------------------------
received prefix: 10.0.0.7
start time: 1741056801355
local preference: 223
end time: 1741056801356
Time: 1 ms
--------------------------------------------------
received prefix: 10.0.0.8
start time: 1741056801757
local preference: 208
end time: 1741056801758
Time: 1 ms
--------------------------------------------------
received prefix: 10.0.0.11
start time: 1741056805020
local preference: 203
end time: 1741056805021
Time: 1 ms
--------------------------------------------------
received prefix: 10.0.0.11
start time: 1741056805043
local preference: 203
end time: 1741056805044
Time: 1 ms
--------------------------------------------------
received prefix: 10.0.0.11
start time: 1741056805053
local preference: 201
end time: 1741056805054
Time: 1 ms
--------------------------------------------------
received prefix: 10.0.0.11
start time: 1741056805062
local preference: 204
end time: 1741056805065
Time: 3 ms
--------------------------------------------------
received prefix: 10.0.0.11
start time: 1741056805076
local preference: 203
end time: 1741056805077
Time: 1 ms
--------------------------------------------------
received prefix: 10.0.0.9
start time: 1741056805086
local preference: 220
end time: 1741056805087
Time: 1 ms
--------------------------------------------------
received prefix: 10.0.0.9
start time: 1741056805089
local preference: 220
end time: 1741056805089
Time: 0 ms
--------------------------------------------------
received prefix: 10.0.0.9
start time: 1741056805093
local preference: 218
end time: 1741056805096
Time: 3 ms
--------------------------------------------------
received prefix: 10.0.0.9
start time: 1741056805124
local preference: 220
end time: 1741056805125
Time: 1 ms
--------------------------------------------------
received prefix: 10.0.0.9
start time: 1741056805131
local preference: 220
end time: 1741056805132
Time: 1 ms
--------------------------------------------------
received prefix: 10.0.0.10
start time: 1741056805143
local preference: 218
end time: 1741056805144
Time: 1 ms
--------------------------------------------------
received prefix: 10.0.0.10
start time: 1741056805155
local preference: 218
end time: 1741056805156
Time: 1 ms
--------------------------------------------------
received prefix: 10.0.0.10
start time: 1741056805159
local preference: 216
end time: 1741056805162
Time: 3 ms
--------------------------------------------------
received prefix: 10.0.0.10
start time: 1741056805168
local preference: 218
end time: 1741056805169
Time: 1 ms
--------------------------------------------------
received prefix: 10.0.0.10
start time: 1741056805186
local preference: 218
end time: 1741056805187
Time: 1 ms
--------------------------------------------------
received prefix: 10.0.0.12
start time: 1741056805281
local preference: 211
end time: 1741056805282
Time: 1 ms
--------------------------------------------------
received prefix: 10.0.0.12
start time: 1741056805294
local preference: 211
end time: 1741056805298
Time: 4 ms
--------------------------------------------------
received prefix: 10.0.0.12
start time: 1741056805303
local preference: 209
end time: 1741056805303
Time: 0 ms
--------------------------------------------------
received prefix: 10.0.0.12
start time: 1741056805308
local preference: 212
end time: 1741056805310
Time: 2 ms
--------------------------------------------------
received prefix: 10.0.0.12
start time: 1741056805312
local preference: 211
end time: 1741056805313
Time: 1 ms
--------------------------------------------------
received prefix: 10.0.0.11
start time: 1741056805444
local preference: 203
end time: 1741056805445
Time: 1 ms
--------------------------------------------------
received prefix: 10.0.0.11
start time: 1741056805447
local preference: 203
end time: 1741056805448
Time: 1 ms
--------------------------------------------------
received prefix: 10.0.0.11
start time: 1741056805450
local preference: 201
end time: 1741056805451
Time: 1 ms
--------------------------------------------------
received prefix: 10.0.0.11
start time: 1741056805454
local preference: 204
end time: 1741056805454
Time: 0 ms
--------------------------------------------------
received prefix: 10.0.0.11
start time: 1741056805479
local preference: 203
end time: 1741056805480
Time: 1 ms
--------------------------------------------------
received prefix: 10.0.0.9
start time: 1741056805538
local preference: 220
end time: 1741056805541
Time: 3 ms
--------------------------------------------------
received prefix: 10.0.0.9
start time: 1741056805564
local preference: 220
end time: 1741056805568
Time: 4 ms
--------------------------------------------------
received prefix: 10.0.0.9
start time: 1741056805572
local preference: 218
end time: 1741056805573
Time: 1 ms
--------------------------------------------------
received prefix: 10.0.0.9
start time: 1741056805584
local preference: 220
end time: 1741056805585
Time: 1 ms
--------------------------------------------------
received prefix: 10.0.0.9
start time: 1741056805603
local preference: 220
end time: 1741056805605
Time: 2 ms
--------------------------------------------------
received prefix: 10.0.0.10
start time: 1741056805624
local preference: 218
end time: 1741056805626
Time: 2 ms
--------------------------------------------------
received prefix: 10.0.0.10
start time: 1741056805648
local preference: 218
end time: 1741056805649
Time: 1 ms
--------------------------------------------------
received prefix: 10.0.0.10
start time: 1741056805654
local preference: 216
end time: 1741056805656
Time: 2 ms
--------------------------------------------------
received prefix: 10.0.0.10
start time: 1741056805659
local preference: 218
end time: 1741056805662
Time: 3 ms
--------------------------------------------------
received prefix: 10.0.0.10
start time: 1741056805669
local preference: 218
end time: 1741056805670
Time: 1 ms
--------------------------------------------------
received prefix: 10.0.0.12
start time: 1741056805765
local preference: 211
end time: 1741056805766
Time: 1 ms
--------------------------------------------------
received prefix: 10.0.0.12
start time: 1741056805790
local preference: 211
end time: 1741056805791
Time: 1 ms
--------------------------------------------------
received prefix: 10.0.0.12
start time: 1741056805793
local preference: 209
end time: 1741056805793
Time: 0 ms
--------------------------------------------------
received prefix: 10.0.0.12
start time: 1741056805801
local preference: 212
end time: 1741056805802
Time: 1 ms
--------------------------------------------------
received prefix: 10.0.0.12
start time: 1741056805808
local preference: 211
end time: 1741056805810
Time: 2 ms
--------------------------------------------------
received prefix: 10.0.0.11
start time: 1741056805857
local preference: 203
end time: 1741056805858
Time: 1 ms
--------------------------------------------------
received prefix: 10.0.0.11
start time: 1741056805912
local preference: 203
end time: 1741056805913
Time: 1 ms
--------------------------------------------------
received prefix: 10.0.0.11
start time: 1741056805916
local preference: 201
end time: 1741056805917
Time: 1 ms
--------------------------------------------------
received prefix: 10.0.0.11
start time: 1741056805919
local preference: 204
end time: 1741056805920
Time: 1 ms
--------------------------------------------------
received prefix: 10.0.0.11
start time: 1741056805942
local preference: 203
end time: 1741056805943
Time: 1 ms
--------------------------------------------------
received prefix: 10.0.0.9
start time: 1741056806191
local preference: 220
end time: 1741056806192
Time: 1 ms
--------------------------------------------------
received prefix: 10.0.0.9
start time: 1741056806204
local preference: 220
end time: 1741056806205
Time: 1 ms
--------------------------------------------------
received prefix: 10.0.0.9
start time: 1741056806211
local preference: 218
end time: 1741056806212
Time: 1 ms
--------------------------------------------------
received prefix: 10.0.0.9
start time: 1741056806217
local preference: 220
end time: 1741056806218
Time: 1 ms
--------------------------------------------------
received prefix: 10.0.0.9
start time: 1741056806220
local preference: 220
end time: 1741056806221
Time: 1 ms
--------------------------------------------------
received prefix: 10.0.0.10
start time: 1741056806466
local preference: 218
end time: 1741056806467
Time: 1 ms
--------------------------------------------------
received prefix: 10.0.0.10
start time: 1741056806469
local preference: 218
end time: 1741056806473
Time: 4 ms
--------------------------------------------------
received prefix: 10.0.0.10
start time: 1741056806478
local preference: 216
end time: 1741056806479
Time: 1 ms
--------------------------------------------------
received prefix: 10.0.0.10
start time: 1741056806486
local preference: 218
end time: 1741056806487
Time: 1 ms
--------------------------------------------------
received prefix: 10.0.0.10
start time: 1741056806509
local preference: 218
end time: 1741056806511
Time: 2 ms
--------------------------------------------------
received prefix: 10.0.0.12
start time: 1741056806963
local preference: 211
end time: 1741056806967
Time: 4 ms
--------------------------------------------------
received prefix: 10.0.0.12
start time: 1741056806998
local preference: 211
end time: 1741056807000
Time: 2 ms
--------------------------------------------------
received prefix: 10.0.0.12
start time: 1741056807008
local preference: 209
end time: 1741056807008
Time: 0 ms
--------------------------------------------------
received prefix: 10.0.0.12
start time: 1741056807032
local preference: 212
end time: 1741056807036
Time: 4 ms
--------------------------------------------------
received prefix: 10.0.0.12
start time: 1741056807049
local preference: 211
end time: 1741056807049
Time: 0 ms
--------------------------------------------------
received prefix: 10.0.0.11
start time: 1741056807383
local preference: 203
end time: 1741056807384
Time: 1 ms
--------------------------------------------------
received prefix: 10.0.0.11
start time: 1741056807396
local preference: 203
end time: 1741056807396
Time: 0 ms
--------------------------------------------------
received prefix: 10.0.0.11
start time: 1741056807404
local preference: 203
end time: 1741056807409
Time: 5 ms
--------------------------------------------------
received prefix: 10.0.0.11
start time: 1741056807416
local preference: 204
end time: 1741056807417
Time: 1 ms
--------------------------------------------------
received prefix: 10.0.0.11
start time: 1741056807421
local preference: 203
end time: 1741056807422
Time: 1 ms
--------------------------------------------------
received prefix: 10.0.0.9
start time: 1741056807507
local preference: 220
end time: 1741056807508
Time: 1 ms
--------------------------------------------------
received prefix: 10.0.0.9
start time: 1741056807510
local preference: 220
end time: 1741056807511
Time: 1 ms
--------------------------------------------------
received prefix: 10.0.0.9
start time: 1741056807514
local preference: 220
end time: 1741056807515
Time: 1 ms
--------------------------------------------------
received prefix: 10.0.0.9
start time: 1741056807517
local preference: 220
end time: 1741056807517
Time: 0 ms
--------------------------------------------------
received prefix: 10.0.0.9
start time: 1741056807520
local preference: 220
end time: 1741056807521
Time: 1 ms
--------------------------------------------------
received prefix: 10.0.0.10
start time: 1741056807577
local preference: 218
end time: 1741056807577
Time: 0 ms
--------------------------------------------------
received prefix: 10.0.0.10
start time: 1741056807580
local preference: 218
end time: 1741056807581
Time: 1 ms
--------------------------------------------------
received prefix: 10.0.0.10
start time: 1741056807583
local preference: 218
end time: 1741056807584
Time: 1 ms
--------------------------------------------------
received prefix: 10.0.0.10
start time: 1741056807587
local preference: 218
end time: 1741056807587
Time: 0 ms
--------------------------------------------------
received prefix: 10.0.0.10
start time: 1741056807590
local preference: 218
end time: 1741056807592
Time: 2 ms
--------------------------------------------------
received prefix: 10.0.0.12
start time: 1741056807734
local preference: 211
end time: 1741056807737
Time: 3 ms
--------------------------------------------------
received prefix: 10.0.0.12
start time: 1741056807747
local preference: 211
end time: 1741056807748
Time: 1 ms
--------------------------------------------------
received prefix: 10.0.0.12
start time: 1741056807757
local preference: 211
end time: 1741056807759
Time: 2 ms
--------------------------------------------------
received prefix: 10.0.0.12
start time: 1741056807780
local preference: 212
end time: 1741056807782
Time: 2 ms
--------------------------------------------------
received prefix: 10.0.0.12
start time: 1741056807785
local preference: 211
end time: 1741056807786
Time: 1 ms
--------------------------------------------------
received prefix: 10.0.0.11
start time: 1741056807859
local preference: 203
end time: 1741056807859
Time: 0 ms
--------------------------------------------------
received prefix: 10.0.0.11
start time: 1741056807867
local preference: 203
end time: 1741056807869
Time: 2 ms
--------------------------------------------------
received prefix: 10.0.0.11
start time: 1741056807875
local preference: 203
end time: 1741056807875
Time: 0 ms
--------------------------------------------------
received prefix: 10.0.0.11
start time: 1741056807900
local preference: 201
end time: 1741056807901
Time: 1 ms
--------------------------------------------------
received prefix: 10.0.0.11
start time: 1741056807916
local preference: 203
end time: 1741056807917
Time: 1 ms
--------------------------------------------------
received prefix: 10.0.0.9
start time: 1741056807932
local preference: 220
end time: 1741056807933
Time: 1 ms
--------------------------------------------------
received prefix: 10.0.0.9
start time: 1741056807953
local preference: 220
end time: 1741056807954
Time: 1 ms
--------------------------------------------------
received prefix: 10.0.0.9
start time: 1741056807956
local preference: 220
end time: 1741056807957
Time: 1 ms
--------------------------------------------------
received prefix: 10.0.0.9
start time: 1741056807961
local preference: 218
end time: 1741056807963
Time: 2 ms
--------------------------------------------------
received prefix: 10.0.0.9
start time: 1741056807983
local preference: 220
end time: 1741056807984
Time: 1 ms
--------------------------------------------------
received prefix: 10.0.0.10
start time: 1741056808023
local preference: 218
end time: 1741056808024
Time: 1 ms
--------------------------------------------------
received prefix: 10.0.0.10
start time: 1741056808040
local preference: 218
end time: 1741056808041
Time: 1 ms
--------------------------------------------------
received prefix: 10.0.0.10
start time: 1741056808044
local preference: 218
end time: 1741056808045
Time: 1 ms
--------------------------------------------------
received prefix: 10.0.0.10
start time: 1741056808075
local preference: 216
end time: 1741056808078
Time: 3 ms
--------------------------------------------------
received prefix: 10.0.0.10
start time: 1741056808089
local preference: 218
end time: 1741056808090
Time: 1 ms
--------------------------------------------------
received prefix: 10.0.0.12
start time: 1741056808118
local preference: 211
end time: 1741056808119
Time: 1 ms
--------------------------------------------------
received prefix: 10.0.0.12
start time: 1741056808126
local preference: 211
end time: 1741056808130
Time: 4 ms
--------------------------------------------------
received prefix: 10.0.0.12
start time: 1741056808140
local preference: 211
end time: 1741056808141
Time: 1 ms
--------------------------------------------------
received prefix: 10.0.0.12
start time: 1741056808144
local preference: 209
end time: 1741056808147
Time: 3 ms
--------------------------------------------------
received prefix: 10.0.0.12
start time: 1741056808212
local preference: 211
end time: 1741056808213
Time: 1 ms
--------------------------------------------------
received prefix: 10.0.0.13
start time: 1741056808231
local preference: 214
end time: 1741056808235
Time: 4 ms
--------------------------------------------------
received prefix: 10.0.0.13
start time: 1741056808238
local preference: 214
end time: 1741056808239
Time: 1 ms
--------------------------------------------------
received prefix: 10.0.0.13
start time: 1741056808242
local preference: 214
end time: 1741056808243
Time: 1 ms
--------------------------------------------------
received prefix: 10.0.0.13
start time: 1741056808248
local preference: 211
end time: 1741056808249
Time: 1 ms
--------------------------------------------------
received prefix: 10.0.0.13
start time: 1741056808251
local preference: 214
end time: 1741056808253
Time: 2 ms
--------------------------------------------------
received prefix: 10.0.0.14
start time: 1741056808505
local preference: 205
end time: 1741056808506
Time: 1 ms
--------------------------------------------------
received prefix: 10.0.0.14
start time: 1741056808510
local preference: 205
end time: 1741056808512
Time: 2 ms
--------------------------------------------------
received prefix: 10.0.0.14
start time: 1741056808533
local preference: 205
end time: 1741056808538
Time: 5 ms
--------------------------------------------------
received prefix: 10.0.0.14
start time: 1741056808552
local preference: 203
end time: 1741056808553
Time: 1 ms
--------------------------------------------------
received prefix: 10.0.0.14
start time: 1741056808555
local preference: 206
end time: 1741056808556
Time: 1 ms
--------------------------------------------------
received prefix: 10.0.0.20
start time: 1741056812135
local preference: 200
end time: 1741056812136
Time: 1 ms
--------------------------------------------------
received prefix: 10.0.0.15
start time: 1741056812599
local preference: 204
end time: 1741056812603
Time: 4 ms
--------------------------------------------------
received prefix: 10.0.0.16
start time: 1741056813189
local preference: 216
end time: 1741056813190
Time: 1 ms
--------------------------------------------------
received prefix: 10.0.0.17
start time: 1741056813769
local preference: 209
end time: 1741056813770
Time: 1 ms
--------------------------------------------------
received prefix: 10.0.0.18
start time: 1741056814259
local preference: 223
end time: 1741056814262
Time: 3 ms
--------------------------------------------------
received prefix: 10.0.0.19
start time: 1741056814892
local preference: 219
end time: 1741056814895
Time: 3 ms
--------------------------------------------------
received prefix: 10.0.0.11
start time: 1741056844067
local preference: 207
end time: 1741056844068
Time: 1 ms
--------------------------------------------------
received prefix: 10.0.0.9
start time: 1741056844584
local preference: 224
end time: 1741056844584
Time: 0 ms
--------------------------------------------------
received prefix: 10.0.0.10
start time: 1741056845052
local preference: 221
end time: 1741056845053
Time: 1 ms
--------------------------------------------------
received prefix: 10.0.0.12
start time: 1741056845626
local preference: 215
end time: 1741056845630
Time: 4 ms
--------------------------------------------------
received prefix: 10.0.0.20
start time: 1741056849857
local preference: 200
end time: 1741056849858
Time: 1 ms
--------------------------------------------------
received prefix: 10.0.0.20
start time: 1741056849875
local preference: 200
end time: 1741056849876
Time: 1 ms
--------------------------------------------------
received prefix: 10.0.0.20
start time: 1741056849878
local preference: 200
end time: 1741056849879
Time: 1 ms
--------------------------------------------------
received prefix: 10.0.0.20
start time: 1741056849899
local preference: 198
end time: 1741056849902
Time: 3 ms
--------------------------------------------------
received prefix: 10.0.0.20
start time: 1741056849921
local preference: 200
end time: 1741056849921
Time: 0 ms
--------------------------------------------------
received prefix: 10.0.0.15
start time: 1741056850183
local preference: 204
end time: 1741056850185
Time: 2 ms
--------------------------------------------------
received prefix: 10.0.0.15
start time: 1741056850193
local preference: 204
end time: 1741056850195
Time: 2 ms
--------------------------------------------------
received prefix: 10.0.0.15
start time: 1741056850207
local preference: 204
end time: 1741056850208
Time: 1 ms
--------------------------------------------------
received prefix: 10.0.0.15
start time: 1741056850223
local preference: 201
end time: 1741056850224
Time: 1 ms
--------------------------------------------------
received prefix: 10.0.0.15
start time: 1741056850238
local preference: 204
end time: 1741056850239
Time: 1 ms
--------------------------------------------------
received prefix: 10.0.0.16
start time: 1741056850427
local preference: 218
end time: 1741056850427
Time: 0 ms
--------------------------------------------------
received prefix: 10.0.0.16
start time: 1741056850434
local preference: 218
end time: 1741056850435
Time: 1 ms
--------------------------------------------------
received prefix: 10.0.0.16
start time: 1741056850449
local preference: 217
end time: 1741056850450
Time: 1 ms
--------------------------------------------------
received prefix: 10.0.0.16
start time: 1741056850452
local preference: 232
end time: 1741056850452
Time: 0 ms
--------------------------------------------------
received prefix: 10.0.0.16
start time: 1741056850456
local preference: 216
end time: 1741056850457
Time: 1 ms
--------------------------------------------------
received prefix: 10.0.0.17
start time: 1741056850692
local preference: 208
end time: 1741056850693
Time: 1 ms
--------------------------------------------------
received prefix: 10.0.0.17
start time: 1741056850714
local preference: 209
end time: 1741056850715
Time: 1 ms
--------------------------------------------------
received prefix: 10.0.0.17
start time: 1741056850726
local preference: 208
end time: 1741056850727
Time: 1 ms
--------------------------------------------------
received prefix: 10.0.0.17
start time: 1741056850737
local preference: 206
end time: 1741056850739
Time: 2 ms
--------------------------------------------------
received prefix: 10.0.0.17
start time: 1741056850745
local preference: 209
end time: 1741056850745
Time: 0 ms
--------------------------------------------------
received prefix: 10.0.0.18
start time: 1741056850896
local preference: 223
end time: 1741056850897
Time: 1 ms
--------------------------------------------------
received prefix: 10.0.0.18
start time: 1741056850936
local preference: 223
end time: 1741056850937
Time: 1 ms
--------------------------------------------------
received prefix: 10.0.0.18
start time: 1741056850950
local preference: 223
end time: 1741056850952
Time: 2 ms
--------------------------------------------------
received prefix: 10.0.0.18
start time: 1741056850956
local preference: 221
end time: 1741056850957
Time: 1 ms
--------------------------------------------------
received prefix: 10.0.0.18
start time: 1741056850959
local preference: 223
end time: 1741056850963
Time: 4 ms
--------------------------------------------------
received prefix: 10.0.0.19
start time: 1741056851158
local preference: 219
end time: 1741056851159
Time: 1 ms
--------------------------------------------------
received prefix: 10.0.0.19
start time: 1741056851164
local preference: 219
end time: 1741056851165
Time: 1 ms
--------------------------------------------------
received prefix: 10.0.0.19
start time: 1741056851183
local preference: 219
end time: 1741056851184
Time: 1 ms
--------------------------------------------------
received prefix: 10.0.0.19
start time: 1741056851187
local preference: 216
end time: 1741056851188
Time: 1 ms
--------------------------------------------------
received prefix: 10.0.0.19
start time: 1741056851196
local preference: 219
end time: 1741056851199
Time: 3 ms
--------------------------------------------------
received prefix: 10.0.0.21
start time: 1741056852112
local preference: 212
end time: 1741056852114
Time: 2 ms
--------------------------------------------------
received prefix: 10.0.0.22
start time: 1741056852253
local preference: 204
end time: 1741056852254
Time: 1 ms
--------------------------------------------------
received prefix: 10.0.0.25
start time: 1741056870129
local preference: 177
end time: 1741056870130
Time: 1 ms
--------------------------------------------------
received prefix: 10.0.0.16
start time: 1741056874708
local preference: 168
end time: 1741056874711
Time: 3 ms
--------------------------------------------------
received prefix: 10.0.0.18
start time: 1741056875251
local preference: 227
end time: 1741056875252
Time: 1 ms
--------------------------------------------------
received prefix: 10.0.0.19
start time: 1741056875709
local preference: 223
end time: 1741056875712
Time: 3 ms
--------------------------------------------------
received prefix: 10.0.0.27
start time: 1741056888158
local preference: 179
end time: 1741056888158
Time: 0 ms
--------------------------------------------------
received prefix: 10.0.0.1
start time: 1741057315864
local preference: 209
end time: 1741057315874
Time: 10 ms
--------------------------------------------------
received prefix: 10.0.0.1
start time: 1741057315882
local preference: 209
end time: 1741057315883
Time: 1 ms
--------------------------------------------------
received prefix: 10.0.0.1
start time: 1741057315886
local preference: 209
end time: 1741057315887
Time: 1 ms
--------------------------------------------------
received prefix: 10.0.0.1
start time: 1741057315893
local preference: 209
end time: 1741057315895
Time: 2 ms
--------------------------------------------------
received prefix: 10.0.0.1
start time: 1741057315905
local preference: 206
end time: 1741057315906
Time: 1 ms
--------------------------------------------------
received prefix: 10.0.0.1
start time: 1741057315910
local preference: 206
end time: 1741057315910
Time: 0 ms
--------------------------------------------------
received prefix: 10.0.0.1
start time: 1741057315913
local preference: 209
end time: 1741057315914
Time: 1 ms
--------------------------------------------------
received prefix: 10.0.0.1
start time: 1741057315915
local preference: 209
end time: 1741057315916
Time: 1 ms
--------------------------------------------------
received prefix: 10.0.0.1
start time: 1741057315917
local preference: 209
end time: 1741057315918
Time: 1 ms
--------------------------------------------------
received prefix: 10.0.0.1
start time: 1741057315921
local preference: 209
end time: 1741057315922
Time: 1 ms
--------------------------------------------------
received prefix: 10.0.0.2
start time: 1741057315925
local preference: 212
end time: 1741057315926
Time: 1 ms
--------------------------------------------------
received prefix: 10.0.0.2
start time: 1741057315932
local preference: 212
end time: 1741057315937
Time: 5 ms
--------------------------------------------------
received prefix: 10.0.0.2
start time: 1741057315945
local preference: 212
end time: 1741057315945
Time: 0 ms
--------------------------------------------------
received prefix: 10.0.0.2
start time: 1741057315947
local preference: 212
end time: 1741057315948
Time: 1 ms
--------------------------------------------------
received prefix: 10.0.0.2
start time: 1741057315951
local preference: 210
end time: 1741057315951
Time: 0 ms
--------------------------------------------------
received prefix: 10.0.0.2
start time: 1741057315953
local preference: 210
end time: 1741057315954
Time: 1 ms
--------------------------------------------------
received prefix: 10.0.0.2
start time: 1741057315958
local preference: 212
end time: 1741057315961
Time: 3 ms
--------------------------------------------------
received prefix: 10.0.0.2
start time: 1741057315968
local preference: 212
end time: 1741057315970
Time: 2 ms
--------------------------------------------------
received prefix: 10.0.0.2
start time: 1741057315989
local preference: 212
end time: 1741057315989
Time: 0 ms
--------------------------------------------------
received prefix: 10.0.0.2
start time: 1741057315991
local preference: 212
end time: 1741057315992
Time: 1 ms
--------------------------------------------------
received prefix: 10.0.0.3
start time: 1741057316021
local preference: 198
end time: 1741057316022
Time: 1 ms
--------------------------------------------------
received prefix: 10.0.0.3
start time: 1741057316024
local preference: 198
end time: 1741057316026
Time: 2 ms
--------------------------------------------------
received prefix: 10.0.0.3
start time: 1741057316050
local preference: 198
end time: 1741057316051
Time: 1 ms
--------------------------------------------------
received prefix: 10.0.0.3
start time: 1741057316053
local preference: 198
end time: 1741057316054
Time: 1 ms
--------------------------------------------------
received prefix: 10.0.0.3
start time: 1741057316057
local preference: 196
end time: 1741057316058
Time: 1 ms
--------------------------------------------------
received prefix: 10.0.0.3
start time: 1741057316070
local preference: 196
end time: 1741057316074
Time: 4 ms
--------------------------------------------------
received prefix: 10.0.0.3
start time: 1741057316080
local preference: 198
end time: 1741057316081
Time: 1 ms
--------------------------------------------------
received prefix: 10.0.0.3
start time: 1741057316083
local preference: 198
end time: 1741057316084
Time: 1 ms
--------------------------------------------------
received prefix: 10.0.0.3
start time: 1741057316095
local preference: 198
end time: 1741057316099
Time: 4 ms
--------------------------------------------------
received prefix: 10.0.0.3
start time: 1741057316121
local preference: 198
end time: 1741057316121
Time: 0 ms
--------------------------------------------------
received prefix: 10.0.0.4
start time: 1741057316538
local preference: 172
end time: 1741057316539
Time: 1 ms
--------------------------------------------------
received prefix: 10.0.0.4
start time: 1741057316546
local preference: 172
end time: 1741057316546
Time: 0 ms
--------------------------------------------------
received prefix: 10.0.0.4
start time: 1741057316555
local preference: 172
end time: 1741057316556
Time: 1 ms
--------------------------------------------------
received prefix: 10.0.0.4
start time: 1741057316587
local preference: 172
end time: 1741057316589
Time: 2 ms
--------------------------------------------------
received prefix: 10.0.0.4
start time: 1741057316605
local preference: 172
end time: 1741057316606
Time: 1 ms
--------------------------------------------------
received prefix: 10.0.0.4
start time: 1741057316613
local preference: 172
end time: 1741057316614
Time: 1 ms
--------------------------------------------------
received prefix: 10.0.0.4
start time: 1741057316630
local preference: 172
end time: 1741057316631
Time: 1 ms
--------------------------------------------------
received prefix: 10.0.0.4
start time: 1741057316639
local preference: 172
end time: 1741057316641
Time: 2 ms
--------------------------------------------------
received prefix: 10.0.0.4
start time: 1741057316645
local preference: 172
end time: 1741057316646
Time: 1 ms
--------------------------------------------------
received prefix: 10.0.0.4
start time: 1741057316678
local preference: 172
end time: 1741057316681
Time: 3 ms
--------------------------------------------------
received prefix: 10.0.0.5
start time: 1741057316723
local preference: 203
end time: 1741057316724
Time: 1 ms
--------------------------------------------------
received prefix: 10.0.0.5
start time: 1741057316747
local preference: 203
end time: 1741057316748
Time: 1 ms
--------------------------------------------------
received prefix: 10.0.0.5
start time: 1741057316753
local preference: 203
end time: 1741057316754
Time: 1 ms
--------------------------------------------------
received prefix: 10.0.0.5
start time: 1741057316757
local preference: 203
end time: 1741057316757
Time: 0 ms
--------------------------------------------------
received prefix: 10.0.0.5
start time: 1741057316779
local preference: 203
end time: 1741057316780
Time: 1 ms
--------------------------------------------------
received prefix: 10.0.0.5
start time: 1741057316783
local preference: 203
end time: 1741057316784
Time: 1 ms
--------------------------------------------------
received prefix: 10.0.0.5
start time: 1741057316794
local preference: 201
end time: 1741057316798
Time: 4 ms
--------------------------------------------------
received prefix: 10.0.0.5
start time: 1741057316822
local preference: 201
end time: 1741057316823
Time: 1 ms
--------------------------------------------------
received prefix: 10.0.0.5
start time: 1741057316828
local preference: 203
end time: 1741057316829
Time: 1 ms
--------------------------------------------------
received prefix: 10.0.0.5
start time: 1741057316836
local preference: 203
end time: 1741057316839
Time: 3 ms
--------------------------------------------------
received prefix: 10.0.0.6
start time: 1741057316901
local preference: 220
end time: 1741057316905
Time: 4 ms
--------------------------------------------------
received prefix: 10.0.0.6
start time: 1741057316909
local preference: 220
end time: 1741057316910
Time: 1 ms
--------------------------------------------------
received prefix: 10.0.0.6
start time: 1741057316914
local preference: 220
end time: 1741057316916
Time: 2 ms
--------------------------------------------------
received prefix: 10.0.0.6
start time: 1741057316942
local preference: 220
end time: 1741057316943
Time: 1 ms
--------------------------------------------------
received prefix: 10.0.0.6
start time: 1741057316952
local preference: 220
end time: 1741057316953
Time: 1 ms
--------------------------------------------------
received prefix: 10.0.0.6
start time: 1741057316955
local preference: 220
end time: 1741057316956
Time: 1 ms
--------------------------------------------------
received prefix: 10.0.0.6
start time: 1741057316959
local preference: 217
end time: 1741057316960
Time: 1 ms
--------------------------------------------------
received prefix: 10.0.0.6
start time: 1741057316979
local preference: 217
end time: 1741057316980
Time: 1 ms
--------------------------------------------------
received prefix: 10.0.0.6
start time: 1741057316984
local preference: 220
end time: 1741057316985
Time: 1 ms
--------------------------------------------------
received prefix: 10.0.0.6
start time: 1741057316987
local preference: 220
end time: 1741057316987
Time: 0 ms
--------------------------------------------------
received prefix: 10.0.0.8
start time: 1741057319291
local preference: 204
end time: 1741057319293
Time: 2 ms
--------------------------------------------------
received prefix: 10.0.0.6
start time: 1741057320062
local preference: 220
end time: 1741057320063
Time: 1 ms
--------------------------------------------------
received prefix: 10.0.0.1
start time: 1741057320961
local preference: 208
end time: 1741057320962
Time: 1 ms
--------------------------------------------------
received prefix: 10.0.0.2
start time: 1741057321781
local preference: 212
end time: 1741057321782
Time: 1 ms
--------------------------------------------------
received prefix: 10.0.0.3
start time: 1741057322754
local preference: 194
end time: 1741057322755
Time: 1 ms
--------------------------------------------------
received prefix: 10.0.0.4
start time: 1741057323378
local preference: 168
end time: 1741057323379
Time: 1 ms
--------------------------------------------------
received prefix: 10.0.0.5
start time: 1741057324384
local preference: 203
end time: 1741057324385
Time: 1 ms
--------------------------------------------------
received prefix: 10.0.0.7
start time: 1741057324483
local preference: 220
end time: 1741057324484
Time: 1 ms
--------------------------------------------------
received prefix: 10.0.0.32
start time: 1741057402803
local preference: 204
end time: 1741057402804
Time: 1 ms
--------------------------------------------------
received prefix: 10.0.0.3
start time: 1741057403286
local preference: 198
end time: 1741057403287
Time: 1 ms
--------------------------------------------------
received prefix: 10.0.0.1
start time: 1741057403772
local preference: 212
end time: 1741057403773
Time: 1 ms
--------------------------------------------------
received prefix: 10.0.0.2
start time: 1741057404257
local preference: 216
end time: 1741057404258
Time: 1 ms
--------------------------------------------------
received prefix: 10.0.0.26
start time: 1741057404406
local preference: 186
end time: 1741057404407
Time: 1 ms
--------------------------------------------------
received prefix: 10.0.0.25
start time: 1741057404497
local preference: 186
end time: 1741057404499
Time: 2 ms
--------------------------------------------------
received prefix: 10.0.0.21
start time: 1741057404555
local preference: 220
end time: 1741057404556
Time: 1 ms
--------------------------------------------------
received prefix: 10.0.0.22
start time: 1741057404652
local preference: 213
end time: 1741057404653
Time: 1 ms
--------------------------------------------------
received prefix: 10.0.0.20
start time: 1741057404738
local preference: 209
end time: 1741057404739
Time: 1 ms
--------------------------------------------------
received prefix: 10.0.0.13
start time: 1741057405007
local preference: 222
end time: 1741057405010
Time: 3 ms
--------------------------------------------------
received prefix: 10.0.0.14
start time: 1741057405123
local preference: 214
end time: 1741057405124
Time: 1 ms
--------------------------------------------------
received prefix: 10.0.0.11
start time: 1741057405264
local preference: 211
end time: 1741057405266
Time: 2 ms
--------------------------------------------------
received prefix: 10.0.0.7
start time: 1741057405376
local preference: 228
end time: 1741057405377
Time: 1 ms
--------------------------------------------------
received prefix: 10.0.0.8
start time: 1741057405486
local preference: 212
end time: 1741057405487
Time: 1 ms
--------------------------------------------------
received prefix: 10.0.0.6
start time: 1741057405658
local preference: 228
end time: 1741057405659
Time: 1 ms
--------------------------------------------------
received prefix: 10.0.0.4
start time: 1741057405718
local preference: 176
end time: 1741057405719
Time: 1 ms
--------------------------------------------------
received prefix: 10.0.0.5
start time: 1741057405851
local preference: 211
end time: 1741057405852
Time: 1 ms
--------------------------------------------------
received prefix: 10.0.0.9
start time: 1741057405922
local preference: 228
end time: 1741057405923
Time: 1 ms
--------------------------------------------------
received prefix: 10.0.0.10
start time: 1741057406041
local preference: 226
end time: 1741057406046
Time: 5 ms
--------------------------------------------------
received prefix: 10.0.0.15
start time: 1741057406136
local preference: 212
end time: 1741057406137
Time: 1 ms
--------------------------------------------------
received prefix: 10.0.0.16
start time: 1741057406234
local preference: 98
end time: 1741057406235
Time: 1 ms
--------------------------------------------------
received prefix: 10.0.0.17
start time: 1741057406358
local preference: 217
end time: 1741057406358
Time: 0 ms
--------------------------------------------------
received prefix: 10.0.0.18
start time: 1741057406479
local preference: 231
end time: 1741057406481
Time: 2 ms
--------------------------------------------------
received prefix: 10.0.0.19
start time: 1741057406643
local preference: 227
end time: 1741057406645
Time: 2 ms
--------------------------------------------------
received prefix: 10.0.0.23
start time: 1741057406769
local preference: 232
end time: 1741057406771
Time: 2 ms
--------------------------------------------------
received prefix: 10.0.0.24
start time: 1741057407090
local preference: 226
end time: 1741057407091
Time: 1 ms
--------------------------------------------------
received prefix: 10.0.0.27
start time: 1741057407291
local preference: 179
end time: 1741057407292
Time: 1 ms
--------------------------------------------------
received prefix: 10.0.0.28
start time: 1741057407459
local preference: 155
end time: 1741057407460
Time: 1 ms
--------------------------------------------------
received prefix: 10.0.0.29
start time: 1741057407701
local preference: 187
end time: 1741057407702
Time: 1 ms
--------------------------------------------------
received prefix: 10.0.0.30
start time: 1741057407825
local preference: 213
end time: 1741057407826
Time: 1 ms
--------------------------------------------------
received prefix: 10.0.0.31
start time: 1741057407988
local preference: 204
end time: 1741057407989
Time: 1 ms
--------------------------------------------------
received prefix: 10.0.0.32
start time: 1741057413053
local preference: 204
end time: 1741057413054
Time: 1 ms
--------------------------------------------------
received prefix: 10.0.0.32
start time: 1741057413057
local preference: 208
end time: 1741057413058
Time: 1 ms
--------------------------------------------------
received prefix: 10.0.0.32
start time: 1741057413076
local preference: 204
end time: 1741057413078
Time: 2 ms
--------------------------------------------------
received prefix: 10.0.0.32
start time: 1741057413086
local preference: 208
end time: 1741057413089
Time: 3 ms
--------------------------------------------------
received prefix: 10.0.0.32
start time: 1741057413124
local preference: 202
end time: 1741057413125
Time: 1 ms
--------------------------------------------------
received prefix: 10.0.0.32
start time: 1741057413127
local preference: 206
end time: 1741057413128
Time: 1 ms
--------------------------------------------------
received prefix: 10.0.0.32
start time: 1741057413135
local preference: 205
end time: 1741057413135
Time: 0 ms
--------------------------------------------------
received prefix: 10.0.0.32
start time: 1741057413153
local preference: 208
end time: 1741057413154
Time: 1 ms
--------------------------------------------------
received prefix: 10.0.0.32
start time: 1741057413157
local preference: 204
end time: 1741057413158
Time: 1 ms
--------------------------------------------------
received prefix: 10.0.0.32
start time: 1741057413160
local preference: 208
end time: 1741057413161
Time: 1 ms
--------------------------------------------------
received prefix: 10.0.0.26
start time: 1741057413472
local preference: 178
end time: 1741057413474
Time: 2 ms
--------------------------------------------------
received prefix: 10.0.0.26
start time: 1741057413484
local preference: 182
end time: 1741057413485
Time: 1 ms
--------------------------------------------------
received prefix: 10.0.0.26
start time: 1741057413506
local preference: 178
end time: 1741057413508
Time: 2 ms
--------------------------------------------------
received prefix: 10.0.0.26
start time: 1741057413526
local preference: 182
end time: 1741057413527
Time: 1 ms
--------------------------------------------------
received prefix: 10.0.0.26
start time: 1741057413539
local preference: 176
end time: 1741057413541
Time: 2 ms
--------------------------------------------------
received prefix: 10.0.0.26
start time: 1741057413554
local preference: 180
end time: 1741057413555
Time: 1 ms
--------------------------------------------------
received prefix: 10.0.0.26
start time: 1741057413558
local preference: 178
end time: 1741057413559
Time: 1 ms
--------------------------------------------------
received prefix: 10.0.0.26
start time: 1741057413562
local preference: 182
end time: 1741057413562
Time: 0 ms
--------------------------------------------------
received prefix: 10.0.0.26
start time: 1741057413571
local preference: 178
end time: 1741057413573
Time: 2 ms
--------------------------------------------------
received prefix: 10.0.0.26
start time: 1741057413601
local preference: 182
end time: 1741057413602
Time: 1 ms
--------------------------------------------------
received prefix: 10.0.0.25
start time: 1741057413830
local preference: 177
end time: 1741057413832
Time: 2 ms
--------------------------------------------------
received prefix: 10.0.0.25
start time: 1741057413856
local preference: 181
end time: 1741057413857
Time: 1 ms
--------------------------------------------------
received prefix: 10.0.0.25
start time: 1741057413883
local preference: 177
end time: 1741057413884
Time: 1 ms
--------------------------------------------------
received prefix: 10.0.0.25
start time: 1741057413896
local preference: 181
end time: 1741057413897
Time: 1 ms
--------------------------------------------------
received prefix: 10.0.0.25
start time: 1741057413906
local preference: 175
end time: 1741057413909
Time: 3 ms
--------------------------------------------------
received prefix: 10.0.0.25
start time: 1741057413921
local preference: 179
end time: 1741057413922
Time: 1 ms
--------------------------------------------------
received prefix: 10.0.0.25
start time: 1741057413925
local preference: 178
end time: 1741057413926
Time: 1 ms
--------------------------------------------------
received prefix: 10.0.0.25
start time: 1741057413928
local preference: 182
end time: 1741057413929
Time: 1 ms
--------------------------------------------------
received prefix: 10.0.0.25
start time: 1741057413937
local preference: 177
end time: 1741057413939
Time: 2 ms
--------------------------------------------------
received prefix: 10.0.0.25
start time: 1741057413950
local preference: 181
end time: 1741057413951
Time: 1 ms
--------------------------------------------------
received prefix: 10.0.0.21
start time: 1741057414257
local preference: 212
end time: 1741057414258
Time: 1 ms
--------------------------------------------------
received prefix: 10.0.0.21
start time: 1741057414279
local preference: 216
end time: 1741057414280
Time: 1 ms
--------------------------------------------------
received prefix: 10.0.0.21
start time: 1741057414288
local preference: 212
end time: 1741057414289
Time: 1 ms
--------------------------------------------------
received prefix: 10.0.0.21
start time: 1741057414291
local preference: 216
end time: 1741057414291
Time: 0 ms
--------------------------------------------------
received prefix: 10.0.0.21
start time: 1741057414314
local preference: 210
end time: 1741057414315
Time: 1 ms
--------------------------------------------------
received prefix: 10.0.0.21
start time: 1741057414319
local preference: 213
end time: 1741057414319
Time: 0 ms
--------------------------------------------------
received prefix: 10.0.0.21
start time: 1741057414323
local preference: 212
end time: 1741057414324
Time: 1 ms
--------------------------------------------------
received prefix: 10.0.0.21
start time: 1741057414326
local preference: 216
end time: 1741057414327
Time: 1 ms
--------------------------------------------------
received prefix: 10.0.0.21
start time: 1741057414330
local preference: 212
end time: 1741057414332
Time: 2 ms
--------------------------------------------------
received prefix: 10.0.0.21
start time: 1741057414342
local preference: 216
end time: 1741057414346
Time: 4 ms
--------------------------------------------------
received prefix: 10.0.0.22
start time: 1741057414557
local preference: 204
end time: 1741057414558
Time: 1 ms
--------------------------------------------------
received prefix: 10.0.0.22
start time: 1741057414560
local preference: 208
end time: 1741057414561
Time: 1 ms
--------------------------------------------------
received prefix: 10.0.0.22
start time: 1741057414569
local preference: 204
end time: 1741057414572
Time: 3 ms
--------------------------------------------------
received prefix: 10.0.0.22
start time: 1741057414576
local preference: 208
end time: 1741057414577
Time: 1 ms
--------------------------------------------------
received prefix: 10.0.0.22
start time: 1741057414748
local preference: 202
end time: 1741057414749
Time: 1 ms
--------------------------------------------------
received prefix: 10.0.0.22
start time: 1741057414754
local preference: 206
end time: 1741057414755
Time: 1 ms
--------------------------------------------------
received prefix: 10.0.0.22
start time: 1741057414758
local preference: 205
end time: 1741057414759
Time: 1 ms
--------------------------------------------------
received prefix: 10.0.0.22
start time: 1741057414768
local preference: 208
end time: 1741057414770
Time: 2 ms
--------------------------------------------------
received prefix: 10.0.0.22
start time: 1741057414776
local preference: 204
end time: 1741057414777
Time: 1 ms
--------------------------------------------------
received prefix: 10.0.0.22
start time: 1741057414779
local preference: 208
end time: 1741057414779
Time: 0 ms
--------------------------------------------------
received prefix: 10.0.0.20
start time: 1741057415541
local preference: 200
end time: 1741057415543
Time: 2 ms
--------------------------------------------------
received prefix: 10.0.0.20
start time: 1741057415560
local preference: 204
end time: 1741057415561
Time: 1 ms
--------------------------------------------------
received prefix: 10.0.0.20
start time: 1741057415585
local preference: 201
end time: 1741057415586
Time: 1 ms
--------------------------------------------------
received prefix: 10.0.0.20
start time: 1741057415588
local preference: 204
end time: 1741057415589
Time: 1 ms
--------------------------------------------------
received prefix: 10.0.0.20
start time: 1741057415603
local preference: 198
end time: 1741057415608
Time: 5 ms
--------------------------------------------------
received prefix: 10.0.0.20
start time: 1741057415615
local preference: 202
end time: 1741057415616
Time: 1 ms
--------------------------------------------------
received prefix: 10.0.0.20
start time: 1741057415620
local preference: 201
end time: 1741057415620
Time: 0 ms
--------------------------------------------------
received prefix: 10.0.0.20
start time: 1741057415631
local preference: 205
end time: 1741057415632
Time: 1 ms
--------------------------------------------------
received prefix: 10.0.0.20
start time: 1741057415644
local preference: 200
end time: 1741057415645
Time: 1 ms
--------------------------------------------------
received prefix: 10.0.0.20
start time: 1741057415667
local preference: 204
end time: 1741057415670
Time: 3 ms
--------------------------------------------------
received prefix: 10.0.0.13
start time: 1741057415942
local preference: 214
end time: 1741057415942
Time: 0 ms
--------------------------------------------------
received prefix: 10.0.0.13
start time: 1741057415949
local preference: 218
end time: 1741057415954
Time: 5 ms
--------------------------------------------------
received prefix: 10.0.0.13
start time: 1741057415977
local preference: 214
end time: 1741057415981
Time: 4 ms
--------------------------------------------------
received prefix: 10.0.0.13
start time: 1741057415985
local preference: 218
end time: 1741057415987
Time: 2 ms
--------------------------------------------------
received prefix: 10.0.0.13
start time: 1741057416013
local preference: 212
end time: 1741057416014
Time: 1 ms
--------------------------------------------------
received prefix: 10.0.0.13
start time: 1741057416021
local preference: 216
end time: 1741057416022
Time: 1 ms
--------------------------------------------------
received prefix: 10.0.0.13
start time: 1741057416052
local preference: 214
end time: 1741057416055
Time: 3 ms
--------------------------------------------------
received prefix: 10.0.0.13
start time: 1741057416063
local preference: 218
end time: 1741057416064
Time: 1 ms
--------------------------------------------------
received prefix: 10.0.0.13
start time: 1741057416072
local preference: 214
end time: 1741057416073
Time: 1 ms
--------------------------------------------------
received prefix: 10.0.0.13
start time: 1741057416081
local preference: 218
end time: 1741057416082
Time: 1 ms
--------------------------------------------------
received prefix: 10.0.0.14
start time: 1741057416306
local preference: 205
end time: 1741057416307
Time: 1 ms
--------------------------------------------------
received prefix: 10.0.0.14
start time: 1741057416324
local preference: 209
end time: 1741057416325
Time: 1 ms
--------------------------------------------------
received prefix: 10.0.0.14
start time: 1741057416329
local preference: 206
end time: 1741057416330
Time: 1 ms
--------------------------------------------------
received prefix: 10.0.0.14
start time: 1741057416347
local preference: 209
end time: 1741057416350
Time: 3 ms
--------------------------------------------------
received prefix: 10.0.0.14
start time: 1741057416356
local preference: 203
end time: 1741057416357
Time: 1 ms
--------------------------------------------------
received prefix: 10.0.0.14
start time: 1741057416376
local preference: 207
end time: 1741057416377
Time: 1 ms
--------------------------------------------------
received prefix: 10.0.0.14
start time: 1741057416387
local preference: 206
end time: 1741057416388
Time: 1 ms
--------------------------------------------------
received prefix: 10.0.0.14
start time: 1741057416399
local preference: 210
end time: 1741057416400
Time: 1 ms
--------------------------------------------------
received prefix: 10.0.0.14
start time: 1741057416424
local preference: 205
end time: 1741057416425
Time: 1 ms
--------------------------------------------------
received prefix: 10.0.0.14
start time: 1741057416430
local preference: 209
end time: 1741057416432
Time: 2 ms
--------------------------------------------------
received prefix: 10.0.0.11
start time: 1741057416647
local preference: 203
end time: 1741057416649
Time: 2 ms
--------------------------------------------------
received prefix: 10.0.0.11
start time: 1741057416690
local preference: 207
end time: 1741057416692
Time: 2 ms
--------------------------------------------------
received prefix: 10.0.0.11
start time: 1741057416729
local preference: 203
end time: 1741057416729
Time: 0 ms
--------------------------------------------------
received prefix: 10.0.0.11
start time: 1741057416741
local preference: 207
end time: 1741057416743
Time: 2 ms
--------------------------------------------------
received prefix: 10.0.0.11
start time: 1741057416829
local preference: 201
end time: 1741057416834
Time: 5 ms
--------------------------------------------------
received prefix: 10.0.0.11
start time: 1741057416848
local preference: 205
end time: 1741057416848
Time: 0 ms
--------------------------------------------------
received prefix: 10.0.0.11
start time: 1741057416863
local preference: 203
end time: 1741057416864
Time: 1 ms
--------------------------------------------------
received prefix: 10.0.0.11
start time: 1741057416872
local preference: 207
end time: 1741057416874
Time: 2 ms
--------------------------------------------------
received prefix: 10.0.0.11
start time: 1741057416889
local preference: 203
end time: 1741057416890
Time: 1 ms
--------------------------------------------------
received prefix: 10.0.0.11
start time: 1741057416892
local preference: 207
end time: 1741057416893
Time: 1 ms
--------------------------------------------------
received prefix: 10.0.0.7
start time: 1741057417095
local preference: 220
end time: 1741057417095
Time: 0 ms
--------------------------------------------------
received prefix: 10.0.0.7
start time: 1741057417101
local preference: 223
end time: 1741057417102
Time: 1 ms
--------------------------------------------------
received prefix: 10.0.0.7
start time: 1741057417106
local preference: 220
end time: 1741057417110
Time: 4 ms
--------------------------------------------------
received prefix: 10.0.0.7
start time: 1741057417122
local preference: 224
end time: 1741057417123
Time: 1 ms
--------------------------------------------------
received prefix: 10.0.0.7
start time: 1741057417126
local preference: 217
end time: 1741057417126
Time: 0 ms
--------------------------------------------------
received prefix: 10.0.0.7
start time: 1741057417129
local preference: 221
end time: 1741057417130
Time: 1 ms
--------------------------------------------------
received prefix: 10.0.0.7
start time: 1741057417143
local preference: 220
end time: 1741057417144
Time: 1 ms
--------------------------------------------------
received prefix: 10.0.0.7
start time: 1741057417163
local preference: 224
end time: 1741057417167
Time: 4 ms
--------------------------------------------------
received prefix: 10.0.0.7
start time: 1741057417181
local preference: 220
end time: 1741057417182
Time: 1 ms
--------------------------------------------------
received prefix: 10.0.0.8
start time: 1741057417358
local preference: 204
end time: 1741057417361
Time: 3 ms
--------------------------------------------------
received prefix: 10.0.0.8
start time: 1741057417364
local preference: 208
end time: 1741057417365
Time: 1 ms
--------------------------------------------------
received prefix: 10.0.0.8
start time: 1741057417371
local preference: 204
end time: 1741057417371
Time: 0 ms
--------------------------------------------------
received prefix: 10.0.0.8
start time: 1741057417373
local preference: 208
end time: 1741057417374
Time: 1 ms
--------------------------------------------------
received prefix: 10.0.0.8
start time: 1741057417380
local preference: 202
end time: 1741057417383
Time: 3 ms
--------------------------------------------------
received prefix: 10.0.0.8
start time: 1741057417402
local preference: 206
end time: 1741057417406
Time: 4 ms
--------------------------------------------------
received prefix: 10.0.0.8
start time: 1741057417530
local preference: 205
end time: 1741057417533
Time: 3 ms
--------------------------------------------------
received prefix: 10.0.0.8
start time: 1741057417539
local preference: 208
end time: 1741057417541
Time: 2 ms
--------------------------------------------------
received prefix: 10.0.0.8
start time: 1741057417562
local preference: 204
end time: 1741057417565
Time: 3 ms
--------------------------------------------------
received prefix: 10.0.0.9
start time: 1741057418340
local preference: 220
end time: 1741057418342
Time: 2 ms
--------------------------------------------------
received prefix: 10.0.0.9
start time: 1741057418350
local preference: 224
end time: 1741057418352
Time: 2 ms
--------------------------------------------------
received prefix: 10.0.0.9
start time: 1741057418355
local preference: 220
end time: 1741057418356
Time: 1 ms
--------------------------------------------------
received prefix: 10.0.0.9
start time: 1741057418358
local preference: 224
end time: 1741057418359
Time: 1 ms
--------------------------------------------------
received prefix: 10.0.0.9
start time: 1741057418367
local preference: 218
end time: 1741057418371
Time: 4 ms
--------------------------------------------------
received prefix: 10.0.0.9
start time: 1741057418396
local preference: 221
end time: 1741057418397
Time: 1 ms
--------------------------------------------------
received prefix: 10.0.0.9
start time: 1741057418403
local preference: 220
end time: 1741057418404
Time: 1 ms
--------------------------------------------------
received prefix: 10.0.0.9
start time: 1741057418407
local preference: 224
end time: 1741057418408
Time: 1 ms
--------------------------------------------------
received prefix: 10.0.0.9
start time: 1741057418421
local preference: 220
end time: 1741057418422
Time: 1 ms
--------------------------------------------------
received prefix: 10.0.0.9
start time: 1741057418431
local preference: 224
end time: 1741057418432
Time: 1 ms
--------------------------------------------------
received prefix: 10.0.0.10
start time: 1741057418639
local preference: 218
end time: 1741057418640
Time: 1 ms
--------------------------------------------------
received prefix: 10.0.0.10
start time: 1741057418648
local preference: 221
end time: 1741057418648
Time: 0 ms
--------------------------------------------------
received prefix: 10.0.0.10
start time: 1741057418652
local preference: 218
end time: 1741057418652
Time: 0 ms
--------------------------------------------------
received prefix: 10.0.0.10
start time: 1741057418658
local preference: 222
end time: 1741057418660
Time: 2 ms
--------------------------------------------------
received prefix: 10.0.0.10
start time: 1741057418691
local preference: 215
end time: 1741057418692
Time: 1 ms
--------------------------------------------------
received prefix: 10.0.0.10
start time: 1741057418694
local preference: 219
end time: 1741057418694
Time: 0 ms
--------------------------------------------------
received prefix: 10.0.0.10
start time: 1741057418701
local preference: 218
end time: 1741057418705
Time: 4 ms
--------------------------------------------------
received prefix: 10.0.0.10
start time: 1741057418709
local preference: 222
end time: 1741057418710
Time: 1 ms
--------------------------------------------------
received prefix: 10.0.0.10
start time: 1741057418715
local preference: 218
end time: 1741057418717
Time: 2 ms
--------------------------------------------------
received prefix: 10.0.0.10
start time: 1741057418726
local preference: 221
end time: 1741057418727
Time: 1 ms
--------------------------------------------------
received prefix: 10.0.0.15
start time: 1741057418888
local preference: 204
end time: 1741057418889
Time: 1 ms
--------------------------------------------------
received prefix: 10.0.0.15
start time: 1741057418899
local preference: 208
end time: 1741057418901
Time: 2 ms
--------------------------------------------------
received prefix: 10.0.0.15
start time: 1741057418951
local preference: 204
end time: 1741057418952
Time: 1 ms
--------------------------------------------------
received prefix: 10.0.0.15
start time: 1741057418955
local preference: 208
end time: 1741057418956
Time: 1 ms
--------------------------------------------------
received prefix: 10.0.0.15
start time: 1741057418959
local preference: 201
end time: 1741057418961
Time: 2 ms
--------------------------------------------------
received prefix: 10.0.0.15
start time: 1741057418973
local preference: 205
end time: 1741057418977
Time: 4 ms
--------------------------------------------------
received prefix: 10.0.0.15
start time: 1741057418997
local preference: 204
end time: 1741057418998
Time: 1 ms
--------------------------------------------------
received prefix: 10.0.0.15
start time: 1741057419006
local preference: 208
end time: 1741057419009
Time: 3 ms
--------------------------------------------------
received prefix: 10.0.0.15
start time: 1741057419015
local preference: 204
end time: 1741057419016
Time: 1 ms
--------------------------------------------------
received prefix: 10.0.0.15
start time: 1741057419024
local preference: 208
end time: 1741057419025
Time: 1 ms
--------------------------------------------------
received prefix: 10.0.0.16
start time: 1741057419188
local preference: 216
end time: 1741057419189
Time: 1 ms
--------------------------------------------------
received prefix: 10.0.0.16
start time: 1741057419192
local preference: 168
end time: 1741057419192
Time: 0 ms
--------------------------------------------------
received prefix: 10.0.0.16
start time: 1741057419195
local preference: 216
end time: 1741057419196
Time: 1 ms
--------------------------------------------------
received prefix: 10.0.0.16
start time: 1741057419203
local preference: 168
end time: 1741057419206
Time: 3 ms
--------------------------------------------------
received prefix: 10.0.0.16
start time: 1741057419276
local preference: 232
end time: 1741057419277
Time: 1 ms
--------------------------------------------------
received prefix: 10.0.0.16
start time: 1741057419286
local preference: 202
end time: 1741057419286
Time: 0 ms
--------------------------------------------------
received prefix: 10.0.0.16
start time: 1741057419291
local preference: 214
end time: 1741057419292
Time: 1 ms
--------------------------------------------------
received prefix: 10.0.0.16
start time: 1741057419301
local preference: 166
end time: 1741057419304
Time: 3 ms
--------------------------------------------------
received prefix: 10.0.0.16
start time: 1741057419331
local preference: 216
end time: 1741057419333
Time: 2 ms
--------------------------------------------------
received prefix: 10.0.0.16
start time: 1741057419353
local preference: 168
end time: 1741057419355
Time: 2 ms
--------------------------------------------------
received prefix: 10.0.0.17
start time: 1741057419649
local preference: 209
end time: 1741057419650
Time: 1 ms
--------------------------------------------------
received prefix: 10.0.0.17
start time: 1741057419657
local preference: 213
end time: 1741057419658
Time: 1 ms
--------------------------------------------------
received prefix: 10.0.0.17
start time: 1741057419675
local preference: 209
end time: 1741057419677
Time: 2 ms
--------------------------------------------------
received prefix: 10.0.0.17
start time: 1741057419725
local preference: 213
end time: 1741057419728
Time: 3 ms
--------------------------------------------------
received prefix: 10.0.0.17
start time: 1741057419753
local preference: 206
end time: 1741057419754
Time: 1 ms
--------------------------------------------------
received prefix: 10.0.0.17
start time: 1741057419756
local preference: 210
end time: 1741057419757
Time: 1 ms
--------------------------------------------------
received prefix: 10.0.0.17
start time: 1741057419762
local preference: 209
end time: 1741057419764
Time: 2 ms
--------------------------------------------------
received prefix: 10.0.0.17
start time: 1741057419880
local preference: 213
end time: 1741057419881
Time: 1 ms
--------------------------------------------------
received prefix: 10.0.0.17
start time: 1741057419884
local preference: 209
end time: 1741057419885
Time: 1 ms
--------------------------------------------------
received prefix: 10.0.0.17
start time: 1741057419887
local preference: 213
end time: 1741057419888
Time: 1 ms
--------------------------------------------------
received prefix: 10.0.0.18
start time: 1741057420820
local preference: 223
end time: 1741057420822
Time: 2 ms
--------------------------------------------------
received prefix: 10.0.0.18
start time: 1741057420847
local preference: 227
end time: 1741057420848
Time: 1 ms
--------------------------------------------------
received prefix: 10.0.0.18
start time: 1741057420857
local preference: 223
end time: 1741057420858
Time: 1 ms
--------------------------------------------------
received prefix: 10.0.0.18
start time: 1741057420863
local preference: 227
end time: 1741057420864
Time: 1 ms
--------------------------------------------------
received prefix: 10.0.0.18
start time: 1741057420876
local preference: 221
end time: 1741057420879
Time: 3 ms
--------------------------------------------------
received prefix: 10.0.0.18
start time: 1741057420890
local preference: 225
end time: 1741057420891
Time: 1 ms
--------------------------------------------------
received prefix: 10.0.0.18
start time: 1741057420905
local preference: 224
end time: 1741057420909
Time: 4 ms
--------------------------------------------------
received prefix: 10.0.0.18
start time: 1741057420926
local preference: 227
end time: 1741057420927
Time: 1 ms
--------------------------------------------------
received prefix: 10.0.0.18
start time: 1741057420938
local preference: 223
end time: 1741057420940
Time: 2 ms
--------------------------------------------------
received prefix: 10.0.0.18
start time: 1741057420950
local preference: 227
end time: 1741057420951
Time: 1 ms
--------------------------------------------------
received prefix: 10.0.0.19
start time: 1741057421178
local preference: 219
end time: 1741057421178
Time: 0 ms
--------------------------------------------------
received prefix: 10.0.0.19
start time: 1741057421191
local preference: 223
end time: 1741057421193
Time: 2 ms
--------------------------------------------------
received prefix: 10.0.0.19
start time: 1741057421199
local preference: 219
end time: 1741057421201
Time: 2 ms
--------------------------------------------------
received prefix: 10.0.0.19
start time: 1741057421221
local preference: 223
end time: 1741057421222
Time: 1 ms
--------------------------------------------------
received prefix: 10.0.0.19
start time: 1741057421253
local preference: 216
end time: 1741057421253
Time: 0 ms
--------------------------------------------------
received prefix: 10.0.0.19
start time: 1741057421262
local preference: 220
end time: 1741057421265
Time: 3 ms
--------------------------------------------------
received prefix: 10.0.0.19
start time: 1741057421275
local preference: 219
end time: 1741057421276
Time: 1 ms
--------------------------------------------------
received prefix: 10.0.0.19
start time: 1741057421283
local preference: 223
end time: 1741057421284
Time: 1 ms
--------------------------------------------------
received prefix: 10.0.0.19
start time: 1741057421287
local preference: 219
end time: 1741057421288
Time: 1 ms
--------------------------------------------------
received prefix: 10.0.0.19
start time: 1741057421293
local preference: 223
end time: 1741057421294
Time: 1 ms
--------------------------------------------------
received prefix: 10.0.0.23
start time: 1741057421526
local preference: 224
end time: 1741057421527
Time: 1 ms
--------------------------------------------------
received prefix: 10.0.0.23
start time: 1741057421550
local preference: 227
end time: 1741057421551
Time: 1 ms
--------------------------------------------------
received prefix: 10.0.0.23
start time: 1741057421562
local preference: 224
end time: 1741057421563
Time: 1 ms
--------------------------------------------------
received prefix: 10.0.0.23
start time: 1741057421595
local preference: 228
end time: 1741057421595
Time: 0 ms
--------------------------------------------------
received prefix: 10.0.0.23
start time: 1741057421602
local preference: 221
end time: 1741057421606
Time: 4 ms
--------------------------------------------------
received prefix: 10.0.0.23
start time: 1741057421614
local preference: 225
end time: 1741057421615
Time: 1 ms
--------------------------------------------------
received prefix: 10.0.0.23
start time: 1741057421629
local preference: 224
end time: 1741057421634
Time: 5 ms
--------------------------------------------------
received prefix: 10.0.0.23
start time: 1741057421651
local preference: 228
end time: 1741057421652
Time: 1 ms
--------------------------------------------------
received prefix: 10.0.0.23
start time: 1741057421655
local preference: 224
end time: 1741057421656
Time: 1 ms
--------------------------------------------------
received prefix: 10.0.0.23
start time: 1741057421659
local preference: 227
end time: 1741057421660
Time: 1 ms
--------------------------------------------------
received prefix: 10.0.0.24
start time: 1741057421995
local preference: 225
end time: 1741057421997
Time: 2 ms
--------------------------------------------------
received prefix: 10.0.0.24
start time: 1741057422002
local preference: 229
end time: 1741057422005
Time: 3 ms
--------------------------------------------------
received prefix: 10.0.0.24
start time: 1741057422014
local preference: 225
end time: 1741057422015
Time: 1 ms
--------------------------------------------------
received prefix: 10.0.0.24
start time: 1741057422023
local preference: 229
end time: 1741057422024
Time: 1 ms
--------------------------------------------------
received prefix: 10.0.0.24
start time: 1741057422049
local preference: 223
end time: 1741057422050
Time: 1 ms
--------------------------------------------------
received prefix: 10.0.0.24
start time: 1741057422052
local preference: 227
end time: 1741057422053
Time: 1 ms
--------------------------------------------------
received prefix: 10.0.0.24
start time: 1741057422056
local preference: 225
end time: 1741057422057
Time: 1 ms
--------------------------------------------------
received prefix: 10.0.0.24
start time: 1741057422060
local preference: 229
end time: 1741057422060
Time: 0 ms
--------------------------------------------------
received prefix: 10.0.0.24
start time: 1741057422063
local preference: 225
end time: 1741057422065
Time: 2 ms
--------------------------------------------------
received prefix: 10.0.0.24
start time: 1741057422070
local preference: 229
end time: 1741057422074
Time: 4 ms
--------------------------------------------------
received prefix: 10.0.0.27
start time: 1741057423120
local preference: 179
end time: 1741057423121
Time: 1 ms
--------------------------------------------------
received prefix: 10.0.0.27
start time: 1741057423124
local preference: 183
end time: 1741057423125
Time: 1 ms
--------------------------------------------------
received prefix: 10.0.0.27
start time: 1741057423142
local preference: 179
end time: 1741057423145
Time: 3 ms
--------------------------------------------------
received prefix: 10.0.0.27
start time: 1741057423159
local preference: 183
end time: 1741057423160
Time: 1 ms
--------------------------------------------------
received prefix: 10.0.0.27
start time: 1741057423167
local preference: 177
end time: 1741057423168
Time: 1 ms
--------------------------------------------------
received prefix: 10.0.0.27
start time: 1741057423171
local preference: 181
end time: 1741057423171
Time: 0 ms
--------------------------------------------------
received prefix: 10.0.0.27
start time: 1741057423174
local preference: 179
end time: 1741057423175
Time: 1 ms
--------------------------------------------------
received prefix: 10.0.0.27
start time: 1741057423183
local preference: 183
end time: 1741057423184
Time: 1 ms
--------------------------------------------------
received prefix: 10.0.0.27
start time: 1741057423195
local preference: 179
end time: 1741057423196
Time: 1 ms
--------------------------------------------------
received prefix: 10.0.0.27
start time: 1741057423204
local preference: 183
end time: 1741057423206
Time: 2 ms
--------------------------------------------------
received prefix: 10.0.0.28
start time: 1741057423441
local preference: 187
end time: 1741057423442
Time: 1 ms
--------------------------------------------------
received prefix: 10.0.0.28
start time: 1741057423459
local preference: 191
end time: 1741057423460
Time: 1 ms
--------------------------------------------------
received prefix: 10.0.0.28
start time: 1741057423463
local preference: 187
end time: 1741057423465
Time: 2 ms
--------------------------------------------------
received prefix: 10.0.0.28
start time: 1741057423474
local preference: 191
end time: 1741057423476
Time: 2 ms
--------------------------------------------------
received prefix: 10.0.0.28
start time: 1741057423506
local preference: 185
end time: 1741057423507
Time: 1 ms
--------------------------------------------------
received prefix: 10.0.0.28
start time: 1741057423516
local preference: 189
end time: 1741057423517
Time: 1 ms
--------------------------------------------------
received prefix: 10.0.0.28
start time: 1741057423520
local preference: 187
end time: 1741057423521
Time: 1 ms
--------------------------------------------------
received prefix: 10.0.0.28
start time: 1741057423524
local preference: 191
end time: 1741057423525
Time: 1 ms
--------------------------------------------------
received prefix: 10.0.0.28
start time: 1741057423556
local preference: 187
end time: 1741057423557
Time: 1 ms
--------------------------------------------------
received prefix: 10.0.0.28
start time: 1741057423679
local preference: 191
end time: 1741057423681
Time: 2 ms
--------------------------------------------------
received prefix: 10.0.0.29
start time: 1741057425318
local preference: 188
end time: 1741057425320
Time: 2 ms
--------------------------------------------------
received prefix: 10.0.0.29
start time: 1741057425323
local preference: 192
end time: 1741057425324
Time: 1 ms
--------------------------------------------------
received prefix: 10.0.0.29
start time: 1741057425341
local preference: 188
end time: 1741057425343
Time: 2 ms
--------------------------------------------------
received prefix: 10.0.0.29
start time: 1741057425354
local preference: 192
end time: 1741057425356
Time: 2 ms
--------------------------------------------------
received prefix: 10.0.0.29
start time: 1741057425362
local preference: 186
end time: 1741057425363
Time: 1 ms
--------------------------------------------------
received prefix: 10.0.0.29
start time: 1741057425371
local preference: 190
end time: 1741057425374
Time: 3 ms
--------------------------------------------------
received prefix: 10.0.0.29
start time: 1741057425390
local preference: 188
end time: 1741057425390
Time: 0 ms
--------------------------------------------------
received prefix: 10.0.0.29
start time: 1741057425392
local preference: 192
end time: 1741057425393
Time: 1 ms
--------------------------------------------------
received prefix: 10.0.0.29
start time: 1741057425396
local preference: 188
end time: 1741057425400
Time: 4 ms
--------------------------------------------------
received prefix: 10.0.0.29
start time: 1741057425402
local preference: 192
end time: 1741057425406
Time: 4 ms
--------------------------------------------------
received prefix: 10.0.0.30
start time: 1741057425598
local preference: 204
end time: 1741057425600
Time: 2 ms
--------------------------------------------------
received prefix: 10.0.0.30
start time: 1741057425611
local preference: 208
end time: 1741057425613
Time: 2 ms
--------------------------------------------------
received prefix: 10.0.0.30
start time: 1741057425631
local preference: 204
end time: 1741057425632
Time: 1 ms
--------------------------------------------------
received prefix: 10.0.0.30
start time: 1741057425638
local preference: 208
end time: 1741057425639
Time: 1 ms
--------------------------------------------------
received prefix: 10.0.0.30
start time: 1741057425642
local preference: 202
end time: 1741057425643
Time: 1 ms
--------------------------------------------------
received prefix: 10.0.0.30
start time: 1741057425659
local preference: 206
end time: 1741057425660
Time: 1 ms
--------------------------------------------------
received prefix: 10.0.0.30
start time: 1741057425664
local preference: 205
end time: 1741057425668
Time: 4 ms
--------------------------------------------------
received prefix: 10.0.0.30
start time: 1741057425671
local preference: 208
end time: 1741057425673
Time: 2 ms
--------------------------------------------------
received prefix: 10.0.0.30
start time: 1741057425680
local preference: 204
end time: 1741057425680
Time: 0 ms
--------------------------------------------------
received prefix: 10.0.0.30
start time: 1741057425684
local preference: 208
end time: 1741057425685
Time: 1 ms
--------------------------------------------------
received prefix: 10.0.0.31
start time: 1741057425971
local preference: 204
end time: 1741057425973
Time: 2 ms
--------------------------------------------------
received prefix: 10.0.0.31
start time: 1741057425977
local preference: 208
end time: 1741057425978
Time: 1 ms
--------------------------------------------------
received prefix: 10.0.0.31
start time: 1741057425983
local preference: 204
end time: 1741057425985
Time: 2 ms
--------------------------------------------------
received prefix: 10.0.0.31
start time: 1741057426016
local preference: 208
end time: 1741057426017
Time: 1 ms
--------------------------------------------------
received prefix: 10.0.0.31
start time: 1741057426047
local preference: 202
end time: 1741057426048
Time: 1 ms
--------------------------------------------------
received prefix: 10.0.0.31
start time: 1741057426054
local preference: 206
end time: 1741057426054
Time: 0 ms
--------------------------------------------------
received prefix: 10.0.0.31
start time: 1741057426057
local preference: 205
end time: 1741057426058
Time: 1 ms
--------------------------------------------------
received prefix: 10.0.0.31
start time: 1741057426061
local preference: 208
end time: 1741057426063
Time: 2 ms
--------------------------------------------------
received prefix: 10.0.0.31
start time: 1741057426080
local preference: 204
end time: 1741057426081
Time: 1 ms
--------------------------------------------------
received prefix: 10.0.0.31
start time: 1741057426091
local preference: 208
end time: 1741057426092
Time: 1 ms
--------------------------------------------------
received prefix: 10.0.0.8
start time: 1741057430738
local preference: 204
end time: 1741057430739
Time: 1 ms
--------------------------------------------------
received prefix: 10.0.0.8
start time: 1741057430757
local preference: 204
end time: 1741057430758
Time: 1 ms
--------------------------------------------------
received prefix: 10.0.0.8
start time: 1741057430779
local preference: 204
end time: 1741057430780
Time: 1 ms
--------------------------------------------------
received prefix: 10.0.0.8
start time: 1741057430783
local preference: 202
end time: 1741057430786
Time: 3 ms
--------------------------------------------------
received prefix: 10.0.0.8
start time: 1741057430792
local preference: 204
end time: 1741057430793
Time: 1 ms
--------------------------------------------------
received prefix: 10.0.0.7
start time: 1741057431010
local preference: 219
end time: 1741057431012
Time: 2 ms
--------------------------------------------------
received prefix: 10.0.0.7
start time: 1741057431027
local preference: 220
end time: 1741057431028
Time: 1 ms
--------------------------------------------------
received prefix: 10.0.0.7
start time: 1741057431032
local preference: 219
end time: 1741057431038
Time: 6 ms
--------------------------------------------------
received prefix: 10.0.0.7
start time: 1741057431047
local preference: 217
end time: 1741057431048
Time: 1 ms
--------------------------------------------------
received prefix: 10.0.0.7
start time: 1741057431052
local preference: 220
end time: 1741057431053
Time: 1 ms
--------------------------------------------------
received prefix: 10.0.0.9
start time: 1741057439521
local preference: 220
end time: 1741057439522
Time: 1 ms
--------------------------------------------------
received prefix: 10.0.0.10
start time: 1741057439646
local preference: 218
end time: 1741057439647
Time: 1 ms
--------------------------------------------------
received prefix: 10.0.0.11
start time: 1741057439768
local preference: 203
end time: 1741057439772
Time: 4 ms
--------------------------------------------------
received prefix: 10.0.0.12
start time: 1741057440078
local preference: 212
end time: 1741057440079
Time: 1 ms
--------------------------------------------------
received prefix: 10.0.0.32
start time: 1741057441316
local preference: 204
end time: 1741057441316
Time: 0 ms
--------------------------------------------------
received prefix: 10.0.0.26
start time: 1741057442423
local preference: 178
end time: 1741057442424
Time: 1 ms
--------------------------------------------------
received prefix: 10.0.0.25
start time: 1741057444578
local preference: 178
end time: 1741057444579
Time: 1 ms
--------------------------------------------------
received prefix: 10.0.0.21
start time: 1741057445829
local preference: 212
end time: 1741057445831
Time: 2 ms
--------------------------------------------------
received prefix: 10.0.0.22
start time: 1741057446730
local preference: 205
end time: 1741057446731
Time: 1 ms
--------------------------------------------------
received prefix: 10.0.0.20
start time: 1741057447538
local preference: 201
end time: 1741057447540
Time: 2 ms
--------------------------------------------------
received prefix: 10.0.0.13
start time: 1741057449027
local preference: 214
end time: 1741057449032
Time: 5 ms
--------------------------------------------------
received prefix: 10.0.0.14
start time: 1741057450040
local preference: 206
end time: 1741057450042
Time: 2 ms
--------------------------------------------------
received prefix: 10.0.0.15
start time: 1741057451408
local preference: 204
end time: 1741057451409
Time: 1 ms
--------------------------------------------------
received prefix: 10.0.0.16
start time: 1741057452364
local preference: 215
end time: 1741057452369
Time: 5 ms
--------------------------------------------------
received prefix: 10.0.0.17
start time: 1741057453209
local preference: 209
end time: 1741057453210
Time: 1 ms
--------------------------------------------------
received prefix: 10.0.0.18
start time: 1741057454033
local preference: 223
end time: 1741057454037
Time: 4 ms
--------------------------------------------------
received prefix: 10.0.0.19
start time: 1741057455109
local preference: 219
end time: 1741057455113
Time: 4 ms
--------------------------------------------------
received prefix: 10.0.0.23
start time: 1741057456747
local preference: 224
end time: 1741057456749
Time: 2 ms
--------------------------------------------------
received prefix: 10.0.0.24
start time: 1741057457975
local preference: 225
end time: 1741057457977
Time: 2 ms
--------------------------------------------------
received prefix: 10.0.0.27
start time: 1741057458853
local preference: 179
end time: 1741057458855
Time: 2 ms
--------------------------------------------------
received prefix: 10.0.0.28
start time: 1741057460132
local preference: 187
end time: 1741057460135
Time: 3 ms
--------------------------------------------------
received prefix: 10.0.0.29
start time: 1741057460931
local preference: 188
end time: 1741057460932
Time: 1 ms
--------------------------------------------------
received prefix: 10.0.0.30
start time: 1741057461759
local preference: 204
end time: 1741057461761
Time: 2 ms
--------------------------------------------------
received prefix: 10.0.0.31
start time: 1741057463254
local preference: 204
end time: 1741057463255
Time: 1 ms
--------------------------------------------------
received prefix: 10.0.0.6
start time: 1741057510632
local preference: 223
end time: 1741057510633
Time: 1 ms
--------------------------------------------------
received prefix: 10.0.0.4
start time: 1741057511050
local preference: 172
end time: 1741057511052
Time: 2 ms
--------------------------------------------------
received prefix: 10.0.0.5
start time: 1741057511611
local preference: 207
end time: 1741057511614
Time: 3 ms
--------------------------------------------------
received prefix: 10.0.0.12
start time: 1741057511776
local preference: 219
end time: 1741057511777
Time: 1 ms
--------------------------------------------------
received prefix: 10.0.0.7
start time: 1741057515083
local preference: 220
end time: 1741057515085
Time: 2 ms
--------------------------------------------------
received prefix: 10.0.0.7
start time: 1741057515090
local preference: 220
end time: 1741057515090
Time: 0 ms
--------------------------------------------------
received prefix: 10.0.0.7
start time: 1741057515093
local preference: 218
end time: 1741057515093
Time: 0 ms
--------------------------------------------------
received prefix: 10.0.0.7
start time: 1741057515095
local preference: 220
end time: 1741057515096
Time: 1 ms
--------------------------------------------------
received prefix: 10.0.0.7
start time: 1741057515116
local preference: 220
end time: 1741057515117
Time: 1 ms
--------------------------------------------------
received prefix: 10.0.0.8
start time: 1741057515123
local preference: 205
end time: 1741057515123
Time: 0 ms
--------------------------------------------------
received prefix: 10.0.0.8
start time: 1741057515127
local preference: 204
end time: 1741057515129
Time: 2 ms
--------------------------------------------------
received prefix: 10.0.0.8
start time: 1741057515156
local preference: 202
end time: 1741057515157
Time: 1 ms
--------------------------------------------------
received prefix: 10.0.0.8
start time: 1741057515160
local preference: 205
end time: 1741057515161
Time: 1 ms
--------------------------------------------------
received prefix: 10.0.0.8
start time: 1741057515163
local preference: 204
end time: 1741057515164
Time: 1 ms
--------------------------------------------------
received prefix: 10.0.0.7
start time: 1741057515812
local preference: 220
end time: 1741057515813
Time: 1 ms
--------------------------------------------------
received prefix: 10.0.0.7
start time: 1741057515825
local preference: 220
end time: 1741057515826
Time: 1 ms
--------------------------------------------------
received prefix: 10.0.0.7
start time: 1741057515828
local preference: 218
end time: 1741057515829
Time: 1 ms
--------------------------------------------------
received prefix: 10.0.0.7
start time: 1741057515831
local preference: 220
end time: 1741057515838
Time: 7 ms
--------------------------------------------------
received prefix: 10.0.0.7
start time: 1741057515852
local preference: 220
end time: 1741057515853
Time: 1 ms
--------------------------------------------------
received prefix: 10.0.0.8
start time: 1741057515891
local preference: 204
end time: 1741057515892
Time: 1 ms
--------------------------------------------------
received prefix: 10.0.0.8
start time: 1741057515894
local preference: 204
end time: 1741057515895
Time: 1 ms
--------------------------------------------------
received prefix: 10.0.0.8
start time: 1741057515900
local preference: 202
end time: 1741057515905
Time: 5 ms
--------------------------------------------------
received prefix: 10.0.0.8
start time: 1741057515916
local preference: 205
end time: 1741057515917
Time: 1 ms
--------------------------------------------------
received prefix: 10.0.0.8
start time: 1741057515921
local preference: 204
end time: 1741057515922
Time: 1 ms
--------------------------------------------------
received prefix: 10.0.0.7
start time: 1741057516550
local preference: 220
end time: 1741057516551
Time: 1 ms
--------------------------------------------------
received prefix: 10.0.0.7
start time: 1741057516554
local preference: 220
end time: 1741057516555
Time: 1 ms
--------------------------------------------------
received prefix: 10.0.0.7
start time: 1741057516580
local preference: 218
end time: 1741057516581
Time: 1 ms
--------------------------------------------------
received prefix: 10.0.0.7
start time: 1741057516584
local preference: 220
end time: 1741057516585
Time: 1 ms
--------------------------------------------------
received prefix: 10.0.0.7
start time: 1741057516588
local preference: 220
end time: 1741057516589
Time: 1 ms
--------------------------------------------------
received prefix: 10.0.0.8
start time: 1741057516823
local preference: 204
end time: 1741057516823
Time: 0 ms
--------------------------------------------------
received prefix: 10.0.0.8
start time: 1741057516835
local preference: 205
end time: 1741057516838
Time: 3 ms
--------------------------------------------------
received prefix: 10.0.0.8
start time: 1741057516849
local preference: 202
end time: 1741057516851
Time: 2 ms
--------------------------------------------------
received prefix: 10.0.0.8
start time: 1741057516859
local preference: 205
end time: 1741057516860
Time: 1 ms
--------------------------------------------------
received prefix: 10.0.0.8
start time: 1741057516864
local preference: 204
end time: 1741057516866
Time: 2 ms
--------------------------------------------------
received prefix: 10.0.0.12
start time: 1741057517228
local preference: 211
end time: 1741057517229
Time: 1 ms
--------------------------------------------------
received prefix: 10.0.0.12
start time: 1741057517252
local preference: 215
end time: 1741057517253
Time: 1 ms
--------------------------------------------------
received prefix: 10.0.0.12
start time: 1741057517256
local preference: 211
end time: 1741057517257
Time: 1 ms
--------------------------------------------------
received prefix: 10.0.0.12
start time: 1741057517259
local preference: 215
end time: 1741057517260
Time: 1 ms
--------------------------------------------------
received prefix: 10.0.0.12
start time: 1741057517263
local preference: 209
end time: 1741057517264
Time: 1 ms
--------------------------------------------------
received prefix: 10.0.0.12
start time: 1741057517271
local preference: 213
end time: 1741057517274
Time: 3 ms
--------------------------------------------------
received prefix: 10.0.0.12
start time: 1741057517289
local preference: 211
end time: 1741057517290
Time: 1 ms
--------------------------------------------------
received prefix: 10.0.0.12
start time: 1741057517331
local preference: 215
end time: 1741057517335
Time: 4 ms
--------------------------------------------------
received prefix: 10.0.0.12
start time: 1741057517359
local preference: 211
end time: 1741057517361
Time: 2 ms
--------------------------------------------------
received prefix: 10.0.0.7
start time: 1741057517736
local preference: 220
end time: 1741057517739
Time: 3 ms
--------------------------------------------------
received prefix: 10.0.0.7
start time: 1741057517744
local preference: 220
end time: 1741057517746
Time: 2 ms
--------------------------------------------------
received prefix: 10.0.0.7
start time: 1741057517757
local preference: 220
end time: 1741057517757
Time: 0 ms
--------------------------------------------------
received prefix: 10.0.0.7
start time: 1741057517760
local preference: 220
end time: 1741057517760
Time: 0 ms
--------------------------------------------------
received prefix: 10.0.0.7
start time: 1741057517764
local preference: 220
end time: 1741057517767
Time: 3 ms
--------------------------------------------------
received prefix: 10.0.0.8
start time: 1741057517813
local preference: 204
end time: 1741057517815
Time: 2 ms
--------------------------------------------------
received prefix: 10.0.0.8
start time: 1741057517821
local preference: 205
end time: 1741057517822
Time: 1 ms
--------------------------------------------------
received prefix: 10.0.0.8
start time: 1741057517824
local preference: 204
end time: 1741057517825
Time: 1 ms
--------------------------------------------------
received prefix: 10.0.0.8
start time: 1741057517838
local preference: 205
end time: 1741057517845
Time: 7 ms
--------------------------------------------------
received prefix: 10.0.0.8
start time: 1741057517848
local preference: 204
end time: 1741057517850
Time: 2 ms
--------------------------------------------------
received prefix: 10.0.0.7
start time: 1741057518106
local preference: 220
end time: 1741057518110
Time: 4 ms
--------------------------------------------------
received prefix: 10.0.0.7
start time: 1741057518125
local preference: 220
end time: 1741057518126
Time: 1 ms
--------------------------------------------------
received prefix: 10.0.0.7
start time: 1741057518130
local preference: 220
end time: 1741057518132
Time: 2 ms
--------------------------------------------------
received prefix: 10.0.0.7
start time: 1741057518140
local preference: 218
end time: 1741057518141
Time: 1 ms
--------------------------------------------------
received prefix: 10.0.0.7
start time: 1741057518154
local preference: 220
end time: 1741057518156
Time: 2 ms
--------------------------------------------------
received prefix: 10.0.0.8
start time: 1741057518164
local preference: 204
end time: 1741057518166
Time: 2 ms
--------------------------------------------------
received prefix: 10.0.0.8
start time: 1741057518190
local preference: 205
end time: 1741057518191
Time: 1 ms
--------------------------------------------------
received prefix: 10.0.0.8
start time: 1741057518197
local preference: 204
end time: 1741057518200
Time: 3 ms
--------------------------------------------------
received prefix: 10.0.0.8
start time: 1741057518209
local preference: 202
end time: 1741057518211
Time: 2 ms
--------------------------------------------------
received prefix: 10.0.0.8
start time: 1741057518221
local preference: 204
end time: 1741057518222
Time: 1 ms
--------------------------------------------------
received prefix: 10.0.0.11
start time: 1741057518354
local preference: 203
end time: 1741057518355
Time: 1 ms
--------------------------------------------------
received prefix: 10.0.0.11
start time: 1741057518357
local preference: 203
end time: 1741057518358
Time: 1 ms
--------------------------------------------------
received prefix: 10.0.0.11
start time: 1741057518387
local preference: 203
end time: 1741057518389
Time: 2 ms
--------------------------------------------------
received prefix: 10.0.0.11
start time: 1741057518391
local preference: 201
end time: 1741057518393
Time: 2 ms
--------------------------------------------------
received prefix: 10.0.0.11
start time: 1741057518399
local preference: 203
end time: 1741057518403
Time: 4 ms
--------------------------------------------------
received prefix: 10.0.0.9
start time: 1741057518665
local preference: 220
end time: 1741057518669
Time: 4 ms
--------------------------------------------------
received prefix: 10.0.0.9
start time: 1741057518671
local preference: 220
end time: 1741057518673
Time: 2 ms
--------------------------------------------------
received prefix: 10.0.0.9
start time: 1741057518686
local preference: 220
end time: 1741057518686
Time: 0 ms
--------------------------------------------------
received prefix: 10.0.0.9
start time: 1741057518691
local preference: 217
end time: 1741057518693
Time: 2 ms
--------------------------------------------------
received prefix: 10.0.0.9
start time: 1741057518703
local preference: 220
end time: 1741057518708
Time: 5 ms
--------------------------------------------------
received prefix: 10.0.0.10
start time: 1741057518912
local preference: 217
end time: 1741057518913
Time: 1 ms
--------------------------------------------------
received prefix: 10.0.0.10
start time: 1741057518933
local preference: 217
end time: 1741057518935
Time: 2 ms
--------------------------------------------------
received prefix: 10.0.0.10
start time: 1741057518951
local preference: 217
end time: 1741057518953
Time: 2 ms
--------------------------------------------------
received prefix: 10.0.0.10
start time: 1741057518965
local preference: 215
end time: 1741057518971
Time: 6 ms
--------------------------------------------------
received prefix: 10.0.0.10
start time: 1741057518982
local preference: 218
end time: 1741057518986
Time: 4 ms
--------------------------------------------------
received prefix: 10.0.0.12
start time: 1741057519331
local preference: 211
end time: 1741057519335
Time: 4 ms
--------------------------------------------------
received prefix: 10.0.0.12
start time: 1741057519345
local preference: 211
end time: 1741057519346
Time: 1 ms
--------------------------------------------------
received prefix: 10.0.0.12
start time: 1741057519354
local preference: 211
end time: 1741057519355
Time: 1 ms
--------------------------------------------------
received prefix: 10.0.0.12
start time: 1741057519357
local preference: 209
end time: 1741057519358
Time: 1 ms
--------------------------------------------------
received prefix: 10.0.0.12
start time: 1741057519365
local preference: 211
end time: 1741057519366
Time: 1 ms
--------------------------------------------------
received prefix: 10.0.0.13
start time: 1741057522236
local preference: 214
end time: 1741057522240
Time: 4 ms
--------------------------------------------------
received prefix: 10.0.0.14
start time: 1741057522819
local preference: 205
end time: 1741057522819
Time: 0 ms
--------------------------------------------------
received prefix: 10.0.0.7
start time: 1741057553547
local preference: 223
end time: 1741057553549
Time: 2 ms
--------------------------------------------------
received prefix: 10.0.0.8
start time: 1741057554057
local preference: 208
end time: 1741057554057
Time: 0 ms
--------------------------------------------------
received prefix: 10.0.0.11
start time: 1741057557196
local preference: 203
end time: 1741057557197
Time: 1 ms
--------------------------------------------------
received prefix: 10.0.0.11
start time: 1741057557205
local preference: 203
end time: 1741057557208
Time: 3 ms
--------------------------------------------------
received prefix: 10.0.0.11
start time: 1741057557237
local preference: 201
end time: 1741057557239
Time: 2 ms
--------------------------------------------------
received prefix: 10.0.0.11
start time: 1741057557244
local preference: 204
end time: 1741057557245
Time: 1 ms
--------------------------------------------------
received prefix: 10.0.0.11
start time: 1741057557247
local preference: 203
end time: 1741057557248
Time: 1 ms
--------------------------------------------------
received prefix: 10.0.0.9
start time: 1741057557263
local preference: 220
end time: 1741057557264
Time: 1 ms
--------------------------------------------------
received prefix: 10.0.0.9
start time: 1741057557273
local preference: 220
end time: 1741057557277
Time: 4 ms
--------------------------------------------------
received prefix: 10.0.0.9
start time: 1741057557295
local preference: 218
end time: 1741057557296
Time: 1 ms
--------------------------------------------------
received prefix: 10.0.0.9
start time: 1741057557300
local preference: 220
end time: 1741057557303
Time: 3 ms
--------------------------------------------------
received prefix: 10.0.0.9
start time: 1741057557305
local preference: 220
end time: 1741057557306
Time: 1 ms
--------------------------------------------------
received prefix: 10.0.0.10
start time: 1741057557327
local preference: 218
end time: 1741057557328
Time: 1 ms
--------------------------------------------------
received prefix: 10.0.0.10
start time: 1741057557330
local preference: 218
end time: 1741057557334
Time: 4 ms
--------------------------------------------------
received prefix: 10.0.0.10
start time: 1741057557341
local preference: 216
end time: 1741057557342
Time: 1 ms
--------------------------------------------------
received prefix: 10.0.0.10
start time: 1741057557355
local preference: 218
end time: 1741057557356
Time: 1 ms
--------------------------------------------------
received prefix: 10.0.0.10
start time: 1741057557369
local preference: 218
end time: 1741057557372
Time: 3 ms
--------------------------------------------------
received prefix: 10.0.0.12
start time: 1741057557397
local preference: 211
end time: 1741057557398
Time: 1 ms
--------------------------------------------------
received prefix: 10.0.0.12
start time: 1741057557404
local preference: 211
end time: 1741057557407
Time: 3 ms
--------------------------------------------------
received prefix: 10.0.0.12
start time: 1741057557446
local preference: 209
end time: 1741057557447
Time: 1 ms
--------------------------------------------------
received prefix: 10.0.0.12
start time: 1741057557451
local preference: 212
end time: 1741057557452
Time: 1 ms
--------------------------------------------------
received prefix: 10.0.0.12
start time: 1741057557454
local preference: 211
end time: 1741057557455
Time: 1 ms
--------------------------------------------------
received prefix: 10.0.0.11
start time: 1741057557523
local preference: 203
end time: 1741057557524
Time: 1 ms
--------------------------------------------------
received prefix: 10.0.0.11
start time: 1741057557526
local preference: 203
end time: 1741057557527
Time: 1 ms
--------------------------------------------------
received prefix: 10.0.0.11
start time: 1741057557529
local preference: 201
end time: 1741057557530
Time: 1 ms
--------------------------------------------------
received prefix: 10.0.0.11
start time: 1741057557532
local preference: 204
end time: 1741057557536
Time: 4 ms
--------------------------------------------------
received prefix: 10.0.0.11
start time: 1741057557543
local preference: 203
end time: 1741057557544
Time: 1 ms
--------------------------------------------------
received prefix: 10.0.0.9
start time: 1741057557589
local preference: 220
end time: 1741057557589
Time: 0 ms
--------------------------------------------------
received prefix: 10.0.0.9
start time: 1741057557592
local preference: 220
end time: 1741057557593
Time: 1 ms
--------------------------------------------------
received prefix: 10.0.0.9
start time: 1741057557596
local preference: 218
end time: 1741057557597
Time: 1 ms
--------------------------------------------------
received prefix: 10.0.0.9
start time: 1741057557602
local preference: 220
end time: 1741057557606
Time: 4 ms
--------------------------------------------------
received prefix: 10.0.0.9
start time: 1741057557623
local preference: 220
end time: 1741057557624
Time: 1 ms
--------------------------------------------------
received prefix: 10.0.0.10
start time: 1741057557659
local preference: 218
end time: 1741057557660
Time: 1 ms
--------------------------------------------------
received prefix: 10.0.0.10
start time: 1741057557662
local preference: 218
end time: 1741057557662
Time: 0 ms
--------------------------------------------------
received prefix: 10.0.0.10
start time: 1741057557681
local preference: 216
end time: 1741057557682
Time: 1 ms
--------------------------------------------------
received prefix: 10.0.0.10
start time: 1741057557686
local preference: 218
end time: 1741057557689
Time: 3 ms
--------------------------------------------------
received prefix: 10.0.0.10
start time: 1741057557691
local preference: 218
end time: 1741057557693
Time: 2 ms
--------------------------------------------------
received prefix: 10.0.0.12
start time: 1741057557741
local preference: 211
end time: 1741057557742
Time: 1 ms
--------------------------------------------------
received prefix: 10.0.0.12
start time: 1741057557780
local preference: 211
end time: 1741057557782
Time: 2 ms
--------------------------------------------------
received prefix: 10.0.0.12
start time: 1741057557784
local preference: 209
end time: 1741057557785
Time: 1 ms
--------------------------------------------------
received prefix: 10.0.0.12
start time: 1741057557787
local preference: 212
end time: 1741057557788
Time: 1 ms
--------------------------------------------------
received prefix: 10.0.0.12
start time: 1741057557790
local preference: 211
end time: 1741057557790
Time: 0 ms
--------------------------------------------------
received prefix: 10.0.0.11
start time: 1741057557901
local preference: 203
end time: 1741057557906
Time: 5 ms
--------------------------------------------------
received prefix: 10.0.0.11
start time: 1741057557920
local preference: 203
end time: 1741057557921
Time: 1 ms
--------------------------------------------------
received prefix: 10.0.0.11
start time: 1741057557923
local preference: 201
end time: 1741057557924
Time: 1 ms
--------------------------------------------------
received prefix: 10.0.0.11
start time: 1741057557927
local preference: 204
end time: 1741057557928
Time: 1 ms
--------------------------------------------------
received prefix: 10.0.0.11
start time: 1741057557930
local preference: 203
end time: 1741057557931
Time: 1 ms
--------------------------------------------------
received prefix: 10.0.0.9
start time: 1741057558197
local preference: 220
end time: 1741057558197
Time: 0 ms
--------------------------------------------------
received prefix: 10.0.0.9
start time: 1741057558201
local preference: 220
end time: 1741057558205
Time: 4 ms
--------------------------------------------------
received prefix: 10.0.0.9
start time: 1741057558213
local preference: 218
end time: 1741057558214
Time: 1 ms
--------------------------------------------------
received prefix: 10.0.0.9
start time: 1741057558219
local preference: 220
end time: 1741057558222
Time: 3 ms
--------------------------------------------------
received prefix: 10.0.0.9
start time: 1741057558226
local preference: 220
end time: 1741057558227
Time: 1 ms
--------------------------------------------------
received prefix: 10.0.0.10
start time: 1741057558429
local preference: 218
end time: 1741057558430
Time: 1 ms
--------------------------------------------------
received prefix: 10.0.0.10
start time: 1741057558445
local preference: 218
end time: 1741057558446
Time: 1 ms
--------------------------------------------------
received prefix: 10.0.0.10
start time: 1741057558466
local preference: 216
end time: 1741057558472
Time: 6 ms
--------------------------------------------------
received prefix: 10.0.0.10
start time: 1741057558492
local preference: 218
end time: 1741057558493
Time: 1 ms
--------------------------------------------------
received prefix: 10.0.0.10
start time: 1741057558495
local preference: 218
end time: 1741057558496
Time: 1 ms
--------------------------------------------------
received prefix: 10.0.0.12
start time: 1741057559158
local preference: 211
end time: 1741057559158
Time: 0 ms
--------------------------------------------------
received prefix: 10.0.0.12
start time: 1741057559192
local preference: 211
end time: 1741057559192
Time: 0 ms
--------------------------------------------------
received prefix: 10.0.0.12
start time: 1741057559197
local preference: 209
end time: 1741057559198
Time: 1 ms
--------------------------------------------------
received prefix: 10.0.0.12
start time: 1741057559201
local preference: 212
end time: 1741057559202
Time: 1 ms
--------------------------------------------------
received prefix: 10.0.0.12
start time: 1741057559234
local preference: 211
end time: 1741057559236
Time: 2 ms
--------------------------------------------------
received prefix: 10.0.0.11
start time: 1741057559591
local preference: 203
end time: 1741057559595
Time: 4 ms
--------------------------------------------------
received prefix: 10.0.0.11
start time: 1741057559619
local preference: 203
end time: 1741057559620
Time: 1 ms
--------------------------------------------------
received prefix: 10.0.0.11
start time: 1741057559622
local preference: 203
end time: 1741057559623
Time: 1 ms
--------------------------------------------------
received prefix: 10.0.0.11
start time: 1741057559626
local preference: 204
end time: 1741057559626
Time: 0 ms
--------------------------------------------------
received prefix: 10.0.0.11
start time: 1741057559629
local preference: 203
end time: 1741057559629
Time: 0 ms
--------------------------------------------------
received prefix: 10.0.0.9
start time: 1741057559683
local preference: 220
end time: 1741057559684
Time: 1 ms
--------------------------------------------------
received prefix: 10.0.0.9
start time: 1741057559694
local preference: 220
end time: 1741057559695
Time: 1 ms
--------------------------------------------------
received prefix: 10.0.0.9
start time: 1741057559704
local preference: 220
end time: 1741057559707
Time: 3 ms
--------------------------------------------------
received prefix: 10.0.0.9
start time: 1741057559711
local preference: 220
end time: 1741057559713
Time: 2 ms
--------------------------------------------------
received prefix: 10.0.0.9
start time: 1741057559719
local preference: 220
end time: 1741057559721
Time: 2 ms
--------------------------------------------------
received prefix: 10.0.0.10
start time: 1741057559761
local preference: 218
end time: 1741057559762
Time: 1 ms
--------------------------------------------------
received prefix: 10.0.0.10
start time: 1741057559764
local preference: 218
end time: 1741057559765
Time: 1 ms
--------------------------------------------------
received prefix: 10.0.0.10
start time: 1741057559772
local preference: 218
end time: 1741057559774
Time: 2 ms
--------------------------------------------------
received prefix: 10.0.0.10
start time: 1741057559778
local preference: 218
end time: 1741057559779
Time: 1 ms
--------------------------------------------------
received prefix: 10.0.0.10
start time: 1741057559801
local preference: 218
end time: 1741057559802
Time: 1 ms
--------------------------------------------------
received prefix: 10.0.0.12
start time: 1741057559957
local preference: 211
end time: 1741057559958
Time: 1 ms
--------------------------------------------------
received prefix: 10.0.0.12
start time: 1741057559960
local preference: 211
end time: 1741057559961
Time: 1 ms
--------------------------------------------------
received prefix: 10.0.0.12
start time: 1741057559963
local preference: 211
end time: 1741057559964
Time: 1 ms
--------------------------------------------------
received prefix: 10.0.0.12
start time: 1741057559986
local preference: 212
end time: 1741057559987
Time: 1 ms
--------------------------------------------------
received prefix: 10.0.0.12
start time: 1741057559990
local preference: 211
end time: 1741057559991
Time: 1 ms
--------------------------------------------------
received prefix: 10.0.0.11
start time: 1741057560061
local preference: 203
end time: 1741057560064
Time: 3 ms
--------------------------------------------------
received prefix: 10.0.0.11
start time: 1741057560076
local preference: 203
end time: 1741057560078
Time: 2 ms
--------------------------------------------------
received prefix: 10.0.0.11
start time: 1741057560097
local preference: 203
end time: 1741057560098
Time: 1 ms
--------------------------------------------------
received prefix: 10.0.0.11
start time: 1741057560103
local preference: 201
end time: 1741057560104
Time: 1 ms
--------------------------------------------------
received prefix: 10.0.0.11
start time: 1741057560106
local preference: 203
end time: 1741057560110
Time: 4 ms
--------------------------------------------------
received prefix: 10.0.0.9
start time: 1741057560129
local preference: 220
end time: 1741057560129
Time: 0 ms
--------------------------------------------------
received prefix: 10.0.0.9
start time: 1741057560131
local preference: 220
end time: 1741057560133
Time: 2 ms
--------------------------------------------------
received prefix: 10.0.0.9
start time: 1741057560142
local preference: 220
end time: 1741057560145
Time: 3 ms
--------------------------------------------------
received prefix: 10.0.0.9
start time: 1741057560224
local preference: 218
end time: 1741057560224
Time: 0 ms
--------------------------------------------------
received prefix: 10.0.0.9
start time: 1741057560227
local preference: 220
end time: 1741057560228
Time: 1 ms
--------------------------------------------------
received prefix: 10.0.0.10
start time: 1741057560239
local preference: 218
end time: 1741057560242
Time: 3 ms
--------------------------------------------------
received prefix: 10.0.0.10
start time: 1741057560247
local preference: 218
end time: 1741057560248
Time: 1 ms
--------------------------------------------------
received prefix: 10.0.0.10
start time: 1741057560251
local preference: 218
end time: 1741057560252
Time: 1 ms
--------------------------------------------------
received prefix: 10.0.0.10
start time: 1741057560255
local preference: 216
end time: 1741057560256
Time: 1 ms
--------------------------------------------------
received prefix: 10.0.0.10
start time: 1741057560258
local preference: 218
end time: 1741057560259
Time: 1 ms
--------------------------------------------------
received prefix: 10.0.0.12
start time: 1741057560330
local preference: 211
end time: 1741057560332
Time: 2 ms
--------------------------------------------------
received prefix: 10.0.0.12
start time: 1741057560343
local preference: 211
end time: 1741057560345
Time: 2 ms
--------------------------------------------------
received prefix: 10.0.0.12
start time: 1741057560349
local preference: 211
end time: 1741057560351
Time: 2 ms
--------------------------------------------------
received prefix: 10.0.0.12
start time: 1741057560358
local preference: 209
end time: 1741057560361
Time: 3 ms
--------------------------------------------------
received prefix: 10.0.0.12
start time: 1741057560371
local preference: 211
end time: 1741057560374
Time: 3 ms
--------------------------------------------------
received prefix: 10.0.0.13
start time: 1741057560523
local preference: 214
end time: 1741057560524
Time: 1 ms
--------------------------------------------------
received prefix: 10.0.0.13
start time: 1741057560526
local preference: 214
end time: 1741057560527
Time: 1 ms
--------------------------------------------------
received prefix: 10.0.0.13
start time: 1741057560548
local preference: 214
end time: 1741057560548
Time: 0 ms
--------------------------------------------------
received prefix: 10.0.0.13
start time: 1741057560567
local preference: 211
end time: 1741057560568
Time: 1 ms
--------------------------------------------------
received prefix: 10.0.0.13
start time: 1741057560585
local preference: 214
end time: 1741057560586
Time: 1 ms
--------------------------------------------------
received prefix: 10.0.0.14
start time: 1741057561067
local preference: 205
end time: 1741057561068
Time: 1 ms
--------------------------------------------------
received prefix: 10.0.0.14
start time: 1741057561073
local preference: 205
end time: 1741057561079
Time: 6 ms
--------------------------------------------------
received prefix: 10.0.0.14
start time: 1741057561092
local preference: 205
end time: 1741057561094
Time: 2 ms
--------------------------------------------------
received prefix: 10.0.0.14
start time: 1741057561099
local preference: 203
end time: 1741057561102
Time: 3 ms
--------------------------------------------------
received prefix: 10.0.0.14
start time: 1741057561110
local preference: 206
end time: 1741057561111
Time: 1 ms
--------------------------------------------------
received prefix: 10.0.0.20
start time: 1741057564458
local preference: 200
end time: 1741057564459
Time: 1 ms
--------------------------------------------------
received prefix: 10.0.0.15
start time: 1741057565155
local preference: 204
end time: 1741057565156
Time: 1 ms
--------------------------------------------------
received prefix: 10.0.0.16
start time: 1741057565755
local preference: 216
end time: 1741057565756
Time: 1 ms
--------------------------------------------------
received prefix: 10.0.0.17
start time: 1741057566931
local preference: 209
end time: 1741057566936
Time: 5 ms
--------------------------------------------------
received prefix: 10.0.0.18
start time: 1741057567378
local preference: 223
end time: 1741057567382
Time: 4 ms
--------------------------------------------------
received prefix: 10.0.0.19
start time: 1741057567979
local preference: 219
end time: 1741057567980
Time: 1 ms
--------------------------------------------------
received prefix: 10.0.0.11
start time: 1741057596344
local preference: 207
end time: 1741057596345
Time: 1 ms
--------------------------------------------------
received prefix: 10.0.0.9
start time: 1741057596794
local preference: 224
end time: 1741057596796
Time: 2 ms
--------------------------------------------------
received prefix: 10.0.0.10
start time: 1741057597294
local preference: 221
end time: 1741057597295
Time: 1 ms
--------------------------------------------------
received prefix: 10.0.0.12
start time: 1741057597921
local preference: 215
end time: 1741057597922
Time: 1 ms
--------------------------------------------------
received prefix: 10.0.0.20
start time: 1741057602088
local preference: 200
end time: 1741057602089
Time: 1 ms
--------------------------------------------------
received prefix: 10.0.0.20
start time: 1741057602105
local preference: 200
end time: 1741057602107
Time: 2 ms
--------------------------------------------------
received prefix: 10.0.0.20
start time: 1741057602123
local preference: 200
end time: 1741057602124
Time: 1 ms
--------------------------------------------------
received prefix: 10.0.0.20
start time: 1741057602137
local preference: 198
end time: 1741057602138
Time: 1 ms
--------------------------------------------------
received prefix: 10.0.0.20
start time: 1741057602141
local preference: 200
end time: 1741057602144
Time: 3 ms
--------------------------------------------------
received prefix: 10.0.0.15
start time: 1741057602428
local preference: 204
end time: 1741057602429
Time: 1 ms
--------------------------------------------------
received prefix: 10.0.0.15
start time: 1741057602432
local preference: 204
end time: 1741057602434
Time: 2 ms
--------------------------------------------------
received prefix: 10.0.0.15
start time: 1741057602461
local preference: 204
end time: 1741057602462
Time: 1 ms
--------------------------------------------------
received prefix: 10.0.0.15
start time: 1741057602465
local preference: 201
end time: 1741057602465
Time: 0 ms
--------------------------------------------------
received prefix: 10.0.0.15
start time: 1741057602471
local preference: 204
end time: 1741057602472
Time: 1 ms
--------------------------------------------------
received prefix: 10.0.0.16
start time: 1741057602653
local preference: 218
end time: 1741057602654
Time: 1 ms
--------------------------------------------------
received prefix: 10.0.0.16
start time: 1741057602664
local preference: 218
end time: 1741057602665
Time: 1 ms
--------------------------------------------------
received prefix: 10.0.0.16
start time: 1741057602672
local preference: 217
end time: 1741057602677
Time: 5 ms
--------------------------------------------------
received prefix: 10.0.0.16
start time: 1741057602693
local preference: 232
end time: 1741057602696
Time: 3 ms
--------------------------------------------------
received prefix: 10.0.0.16
start time: 1741057602705
local preference: 216
end time: 1741057602705
Time: 0 ms
--------------------------------------------------
received prefix: 10.0.0.17
start time: 1741057602875
local preference: 208
end time: 1741057602877
Time: 2 ms
--------------------------------------------------
received prefix: 10.0.0.17
start time: 1741057602883
local preference: 209
end time: 1741057602884
Time: 1 ms
--------------------------------------------------
received prefix: 10.0.0.17
start time: 1741057602909
local preference: 208
end time: 1741057602912
Time: 3 ms
--------------------------------------------------
received prefix: 10.0.0.17
start time: 1741057602915
local preference: 206
end time: 1741057602916
Time: 1 ms
--------------------------------------------------
received prefix: 10.0.0.17
start time: 1741057602923
local preference: 209
end time: 1741057602923
Time: 0 ms
--------------------------------------------------
received prefix: 10.0.0.18
start time: 1741057603145
local preference: 223
end time: 1741057603146
Time: 1 ms
--------------------------------------------------
received prefix: 10.0.0.18
start time: 1741057603169
local preference: 223
end time: 1741057603170
Time: 1 ms
--------------------------------------------------
received prefix: 10.0.0.18
start time: 1741057603172
local preference: 223
end time: 1741057603173
Time: 1 ms
--------------------------------------------------
received prefix: 10.0.0.18
start time: 1741057603175
local preference: 221
end time: 1741057603177
Time: 2 ms
--------------------------------------------------
received prefix: 10.0.0.18
start time: 1741057603182
local preference: 223
end time: 1741057603183
Time: 1 ms
--------------------------------------------------
received prefix: 10.0.0.19
start time: 1741057603326
local preference: 219
end time: 1741057603329
Time: 3 ms
--------------------------------------------------
received prefix: 10.0.0.19
start time: 1741057603348
local preference: 219
end time: 1741057603352
Time: 4 ms
--------------------------------------------------
received prefix: 10.0.0.19
start time: 1741057603356
local preference: 219
end time: 1741057603357
Time: 1 ms
--------------------------------------------------
received prefix: 10.0.0.19
start time: 1741057603365
local preference: 216
end time: 1741057603366
Time: 1 ms
--------------------------------------------------
received prefix: 10.0.0.19
start time: 1741057603370
local preference: 219
end time: 1741057603375
Time: 5 ms
--------------------------------------------------
received prefix: 10.0.0.21
start time: 1741057604060
local preference: 212
end time: 1741057604061
Time: 1 ms
--------------------------------------------------
received prefix: 10.0.0.22
start time: 1741057604223
local preference: 204
end time: 1741057604227
Time: 4 ms
--------------------------------------------------
received prefix: 10.0.0.25
start time: 1741057621252
local preference: 177
end time: 1741057621254
Time: 2 ms
--------------------------------------------------
received prefix: 10.0.0.16
start time: 1741057625491
local preference: 168
end time: 1741057625492
Time: 1 ms
--------------------------------------------------
received prefix: 10.0.0.18
start time: 1741057625989
local preference: 227
end time: 1741057625992
Time: 3 ms
--------------------------------------------------
received prefix: 10.0.0.19
start time: 1741057626496
local preference: 223
end time: 1741057626497
Time: 1 ms
--------------------------------------------------
received prefix: 10.0.0.27
start time: 1741057639380
local preference: 179
end time: 1741057639380
Time: 0 ms
--------------------------------------------------
