received prefix: 10.0.0.20
start time: 1741013268494
local preference: 280
end time: 1741013268496
Time: 2 ms
--------------------------------------------------
received prefix: 10.0.0.13
start time: 1741013268557
local preference: 280
end time: 1741013268557
Time: 0 ms
--------------------------------------------------
received prefix: 10.0.0.14
start time: 1741013268597
local preference: 280
end time: 1741013268598
Time: 1 ms
--------------------------------------------------
received prefix: 10.0.0.11
start time: 1741013268655
local preference: 281
end time: 1741013268656
Time: 1 ms
--------------------------------------------------
received prefix: 10.0.0.7
start time: 1741013268748
local preference: 280
end time: 1741013268749
Time: 1 ms
--------------------------------------------------
received prefix: 10.0.0.8
start time: 1741013268844
local preference: 280
end time: 1741013268844
Time: 0 ms
--------------------------------------------------
received prefix: 10.0.0.6
start time: 1741013268922
local preference: 280
end time: 1741013268923
Time: 1 ms
--------------------------------------------------
received prefix: 10.0.0.1
start time: 1741013269003
local preference: 280
end time: 1741013269004
Time: 1 ms
--------------------------------------------------
received prefix: 10.0.0.2
start time: 1741013269074
local preference: 280
end time: 1741013269075
Time: 1 ms
--------------------------------------------------
received prefix: 10.0.0.3
start time: 1741013269132
local preference: 280
end time: 1741013269134
Time: 2 ms
--------------------------------------------------
received prefix: 10.0.0.4
start time: 1741013269215
local preference: 279
end time: 1741013269216
Time: 1 ms
--------------------------------------------------
received prefix: 10.0.0.5
start time: 1741013269331
local preference: 280
end time: 1741013269333
Time: 2 ms
--------------------------------------------------
received prefix: 10.0.0.9
start time: 1741013269417
local preference: 280
end time: 1741013269418
Time: 1 ms
--------------------------------------------------
received prefix: 10.0.0.10
start time: 1741013269508
local preference: 280
end time: 1741013269509
Time: 1 ms
--------------------------------------------------
received prefix: 10.0.0.15
start time: 1741013269585
local preference: 280
end time: 1741013269587
Time: 2 ms
--------------------------------------------------
received prefix: 10.0.0.16
start time: 1741013269726
local preference: 280
end time: 1741013269726
Time: 0 ms
--------------------------------------------------
received prefix: 10.0.0.17
start time: 1741013269826
local preference: 280
end time: 1741013269827
Time: 1 ms
--------------------------------------------------
received prefix: 10.0.0.18
start time: 1741013269912
local preference: 280
end time: 1741013269912
Time: 0 ms
--------------------------------------------------
received prefix: 10.0.0.19
start time: 1741013270000
local preference: 280
end time: 1741013270001
Time: 1 ms
--------------------------------------------------
received prefix: 10.0.0.21
start time: 1741013270064
local preference: 280
end time: 1741013270065
Time: 1 ms
--------------------------------------------------
received prefix: 10.0.0.21
start time: 1741013270070
local preference: 280
end time: 1741013270071
Time: 1 ms
--------------------------------------------------
received prefix: 10.0.0.21
start time: 1741013270095
local preference: 280
end time: 1741013270095
Time: 0 ms
--------------------------------------------------
received prefix: 10.0.0.21
start time: 1741013270104
local preference: 280
end time: 1741013270104
Time: 0 ms
--------------------------------------------------
received prefix: 10.0.0.22
start time: 1741013270152
local preference: 280
end time: 1741013270153
Time: 1 ms
--------------------------------------------------
received prefix: 10.0.0.22
start time: 1741013270173
local preference: 280
end time: 1741013270173
Time: 0 ms
--------------------------------------------------
received prefix: 10.0.0.22
start time: 1741013270210
local preference: 280
end time: 1741013270211
Time: 1 ms
--------------------------------------------------
received prefix: 10.0.0.22
start time: 1741013270231
local preference: 280
end time: 1741013270232
Time: 1 ms
--------------------------------------------------
received prefix: 10.0.0.20
start time: 1741013270408
local preference: 280
end time: 1741013270409
Time: 1 ms
--------------------------------------------------
received prefix: 10.0.0.20
start time: 1741013270430
local preference: 280
end time: 1741013270431
Time: 1 ms
--------------------------------------------------
received prefix: 10.0.0.20
start time: 1741013270447
local preference: 280
end time: 1741013270448
Time: 1 ms
--------------------------------------------------
received prefix: 10.0.0.20
start time: 1741013270513
local preference: 280
end time: 1741013270514
Time: 1 ms
--------------------------------------------------
received prefix: 10.0.0.13
start time: 1741013270582
local preference: 280
end time: 1741013270583
Time: 1 ms
--------------------------------------------------
received prefix: 10.0.0.13
start time: 1741013270591
local preference: 281
end time: 1741013270592
Time: 1 ms
--------------------------------------------------
received prefix: 10.0.0.13
start time: 1741013270640
local preference: 281
end time: 1741013270641
Time: 1 ms
--------------------------------------------------
received prefix: 10.0.0.13
start time: 1741013270670
local preference: 281
end time: 1741013270671
Time: 1 ms
--------------------------------------------------
received prefix: 10.0.0.14
start time: 1741013270758
local preference: 280
end time: 1741013270759
Time: 1 ms
--------------------------------------------------
received prefix: 10.0.0.14
start time: 1741013270811
local preference: 280
end time: 1741013270812
Time: 1 ms
--------------------------------------------------
received prefix: 10.0.0.14
start time: 1741013270863
local preference: 280
end time: 1741013270864
Time: 1 ms
--------------------------------------------------
received prefix: 10.0.0.14
start time: 1741013270875
local preference: 280
end time: 1741013270876
Time: 1 ms
--------------------------------------------------
received prefix: 10.0.0.11
start time: 1741013270948
local preference: 281
end time: 1741013270949
Time: 1 ms
--------------------------------------------------
received prefix: 10.0.0.11
start time: 1741013270981
local preference: 281
end time: 1741013270982
Time: 1 ms
--------------------------------------------------
received prefix: 10.0.0.11
start time: 1741013271028
local preference: 281
end time: 1741013271030
Time: 2 ms
--------------------------------------------------
received prefix: 10.0.0.11
start time: 1741013271057
local preference: 281
end time: 1741013271058
Time: 1 ms
--------------------------------------------------
received prefix: 10.0.0.7
start time: 1741013271116
local preference: 280
end time: 1741013271117
Time: 1 ms
--------------------------------------------------
received prefix: 10.0.0.7
start time: 1741013271179
local preference: 280
end time: 1741013271181
Time: 2 ms
--------------------------------------------------
received prefix: 10.0.0.7
start time: 1741013271240
local preference: 280
end time: 1741013271241
Time: 1 ms
--------------------------------------------------
received prefix: 10.0.0.7
start time: 1741013271253
local preference: 280
end time: 1741013271253
Time: 0 ms
--------------------------------------------------
received prefix: 10.0.0.8
start time: 1741013271336
local preference: 280
end time: 1741013271336
Time: 0 ms
--------------------------------------------------
received prefix: 10.0.0.8
start time: 1741013271404
local preference: 280
end time: 1741013271405
Time: 1 ms
--------------------------------------------------
received prefix: 10.0.0.8
start time: 1741013271411
local preference: 280
end time: 1741013271412
Time: 1 ms
--------------------------------------------------
received prefix: 10.0.0.8
start time: 1741013271472
local preference: 280
end time: 1741013271473
Time: 1 ms
--------------------------------------------------
received prefix: 10.0.0.6
start time: 1741013271555
local preference: 280
end time: 1741013271556
Time: 1 ms
--------------------------------------------------
received prefix: 10.0.0.6
start time: 1741013271626
local preference: 280
end time: 1741013271628
Time: 2 ms
--------------------------------------------------
received prefix: 10.0.0.6
start time: 1741013271655
local preference: 280
end time: 1741013271658
Time: 3 ms
--------------------------------------------------
received prefix: 10.0.0.6
start time: 1741013271711
local preference: 280
end time: 1741013271712
Time: 1 ms
--------------------------------------------------
received prefix: 10.0.0.1
start time: 1741013271781
local preference: 280
end time: 1741013271782
Time: 1 ms
--------------------------------------------------
received prefix: 10.0.0.1
start time: 1741013271842
local preference: 280
end time: 1741013271843
Time: 1 ms
--------------------------------------------------
received prefix: 10.0.0.1
start time: 1741013271865
local preference: 280
end time: 1741013271866
Time: 1 ms
--------------------------------------------------
received prefix: 10.0.0.1
start time: 1741013271875
local preference: 280
end time: 1741013271877
Time: 2 ms
--------------------------------------------------
received prefix: 10.0.0.2
start time: 1741013271994
local preference: 280
end time: 1741013271995
Time: 1 ms
--------------------------------------------------
received prefix: 10.0.0.2
start time: 1741013272067
local preference: 280
end time: 1741013272068
Time: 1 ms
--------------------------------------------------
received prefix: 10.0.0.2
start time: 1741013272104
local preference: 280
end time: 1741013272105
Time: 1 ms
--------------------------------------------------
received prefix: 10.0.0.2
start time: 1741013272141
local preference: 280
end time: 1741013272143
Time: 2 ms
--------------------------------------------------
received prefix: 10.0.0.3
start time: 1741013272274
local preference: 280
end time: 1741013272275
Time: 1 ms
--------------------------------------------------
received prefix: 10.0.0.3
start time: 1741013272349
local preference: 280
end time: 1741013272350
Time: 1 ms
--------------------------------------------------
received prefix: 10.0.0.3
start time: 1741013272356
local preference: 280
end time: 1741013272356
Time: 0 ms
--------------------------------------------------
received prefix: 10.0.0.3
start time: 1741013272413
local preference: 280
end time: 1741013272416
Time: 3 ms
--------------------------------------------------
received prefix: 10.0.0.4
start time: 1741013272504
local preference: 279
end time: 1741013272505
Time: 1 ms
--------------------------------------------------
received prefix: 10.0.0.4
start time: 1741013272530
local preference: 279
end time: 1741013272531
Time: 1 ms
--------------------------------------------------
received prefix: 10.0.0.4
start time: 1741013272566
local preference: 279
end time: 1741013272567
Time: 1 ms
--------------------------------------------------
received prefix: 10.0.0.4
start time: 1741013272571
local preference: 279
end time: 1741013272572
Time: 1 ms
--------------------------------------------------
received prefix: 10.0.0.5
start time: 1741013272628
local preference: 280
end time: 1741013272629
Time: 1 ms
--------------------------------------------------
received prefix: 10.0.0.5
start time: 1741013272662
local preference: 280
end time: 1741013272663
Time: 1 ms
--------------------------------------------------
received prefix: 10.0.0.5
start time: 1741013272685
local preference: 280
end time: 1741013272687
Time: 2 ms
--------------------------------------------------
received prefix: 10.0.0.5
start time: 1741013272719
local preference: 280
end time: 1741013272720
Time: 1 ms
--------------------------------------------------
received prefix: 10.0.0.9
start time: 1741013272806
local preference: 280
end time: 1741013272807
Time: 1 ms
--------------------------------------------------
received prefix: 10.0.0.9
start time: 1741013272845
local preference: 280
end time: 1741013272846
Time: 1 ms
--------------------------------------------------
received prefix: 10.0.0.9
start time: 1741013272856
local preference: 280
end time: 1741013272857
Time: 1 ms
--------------------------------------------------
received prefix: 10.0.0.9
start time: 1741013272905
local preference: 280
end time: 1741013272906
Time: 1 ms
--------------------------------------------------
received prefix: 10.0.0.10
start time: 1741013272984
local preference: 280
end time: 1741013272986
Time: 2 ms
--------------------------------------------------
received prefix: 10.0.0.10
start time: 1741013273050
local preference: 280
end time: 1741013273051
Time: 1 ms
--------------------------------------------------
received prefix: 10.0.0.10
start time: 1741013273099
local preference: 280
end time: 1741013273102
Time: 3 ms
--------------------------------------------------
received prefix: 10.0.0.10
start time: 1741013273154
local preference: 280
end time: 1741013273155
Time: 1 ms
--------------------------------------------------
received prefix: 10.0.0.15
start time: 1741013273247
local preference: 280
end time: 1741013273249
Time: 2 ms
--------------------------------------------------
received prefix: 10.0.0.15
start time: 1741013273288
local preference: 280
end time: 1741013273289
Time: 1 ms
--------------------------------------------------
received prefix: 10.0.0.15
start time: 1741013273297
local preference: 280
end time: 1741013273298
Time: 1 ms
--------------------------------------------------
received prefix: 10.0.0.15
start time: 1741013273343
local preference: 280
end time: 1741013273344
Time: 1 ms
--------------------------------------------------
received prefix: 10.0.0.16
start time: 1741013273422
local preference: 280
end time: 1741013273423
Time: 1 ms
--------------------------------------------------
received prefix: 10.0.0.16
start time: 1741013273492
local preference: 281
end time: 1741013273493
Time: 1 ms
--------------------------------------------------
received prefix: 10.0.0.16
start time: 1741013273501
local preference: 280
end time: 1741013273502
Time: 1 ms
--------------------------------------------------
received prefix: 10.0.0.16
start time: 1741013273536
local preference: 280
end time: 1741013273537
Time: 1 ms
--------------------------------------------------
received prefix: 10.0.0.17
start time: 1741013273607
local preference: 280
end time: 1741013273608
Time: 1 ms
--------------------------------------------------
received prefix: 10.0.0.17
start time: 1741013273652
local preference: 280
end time: 1741013273653
Time: 1 ms
--------------------------------------------------
received prefix: 10.0.0.17
start time: 1741013273711
local preference: 280
end time: 1741013273712
Time: 1 ms
--------------------------------------------------
received prefix: 10.0.0.17
start time: 1741013273750
local preference: 280
end time: 1741013273751
Time: 1 ms
--------------------------------------------------
received prefix: 10.0.0.18
start time: 1741013273887
local preference: 280
end time: 1741013273889
Time: 2 ms
--------------------------------------------------
received prefix: 10.0.0.18
start time: 1741013273926
local preference: 280
end time: 1741013273930
Time: 4 ms
--------------------------------------------------
received prefix: 10.0.0.18
start time: 1741013273978
local preference: 280
end time: 1741013273980
Time: 2 ms
--------------------------------------------------
received prefix: 10.0.0.18
start time: 1741013274043
local preference: 280
end time: 1741013274044
Time: 1 ms
--------------------------------------------------
received prefix: 10.0.0.19
start time: 1741013274123
local preference: 280
end time: 1741013274124
Time: 1 ms
--------------------------------------------------
received prefix: 10.0.0.19
start time: 1741013274173
local preference: 281
end time: 1741013274174
Time: 1 ms
--------------------------------------------------
received prefix: 10.0.0.19
start time: 1741013274201
local preference: 280
end time: 1741013274202
Time: 1 ms
--------------------------------------------------
received prefix: 10.0.0.19
start time: 1741013274260
local preference: 280
end time: 1741013274260
Time: 0 ms
--------------------------------------------------
received prefix: 10.0.0.23
start time: 1741013274454
local preference: 280
end time: 1741013274455
Time: 1 ms
--------------------------------------------------
received prefix: 10.0.0.23
start time: 1741013274516
local preference: 280
end time: 1741013274517
Time: 1 ms
--------------------------------------------------
received prefix: 10.0.0.23
start time: 1741013274594
local preference: 280
end time: 1741013274595
Time: 1 ms
--------------------------------------------------
received prefix: 10.0.0.23
start time: 1741013274640
local preference: 280
end time: 1741013274645
Time: 5 ms
--------------------------------------------------
received prefix: 10.0.0.24
start time: 1741013274973
local preference: 280
end time: 1741013274974
Time: 1 ms
--------------------------------------------------
received prefix: 10.0.0.24
start time: 1741013275032
local preference: 280
end time: 1741013275033
Time: 1 ms
--------------------------------------------------
received prefix: 10.0.0.24
start time: 1741013275095
local preference: 280
end time: 1741013275096
Time: 1 ms
--------------------------------------------------
received prefix: 10.0.0.24
start time: 1741013275162
local preference: 280
end time: 1741013275163
Time: 1 ms
--------------------------------------------------
received prefix: 10.0.0.25
start time: 1741013275544
local preference: 280
end time: 1741013275545
Time: 1 ms
--------------------------------------------------
received prefix: 10.0.0.25
start time: 1741013275595
local preference: 280
end time: 1741013275596
Time: 1 ms
--------------------------------------------------
received prefix: 10.0.0.25
start time: 1741013275627
local preference: 280
end time: 1741013275628
Time: 1 ms
--------------------------------------------------
received prefix: 10.0.0.25
start time: 1741013275664
local preference: 280
end time: 1741013275665
Time: 1 ms
--------------------------------------------------
received prefix: 10.0.0.26
start time: 1741013278189
local preference: 280
end time: 1741013278192
Time: 3 ms
--------------------------------------------------
received prefix: 10.0.0.12
start time: 1741013311736
local preference: 281
end time: 1741013311737
Time: 1 ms
--------------------------------------------------
received prefix: 10.0.0.32
start time: 1741013311805
local preference: 280
end time: 1741013311805
Time: 0 ms
--------------------------------------------------
received prefix: 10.0.0.26
start time: 1741013311918
local preference: 280
end time: 1741013311919
Time: 1 ms
--------------------------------------------------
received prefix: 10.0.0.27
start time: 1741013312193
local preference: 280
end time: 1741013312195
Time: 2 ms
--------------------------------------------------
received prefix: 10.0.0.28
start time: 1741013312275
local preference: 280
end time: 1741013312276
Time: 1 ms
--------------------------------------------------
received prefix: 10.0.0.29
start time: 1741013312357
local preference: 280
end time: 1741013312359
Time: 2 ms
--------------------------------------------------
received prefix: 10.0.0.30
start time: 1741013312440
local preference: 280
end time: 1741013312441
Time: 1 ms
--------------------------------------------------
received prefix: 10.0.0.31
start time: 1741013312577
local preference: 280
end time: 1741013312577
Time: 0 ms
--------------------------------------------------
received prefix: 10.0.0.12
start time: 1741013312935
local preference: 281
end time: 1741013312936
Time: 1 ms
--------------------------------------------------
received prefix: 10.0.0.12
start time: 1741013312968
local preference: 281
end time: 1741013312970
Time: 2 ms
--------------------------------------------------
received prefix: 10.0.0.12
start time: 1741013313027
local preference: 281
end time: 1741013313028
Time: 1 ms
--------------------------------------------------
received prefix: 10.0.0.12
start time: 1741013313055
local preference: 281
end time: 1741013313056
Time: 1 ms
--------------------------------------------------
received prefix: 10.0.0.32
start time: 1741013313122
local preference: 280
end time: 1741013313123
Time: 1 ms
--------------------------------------------------
received prefix: 10.0.0.32
start time: 1741013313168
local preference: 280
end time: 1741013313169
Time: 1 ms
--------------------------------------------------
received prefix: 10.0.0.32
start time: 1741013313174
local preference: 280
end time: 1741013313175
Time: 1 ms
--------------------------------------------------
received prefix: 10.0.0.32
start time: 1741013313239
local preference: 280
end time: 1741013313241
Time: 2 ms
--------------------------------------------------
received prefix: 10.0.0.26
start time: 1741013313325
local preference: 280
end time: 1741013313326
Time: 1 ms
--------------------------------------------------
received prefix: 10.0.0.26
start time: 1741013313358
local preference: 280
end time: 1741013313358
Time: 0 ms
--------------------------------------------------
received prefix: 10.0.0.26
start time: 1741013313390
local preference: 280
end time: 1741013313392
Time: 2 ms
--------------------------------------------------
received prefix: 10.0.0.27
start time: 1741013313469
local preference: 280
end time: 1741013313470
Time: 1 ms
--------------------------------------------------
received prefix: 10.0.0.27
start time: 1741013313491
local preference: 280
end time: 1741013313491
Time: 0 ms
--------------------------------------------------
received prefix: 10.0.0.27
start time: 1741013313500
local preference: 280
end time: 1741013313501
Time: 1 ms
--------------------------------------------------
received prefix: 10.0.0.27
start time: 1741013313559
local preference: 280
end time: 1741013313560
Time: 1 ms
--------------------------------------------------
received prefix: 10.0.0.28
start time: 1741013313651
local preference: 280
end time: 1741013313651
Time: 0 ms
--------------------------------------------------
received prefix: 10.0.0.28
start time: 1741013313701
local preference: 280
end time: 1741013313702
Time: 1 ms
--------------------------------------------------
received prefix: 10.0.0.28
start time: 1741013313729
local preference: 280
end time: 1741013313729
Time: 0 ms
--------------------------------------------------
received prefix: 10.0.0.28
start time: 1741013313758
local preference: 280
end time: 1741013313760
Time: 2 ms
--------------------------------------------------
received prefix: 10.0.0.29
start time: 1741013313831
local preference: 280
end time: 1741013313832
Time: 1 ms
--------------------------------------------------
received prefix: 10.0.0.29
start time: 1741013313848
local preference: 280
end time: 1741013313849
Time: 1 ms
--------------------------------------------------
received prefix: 10.0.0.29
start time: 1741013313854
local preference: 280
end time: 1741013313855
Time: 1 ms
--------------------------------------------------
received prefix: 10.0.0.29
start time: 1741013313908
local preference: 280
end time: 1741013313909
Time: 1 ms
--------------------------------------------------
received prefix: 10.0.0.30
start time: 1741013314004
local preference: 280
end time: 1741013314005
Time: 1 ms
--------------------------------------------------
received prefix: 10.0.0.30
start time: 1741013314068
local preference: 280
end time: 1741013314069
Time: 1 ms
--------------------------------------------------
received prefix: 10.0.0.30
start time: 1741013314097
local preference: 280
end time: 1741013314098
Time: 1 ms
--------------------------------------------------
received prefix: 10.0.0.30
start time: 1741013314147
local preference: 280
end time: 1741013314148
Time: 1 ms
--------------------------------------------------
received prefix: 10.0.0.31
start time: 1741013314189
local preference: 280
end time: 1741013314189
Time: 0 ms
--------------------------------------------------
received prefix: 10.0.0.31
start time: 1741013314229
local preference: 280
end time: 1741013314229
Time: 0 ms
--------------------------------------------------
received prefix: 10.0.0.31
start time: 1741013314234
local preference: 280
end time: 1741013314235
Time: 1 ms
--------------------------------------------------
received prefix: 10.0.0.31
start time: 1741013314239
local preference: 280
end time: 1741013314241
Time: 2 ms
--------------------------------------------------
received prefix: 10.0.0.20
start time: 1741013792328
local preference: 280
end time: 1741013792329
Time: 1 ms
--------------------------------------------------
received prefix: 10.0.0.13
start time: 1741013792409
local preference: 281
end time: 1741013792410
Time: 1 ms
--------------------------------------------------
received prefix: 10.0.0.14
start time: 1741013792479
local preference: 280
end time: 1741013792479
Time: 0 ms
--------------------------------------------------
received prefix: 10.0.0.11
start time: 1741013792545
local preference: 281
end time: 1741013792546
Time: 1 ms
--------------------------------------------------
received prefix: 10.0.0.7
start time: 1741013792602
local preference: 280
end time: 1741013792603
Time: 1 ms
--------------------------------------------------
received prefix: 10.0.0.8
start time: 1741013792697
local preference: 280
end time: 1741013792698
Time: 1 ms
--------------------------------------------------
received prefix: 10.0.0.6
start time: 1741013792842
local preference: 280
end time: 1741013792843
Time: 1 ms
--------------------------------------------------
received prefix: 10.0.0.1
start time: 1741013792952
local preference: 280
end time: 1741013792953
Time: 1 ms
--------------------------------------------------
received prefix: 10.0.0.2
start time: 1741013793028
local preference: 280
end time: 1741013793029
Time: 1 ms
--------------------------------------------------
received prefix: 10.0.0.3
start time: 1741013793157
local preference: 280
end time: 1741013793159
Time: 2 ms
--------------------------------------------------
received prefix: 10.0.0.4
start time: 1741013793286
local preference: 279
end time: 1741013793287
Time: 1 ms
--------------------------------------------------
received prefix: 10.0.0.5
start time: 1741013793400
local preference: 280
end time: 1741013793401
Time: 1 ms
--------------------------------------------------
received prefix: 10.0.0.9
start time: 1741013793536
local preference: 280
end time: 1741013793537
Time: 1 ms
--------------------------------------------------
received prefix: 10.0.0.10
start time: 1741013793619
local preference: 280
end time: 1741013793619
Time: 0 ms
--------------------------------------------------
received prefix: 10.0.0.15
start time: 1741013793737
local preference: 281
end time: 1741013793737
Time: 0 ms
--------------------------------------------------
received prefix: 10.0.0.16
start time: 1741013793834
local preference: 280
end time: 1741013793835
Time: 1 ms
--------------------------------------------------
received prefix: 10.0.0.17
start time: 1741013793904
local preference: 280
end time: 1741013793905
Time: 1 ms
--------------------------------------------------
received prefix: 10.0.0.18
start time: 1741013794007
local preference: 280
end time: 1741013794008
Time: 1 ms
--------------------------------------------------
received prefix: 10.0.0.19
start time: 1741013794095
local preference: 280
end time: 1741013794096
Time: 1 ms
--------------------------------------------------
received prefix: 10.0.0.21
start time: 1741013794173
local preference: 280
end time: 1741013794175
Time: 2 ms
--------------------------------------------------
received prefix: 10.0.0.21
start time: 1741013794224
local preference: 280
end time: 1741013794224
Time: 0 ms
--------------------------------------------------
received prefix: 10.0.0.21
start time: 1741013794254
local preference: 280
end time: 1741013794256
Time: 2 ms
--------------------------------------------------
received prefix: 10.0.0.21
start time: 1741013794263
local preference: 280
end time: 1741013794264
Time: 1 ms
--------------------------------------------------
received prefix: 10.0.0.22
start time: 1741013794272
local preference: 280
end time: 1741013794272
Time: 0 ms
--------------------------------------------------
received prefix: 10.0.0.22
start time: 1741013794321
local preference: 280
end time: 1741013794323
Time: 2 ms
--------------------------------------------------
received prefix: 10.0.0.22
start time: 1741013794349
local preference: 280
end time: 1741013794350
Time: 1 ms
--------------------------------------------------
received prefix: 10.0.0.22
start time: 1741013794395
local preference: 280
end time: 1741013794396
Time: 1 ms
--------------------------------------------------
received prefix: 10.0.0.20
start time: 1741013794467
local preference: 280
end time: 1741013794468
Time: 1 ms
--------------------------------------------------
received prefix: 10.0.0.20
start time: 1741013794507
local preference: 280
end time: 1741013794507
Time: 0 ms
--------------------------------------------------
received prefix: 10.0.0.20
start time: 1741013794531
local preference: 280
end time: 1741013794532
Time: 1 ms
--------------------------------------------------
received prefix: 10.0.0.20
start time: 1741013794540
local preference: 280
end time: 1741013794540
Time: 0 ms
--------------------------------------------------
received prefix: 10.0.0.13
start time: 1741013794626
local preference: 280
end time: 1741013794626
Time: 0 ms
--------------------------------------------------
received prefix: 10.0.0.13
start time: 1741013794678
local preference: 280
end time: 1741013794679
Time: 1 ms
--------------------------------------------------
received prefix: 10.0.0.13
start time: 1741013794704
local preference: 280
end time: 1741013794704
Time: 0 ms
--------------------------------------------------
received prefix: 10.0.0.13
start time: 1741013794722
local preference: 280
end time: 1741013794723
Time: 1 ms
--------------------------------------------------
received prefix: 10.0.0.14
start time: 1741013794818
local preference: 280
end time: 1741013794819
Time: 1 ms
--------------------------------------------------
received prefix: 10.0.0.14
start time: 1741013794856
local preference: 280
end time: 1741013794857
Time: 1 ms
--------------------------------------------------
received prefix: 10.0.0.14
start time: 1741013794861
local preference: 280
end time: 1741013794862
Time: 1 ms
--------------------------------------------------
received prefix: 10.0.0.14
start time: 1741013794867
local preference: 280
end time: 1741013794868
Time: 1 ms
--------------------------------------------------
received prefix: 10.0.0.11
start time: 1741013794974
local preference: 280
end time: 1741013794976
Time: 2 ms
--------------------------------------------------
received prefix: 10.0.0.11
start time: 1741013795038
local preference: 281
end time: 1741013795040
Time: 2 ms
--------------------------------------------------
received prefix: 10.0.0.11
start time: 1741013795080
local preference: 281
end time: 1741013795080
Time: 0 ms
--------------------------------------------------
received prefix: 10.0.0.11
start time: 1741013795116
local preference: 281
end time: 1741013795117
Time: 1 ms
--------------------------------------------------
received prefix: 10.0.0.7
start time: 1741013795226
local preference: 280
end time: 1741013795228
Time: 2 ms
--------------------------------------------------
received prefix: 10.0.0.7
start time: 1741013795270
local preference: 280
end time: 1741013795272
Time: 2 ms
--------------------------------------------------
received prefix: 10.0.0.7
start time: 1741013795311
local preference: 280
end time: 1741013795312
Time: 1 ms
--------------------------------------------------
received prefix: 10.0.0.7
start time: 1741013795357
local preference: 280
end time: 1741013795359
Time: 2 ms
--------------------------------------------------
received prefix: 10.0.0.8
start time: 1741013795438
local preference: 280
end time: 1741013795440
Time: 2 ms
--------------------------------------------------
received prefix: 10.0.0.8
start time: 1741013795500
local preference: 280
end time: 1741013795500
Time: 0 ms
--------------------------------------------------
received prefix: 10.0.0.8
start time: 1741013795529
local preference: 280
end time: 1741013795530
Time: 1 ms
--------------------------------------------------
received prefix: 10.0.0.8
start time: 1741013795556
local preference: 280
end time: 1741013795557
Time: 1 ms
--------------------------------------------------
received prefix: 10.0.0.6
start time: 1741013795644
local preference: 280
end time: 1741013795645
Time: 1 ms
--------------------------------------------------
received prefix: 10.0.0.6
start time: 1741013795695
local preference: 280
end time: 1741013795696
Time: 1 ms
--------------------------------------------------
received prefix: 10.0.0.6
start time: 1741013795753
local preference: 280
end time: 1741013795754
Time: 1 ms
--------------------------------------------------
received prefix: 10.0.0.6
start time: 1741013795789
local preference: 280
end time: 1741013795790
Time: 1 ms
--------------------------------------------------
received prefix: 10.0.0.1
start time: 1741013795911
local preference: 280
end time: 1741013795912
Time: 1 ms
--------------------------------------------------
received prefix: 10.0.0.1
start time: 1741013795942
local preference: 280
end time: 1741013795944
Time: 2 ms
--------------------------------------------------
received prefix: 10.0.0.1
start time: 1741013795997
local preference: 280
end time: 1741013795998
Time: 1 ms
--------------------------------------------------
received prefix: 10.0.0.1
start time: 1741013796016
local preference: 280
end time: 1741013796017
Time: 1 ms
--------------------------------------------------
received prefix: 10.0.0.2
start time: 1741013796094
local preference: 280
end time: 1741013796094
Time: 0 ms
--------------------------------------------------
received prefix: 10.0.0.2
start time: 1741013796141
local preference: 280
end time: 1741013796143
Time: 2 ms
--------------------------------------------------
received prefix: 10.0.0.2
start time: 1741013796174
local preference: 280
end time: 1741013796175
Time: 1 ms
--------------------------------------------------
received prefix: 10.0.0.2
start time: 1741013796186
local preference: 280
end time: 1741013796187
Time: 1 ms
--------------------------------------------------
received prefix: 10.0.0.3
start time: 1741013796261
local preference: 280
end time: 1741013796262
Time: 1 ms
--------------------------------------------------
received prefix: 10.0.0.3
start time: 1741013796299
local preference: 280
end time: 1741013796300
Time: 1 ms
--------------------------------------------------
received prefix: 10.0.0.3
start time: 1741013796320
local preference: 280
end time: 1741013796321
Time: 1 ms
--------------------------------------------------
received prefix: 10.0.0.3
start time: 1741013796327
local preference: 280
end time: 1741013796328
Time: 1 ms
--------------------------------------------------
received prefix: 10.0.0.4
start time: 1741013796407
local preference: 279
end time: 1741013796408
Time: 1 ms
--------------------------------------------------
received prefix: 10.0.0.4
start time: 1741013796454
local preference: 279
end time: 1741013796454
Time: 0 ms
--------------------------------------------------
received prefix: 10.0.0.4
start time: 1741013796536
local preference: 279
end time: 1741013796537
Time: 1 ms
--------------------------------------------------
received prefix: 10.0.0.4
start time: 1741013796574
local preference: 279
end time: 1741013796575
Time: 1 ms
--------------------------------------------------
received prefix: 10.0.0.5
start time: 1741013796706
local preference: 280
end time: 1741013796707
Time: 1 ms
--------------------------------------------------
received prefix: 10.0.0.5
start time: 1741013796765
local preference: 280
end time: 1741013796766
Time: 1 ms
--------------------------------------------------
received prefix: 10.0.0.5
start time: 1741013796782
local preference: 280
end time: 1741013796783
Time: 1 ms
--------------------------------------------------
received prefix: 10.0.0.5
start time: 1741013796814
local preference: 280
end time: 1741013796817
Time: 3 ms
--------------------------------------------------
received prefix: 10.0.0.9
start time: 1741013796894
local preference: 280
end time: 1741013796895
Time: 1 ms
--------------------------------------------------
received prefix: 10.0.0.9
start time: 1741013796942
local preference: 280
end time: 1741013796943
Time: 1 ms
--------------------------------------------------
received prefix: 10.0.0.9
start time: 1741013796970
local preference: 280
end time: 1741013796971
Time: 1 ms
--------------------------------------------------
received prefix: 10.0.0.9
start time: 1741013797010
local preference: 280
end time: 1741013797011
Time: 1 ms
--------------------------------------------------
received prefix: 10.0.0.10
start time: 1741013797130
local preference: 280
end time: 1741013797131
Time: 1 ms
--------------------------------------------------
received prefix: 10.0.0.10
start time: 1741013797198
local preference: 280
end time: 1741013797199
Time: 1 ms
--------------------------------------------------
received prefix: 10.0.0.10
start time: 1741013797206
local preference: 280
end time: 1741013797207
Time: 1 ms
--------------------------------------------------
received prefix: 10.0.0.10
start time: 1741013797234
local preference: 280
end time: 1741013797234
Time: 0 ms
--------------------------------------------------
received prefix: 10.0.0.15
start time: 1741013797324
local preference: 280
end time: 1741013797327
Time: 3 ms
--------------------------------------------------
received prefix: 10.0.0.15
start time: 1741013797353
local preference: 280
end time: 1741013797354
Time: 1 ms
--------------------------------------------------
received prefix: 10.0.0.15
start time: 1741013797359
local preference: 280
end time: 1741013797359
Time: 0 ms
--------------------------------------------------
received prefix: 10.0.0.15
start time: 1741013797382
local preference: 280
end time: 1741013797383
Time: 1 ms
--------------------------------------------------
received prefix: 10.0.0.16
start time: 1741013797496
local preference: 280
end time: 1741013797497
Time: 1 ms
--------------------------------------------------
received prefix: 10.0.0.16
start time: 1741013797530
local preference: 280
end time: 1741013797531
Time: 1 ms
--------------------------------------------------
received prefix: 10.0.0.16
start time: 1741013797551
local preference: 280
end time: 1741013797552
Time: 1 ms
--------------------------------------------------
received prefix: 10.0.0.16
start time: 1741013797580
local preference: 280
end time: 1741013797581
Time: 1 ms
--------------------------------------------------
received prefix: 10.0.0.17
start time: 1741013797691
local preference: 280
end time: 1741013797692
Time: 1 ms
--------------------------------------------------
received prefix: 10.0.0.17
start time: 1741013797760
local preference: 280
end time: 1741013797761
Time: 1 ms
--------------------------------------------------
received prefix: 10.0.0.17
start time: 1741013797769
local preference: 280
end time: 1741013797770
Time: 1 ms
--------------------------------------------------
received prefix: 10.0.0.17
start time: 1741013797800
local preference: 280
end time: 1741013797801
Time: 1 ms
--------------------------------------------------
received prefix: 10.0.0.18
start time: 1741013797887
local preference: 280
end time: 1741013797888
Time: 1 ms
--------------------------------------------------
received prefix: 10.0.0.18
start time: 1741013797944
local preference: 280
end time: 1741013797945
Time: 1 ms
--------------------------------------------------
received prefix: 10.0.0.18
start time: 1741013797972
local preference: 280
end time: 1741013797973
Time: 1 ms
--------------------------------------------------
received prefix: 10.0.0.18
start time: 1741013797987
local preference: 280
end time: 1741013797988
Time: 1 ms
--------------------------------------------------
received prefix: 10.0.0.19
start time: 1741013798105
local preference: 280
end time: 1741013798105
Time: 0 ms
--------------------------------------------------
received prefix: 10.0.0.19
start time: 1741013798144
local preference: 280
end time: 1741013798145
Time: 1 ms
--------------------------------------------------
received prefix: 10.0.0.19
start time: 1741013798176
local preference: 280
end time: 1741013798177
Time: 1 ms
--------------------------------------------------
received prefix: 10.0.0.19
start time: 1741013798191
local preference: 280
end time: 1741013798191
Time: 0 ms
--------------------------------------------------
received prefix: 10.0.0.23
start time: 1741013798330
local preference: 280
end time: 1741013798331
Time: 1 ms
--------------------------------------------------
received prefix: 10.0.0.23
start time: 1741013798378
local preference: 280
end time: 1741013798379
Time: 1 ms
--------------------------------------------------
received prefix: 10.0.0.23
start time: 1741013798428
local preference: 280
end time: 1741013798429
Time: 1 ms
--------------------------------------------------
received prefix: 10.0.0.23
start time: 1741013798455
local preference: 280
end time: 1741013798456
Time: 1 ms
--------------------------------------------------
received prefix: 10.0.0.24
start time: 1741013798661
local preference: 280
end time: 1741013798662
Time: 1 ms
--------------------------------------------------
received prefix: 10.0.0.24
start time: 1741013798711
local preference: 280
end time: 1741013798712
Time: 1 ms
--------------------------------------------------
received prefix: 10.0.0.24
start time: 1741013798718
local preference: 280
end time: 1741013798719
Time: 1 ms
--------------------------------------------------
received prefix: 10.0.0.24
start time: 1741013798744
local preference: 280
end time: 1741013798745
Time: 1 ms
--------------------------------------------------
received prefix: 10.0.0.25
start time: 1741013798968
local preference: 280
end time: 1741013798969
Time: 1 ms
--------------------------------------------------
received prefix: 10.0.0.25
start time: 1741013799017
local preference: 280
end time: 1741013799018
Time: 1 ms
--------------------------------------------------
received prefix: 10.0.0.25
start time: 1741013799049
local preference: 280
end time: 1741013799050
Time: 1 ms
--------------------------------------------------
received prefix: 10.0.0.25
start time: 1741013799101
local preference: 280
end time: 1741013799102
Time: 1 ms
--------------------------------------------------
received prefix: 10.0.0.26
start time: 1741013801762
local preference: 280
end time: 1741013801763
Time: 1 ms
--------------------------------------------------
received prefix: 10.0.0.25
start time: 1741013802036
local preference: 280
end time: 1741013802037
Time: 1 ms
--------------------------------------------------
received prefix: 10.0.0.21
start time: 1741013802347
local preference: 280
end time: 1741013802349
Time: 2 ms
--------------------------------------------------
received prefix: 10.0.0.22
start time: 1741013802612
local preference: 280
end time: 1741013802613
Time: 1 ms
--------------------------------------------------
received prefix: 10.0.0.20
start time: 1741013802913
local preference: 280
end time: 1741013802914
Time: 1 ms
--------------------------------------------------
received prefix: 10.0.0.13
start time: 1741013803207
local preference: 281
end time: 1741013803208
Time: 1 ms
--------------------------------------------------
received prefix: 10.0.0.14
start time: 1741013803499
local preference: 280
end time: 1741013803500
Time: 1 ms
--------------------------------------------------
received prefix: 10.0.0.11
start time: 1741013803751
local preference: 281
end time: 1741013803752
Time: 1 ms
--------------------------------------------------
received prefix: 10.0.0.7
start time: 1741013803969
local preference: 280
end time: 1741013803970
Time: 1 ms
--------------------------------------------------
received prefix: 10.0.0.8
start time: 1741013804324
local preference: 280
end time: 1741013804325
Time: 1 ms
--------------------------------------------------
received prefix: 10.0.0.6
start time: 1741013804600
local preference: 280
end time: 1741013804601
Time: 1 ms
--------------------------------------------------
received prefix: 10.0.0.1
start time: 1741013804901
local preference: 280
end time: 1741013804902
Time: 1 ms
--------------------------------------------------
received prefix: 10.0.0.2
start time: 1741013805243
local preference: 280
end time: 1741013805244
Time: 1 ms
--------------------------------------------------
received prefix: 10.0.0.3
start time: 1741013805598
local preference: 280
end time: 1741013805599
Time: 1 ms
--------------------------------------------------
received prefix: 10.0.0.4
start time: 1741013805901
local preference: 279
end time: 1741013805903
Time: 2 ms
--------------------------------------------------
received prefix: 10.0.0.5
start time: 1741013806149
local preference: 280
end time: 1741013806150
Time: 1 ms
--------------------------------------------------
received prefix: 10.0.0.9
start time: 1741013806447
local preference: 280
end time: 1741013806448
Time: 1 ms
--------------------------------------------------
received prefix: 10.0.0.10
start time: 1741013806710
local preference: 280
end time: 1741013806711
Time: 1 ms
--------------------------------------------------
received prefix: 10.0.0.15
start time: 1741013806997
local preference: 280
end time: 1741013806997
Time: 0 ms
--------------------------------------------------
received prefix: 10.0.0.16
start time: 1741013807324
local preference: 280
end time: 1741013807325
Time: 1 ms
--------------------------------------------------
received prefix: 10.0.0.17
start time: 1741013807640
local preference: 280
end time: 1741013807642
Time: 2 ms
--------------------------------------------------
received prefix: 10.0.0.18
start time: 1741013807880
local preference: 280
end time: 1741013807881
Time: 1 ms
--------------------------------------------------
received prefix: 10.0.0.19
start time: 1741013808183
local preference: 280
end time: 1741013808183
Time: 0 ms
--------------------------------------------------
received prefix: 10.0.0.23
start time: 1741013808501
local preference: 280
end time: 1741013808502
Time: 1 ms
--------------------------------------------------
received prefix: 10.0.0.24
start time: 1741013808833
local preference: 280
end time: 1741013808834
Time: 1 ms
--------------------------------------------------
received prefix: 10.0.0.22
start time: 1741013839626
local preference: 280
end time: 1741013839627
Time: 1 ms
--------------------------------------------------
received prefix: 10.0.0.21
start time: 1741013839840
local preference: 280
end time: 1741013839841
Time: 1 ms
--------------------------------------------------
received prefix: 10.0.0.12
start time: 1741013839930
local preference: 281
end time: 1741013839931
Time: 1 ms
--------------------------------------------------
received prefix: 10.0.0.32
start time: 1741013840011
local preference: 280
end time: 1741013840012
Time: 1 ms
--------------------------------------------------
received prefix: 10.0.0.26
start time: 1741013840121
local preference: 280
end time: 1741013840121
Time: 0 ms
--------------------------------------------------
received prefix: 10.0.0.25
start time: 1741013840213
local preference: 280
end time: 1741013840215
Time: 2 ms
--------------------------------------------------
received prefix: 10.0.0.23
start time: 1741013840294
local preference: 280
end time: 1741013840295
Time: 1 ms
--------------------------------------------------
received prefix: 10.0.0.24
start time: 1741013840380
local preference: 280
end time: 1741013840381
Time: 1 ms
--------------------------------------------------
received prefix: 10.0.0.27
start time: 1741013840479
local preference: 280
end time: 1741013840480
Time: 1 ms
--------------------------------------------------
received prefix: 10.0.0.28
start time: 1741013840602
local preference: 280
end time: 1741013840603
Time: 1 ms
--------------------------------------------------
received prefix: 10.0.0.29
start time: 1741013840680
local preference: 280
end time: 1741013840681
Time: 1 ms
--------------------------------------------------
received prefix: 10.0.0.30
start time: 1741013840796
local preference: 280
end time: 1741013840797
Time: 1 ms
--------------------------------------------------
received prefix: 10.0.0.31
start time: 1741013840950
local preference: 280
end time: 1741013840951
Time: 1 ms
--------------------------------------------------
received prefix: 10.0.0.12
start time: 1741013841448
local preference: 281
end time: 1741013841449
Time: 1 ms
--------------------------------------------------
received prefix: 10.0.0.12
start time: 1741013841499
local preference: 281
end time: 1741013841501
Time: 2 ms
--------------------------------------------------
received prefix: 10.0.0.12
start time: 1741013841526
local preference: 281
end time: 1741013841527
Time: 1 ms
--------------------------------------------------
received prefix: 10.0.0.12
start time: 1741013841560
local preference: 281
end time: 1741013841561
Time: 1 ms
--------------------------------------------------
received prefix: 10.0.0.32
start time: 1741013841705
local preference: 280
end time: 1741013841708
Time: 3 ms
--------------------------------------------------
received prefix: 10.0.0.32
start time: 1741013841753
local preference: 280
end time: 1741013841755
Time: 2 ms
--------------------------------------------------
received prefix: 10.0.0.32
start time: 1741013841819
local preference: 280
end time: 1741013841820
Time: 1 ms
--------------------------------------------------
received prefix: 10.0.0.32
start time: 1741013841876
local preference: 280
end time: 1741013841878
Time: 2 ms
--------------------------------------------------
received prefix: 10.0.0.26
start time: 1741013842043
local preference: 280
end time: 1741013842044
Time: 1 ms
--------------------------------------------------
received prefix: 10.0.0.26
start time: 1741013842084
local preference: 280
end time: 1741013842086
Time: 2 ms
--------------------------------------------------
received prefix: 10.0.0.26
start time: 1741013842122
local preference: 280
end time: 1741013842123
Time: 1 ms
--------------------------------------------------
received prefix: 10.0.0.26
start time: 1741013842171
local preference: 280
end time: 1741013842172
Time: 1 ms
--------------------------------------------------
received prefix: 10.0.0.27
start time: 1741013842311
local preference: 280
end time: 1741013842312
Time: 1 ms
--------------------------------------------------
received prefix: 10.0.0.27
start time: 1741013842388
local preference: 280
end time: 1741013842389
Time: 1 ms
--------------------------------------------------
received prefix: 10.0.0.27
start time: 1741013842419
local preference: 280
end time: 1741013842420
Time: 1 ms
--------------------------------------------------
received prefix: 10.0.0.27
start time: 1741013842475
local preference: 280
end time: 1741013842476
Time: 1 ms
--------------------------------------------------
received prefix: 10.0.0.28
start time: 1741013842576
local preference: 280
end time: 1741013842577
Time: 1 ms
--------------------------------------------------
received prefix: 10.0.0.28
start time: 1741013842607
local preference: 280
end time: 1741013842609
Time: 2 ms
--------------------------------------------------
received prefix: 10.0.0.28
start time: 1741013842638
local preference: 280
end time: 1741013842640
Time: 2 ms
--------------------------------------------------
received prefix: 10.0.0.28
start time: 1741013842703
local preference: 280
end time: 1741013842703
Time: 0 ms
--------------------------------------------------
received prefix: 10.0.0.29
start time: 1741013842791
local preference: 280
end time: 1741013842793
Time: 2 ms
--------------------------------------------------
received prefix: 10.0.0.29
start time: 1741013842867
local preference: 280
end time: 1741013842868
Time: 1 ms
--------------------------------------------------
received prefix: 10.0.0.29
start time: 1741013842913
local preference: 280
end time: 1741013842914
Time: 1 ms
--------------------------------------------------
received prefix: 10.0.0.29
start time: 1741013842951
local preference: 280
end time: 1741013842952
Time: 1 ms
--------------------------------------------------
received prefix: 10.0.0.30
start time: 1741013843061
local preference: 280
end time: 1741013843061
Time: 0 ms
--------------------------------------------------
received prefix: 10.0.0.30
start time: 1741013843138
local preference: 280
end time: 1741013843139
Time: 1 ms
--------------------------------------------------
received prefix: 10.0.0.30
start time: 1741013843165
local preference: 280
end time: 1741013843166
Time: 1 ms
--------------------------------------------------
received prefix: 10.0.0.30
start time: 1741013843234
local preference: 280
end time: 1741013843235
Time: 1 ms
--------------------------------------------------
received prefix: 10.0.0.31
start time: 1741013843313
local preference: 280
end time: 1741013843314
Time: 1 ms
--------------------------------------------------
received prefix: 10.0.0.31
start time: 1741013843404
local preference: 280
end time: 1741013843406
Time: 2 ms
--------------------------------------------------
received prefix: 10.0.0.31
start time: 1741013843456
local preference: 280
end time: 1741013843458
Time: 2 ms
--------------------------------------------------
received prefix: 10.0.0.31
start time: 1741013843483
local preference: 280
end time: 1741013843483
Time: 0 ms
--------------------------------------------------
received prefix: 10.0.0.26
start time: 1741013843904
local preference: 280
end time: 1741013843904
Time: 0 ms
--------------------------------------------------
received prefix: 10.0.0.26
start time: 1741013843926
local preference: 280
end time: 1741013843927
Time: 1 ms
--------------------------------------------------
received prefix: 10.0.0.26
start time: 1741013843960
local preference: 280
end time: 1741013843960
Time: 0 ms
--------------------------------------------------
received prefix: 10.0.0.26
start time: 1741013843975
local preference: 280
end time: 1741013843975
Time: 0 ms
--------------------------------------------------
received prefix: 10.0.0.1
start time: 1741013845176
local preference: 280
end time: 1741013845177
Time: 1 ms
--------------------------------------------------
received prefix: 10.0.0.2
start time: 1741013845501
local preference: 280
end time: 1741013845503
Time: 2 ms
--------------------------------------------------
received prefix: 10.0.0.3
start time: 1741013845802
local preference: 280
end time: 1741013845803
Time: 1 ms
--------------------------------------------------
received prefix: 10.0.0.27
start time: 1741013845963
local preference: 280
end time: 1741013845964
Time: 1 ms
--------------------------------------------------
received prefix: 10.0.0.28
start time: 1741013846081
local preference: 280
end time: 1741013846081
Time: 0 ms
--------------------------------------------------
received prefix: 10.0.0.29
start time: 1741013846167
local preference: 280
end time: 1741013846167
Time: 0 ms
--------------------------------------------------
received prefix: 10.0.0.30
start time: 1741013846281
local preference: 280
end time: 1741013846282
Time: 1 ms
--------------------------------------------------
received prefix: 10.0.0.31
start time: 1741013846403
local preference: 280
end time: 1741013846404
Time: 1 ms
--------------------------------------------------
received prefix: 10.0.0.32
start time: 1741013846489
local preference: 280
end time: 1741013846491
Time: 2 ms
--------------------------------------------------
received prefix: 10.0.0.12
start time: 1741013846800
local preference: 281
end time: 1741013846800
Time: 0 ms
--------------------------------------------------
received prefix: 10.0.0.25
start time: 1741013863312
local preference: 280
end time: 1741013863313
Time: 1 ms
--------------------------------------------------
received prefix: 10.0.0.23
start time: 1741013863514
local preference: 280
end time: 1741013863516
Time: 2 ms
--------------------------------------------------
received prefix: 10.0.0.24
start time: 1741013863675
local preference: 280
end time: 1741013863676
Time: 1 ms
--------------------------------------------------
received prefix: 10.0.0.26
start time: 1741013863827
local preference: 280
end time: 1741013863828
Time: 1 ms
--------------------------------------------------
received prefix: 10.0.0.26
start time: 1741013863875
local preference: 280
end time: 1741013863876
Time: 1 ms
--------------------------------------------------
received prefix: 10.0.0.26
start time: 1741013863912
local preference: 280
end time: 1741013863914
Time: 2 ms
--------------------------------------------------
received prefix: 10.0.0.26
start time: 1741013863951
local preference: 280
end time: 1741013863956
Time: 5 ms
--------------------------------------------------
received prefix: 10.0.0.26
start time: 1741013864056
local preference: 280
end time: 1741013864058
Time: 2 ms
--------------------------------------------------
received prefix: 10.0.0.26
start time: 1741013864103
local preference: 280
end time: 1741013864104
Time: 1 ms
--------------------------------------------------
received prefix: 10.0.0.26
start time: 1741013864135
local preference: 280
end time: 1741013864136
Time: 1 ms
--------------------------------------------------
received prefix: 10.0.0.26
start time: 1741013864167
local preference: 280
end time: 1741013864167
Time: 0 ms
--------------------------------------------------
received prefix: 10.0.0.26
start time: 1741013864351
local preference: 280
end time: 1741013864352
Time: 1 ms
--------------------------------------------------
received prefix: 10.0.0.26
start time: 1741013864379
local preference: 280
end time: 1741013864380
Time: 1 ms
--------------------------------------------------
received prefix: 10.0.0.26
start time: 1741013864425
local preference: 280
end time: 1741013864426
Time: 1 ms
--------------------------------------------------
received prefix: 10.0.0.26
start time: 1741013864462
local preference: 280
end time: 1741013864464
Time: 2 ms
--------------------------------------------------
received prefix: 10.0.0.26
start time: 1741013864622
local preference: 280
end time: 1741013864624
Time: 2 ms
--------------------------------------------------
received prefix: 10.0.0.26
start time: 1741013864699
local preference: 280
end time: 1741013864700
Time: 1 ms
--------------------------------------------------
received prefix: 10.0.0.26
start time: 1741013864735
local preference: 280
end time: 1741013864736
Time: 1 ms
--------------------------------------------------
received prefix: 10.0.0.26
start time: 1741013864777
local preference: 280
end time: 1741013864779
Time: 2 ms
--------------------------------------------------
received prefix: 10.0.0.1
start time: 1741013864854
local preference: 280
end time: 1741013864856
Time: 2 ms
--------------------------------------------------
received prefix: 10.0.0.1
start time: 1741013864905
local preference: 280
end time: 1741013864906
Time: 1 ms
--------------------------------------------------
received prefix: 10.0.0.1
start time: 1741013864938
local preference: 280
end time: 1741013864945
Time: 7 ms
--------------------------------------------------
received prefix: 10.0.0.1
start time: 1741013864974
local preference: 280
end time: 1741013864975
Time: 1 ms
--------------------------------------------------
received prefix: 10.0.0.2
start time: 1741013865130
local preference: 280
end time: 1741013865132
Time: 2 ms
--------------------------------------------------
received prefix: 10.0.0.2
start time: 1741013865191
local preference: 280
end time: 1741013865193
Time: 2 ms
--------------------------------------------------
received prefix: 10.0.0.2
start time: 1741013865245
local preference: 280
end time: 1741013865245
Time: 0 ms
--------------------------------------------------
received prefix: 10.0.0.2
start time: 1741013865256
local preference: 280
end time: 1741013865257
Time: 1 ms
--------------------------------------------------
received prefix: 10.0.0.3
start time: 1741013865433
local preference: 280
end time: 1741013865434
Time: 1 ms
--------------------------------------------------
received prefix: 10.0.0.3
start time: 1741013865486
local preference: 280
end time: 1741013865487
Time: 1 ms
--------------------------------------------------
received prefix: 10.0.0.3
start time: 1741013865541
local preference: 280
end time: 1741013865542
Time: 1 ms
--------------------------------------------------
received prefix: 10.0.0.3
start time: 1741013865576
local preference: 280
end time: 1741013865577
Time: 1 ms
--------------------------------------------------
received prefix: 10.0.0.32
start time: 1741013865731
local preference: 280
end time: 1741013865732
Time: 1 ms
--------------------------------------------------
received prefix: 10.0.0.32
start time: 1741013865762
local preference: 280
end time: 1741013865763
Time: 1 ms
--------------------------------------------------
received prefix: 10.0.0.32
start time: 1741013865803
local preference: 280
end time: 1741013865804
Time: 1 ms
--------------------------------------------------
received prefix: 10.0.0.32
start time: 1741013865828
local preference: 280
end time: 1741013865829
Time: 1 ms
--------------------------------------------------
received prefix: 10.0.0.27
start time: 1741013866012
local preference: 280
end time: 1741013866013
Time: 1 ms
--------------------------------------------------
received prefix: 10.0.0.27
start time: 1741013866039
local preference: 280
end time: 1741013866040
Time: 1 ms
--------------------------------------------------
received prefix: 10.0.0.27
start time: 1741013866080
local preference: 280
end time: 1741013866081
Time: 1 ms
--------------------------------------------------
received prefix: 10.0.0.27
start time: 1741013866117
local preference: 280
end time: 1741013866118
Time: 1 ms
--------------------------------------------------
received prefix: 10.0.0.28
start time: 1741013866293
local preference: 280
end time: 1741013866294
Time: 1 ms
--------------------------------------------------
received prefix: 10.0.0.28
start time: 1741013866334
local preference: 280
end time: 1741013866335
Time: 1 ms
--------------------------------------------------
received prefix: 10.0.0.28
start time: 1741013866388
local preference: 280
end time: 1741013866389
Time: 1 ms
--------------------------------------------------
received prefix: 10.0.0.28
start time: 1741013866415
local preference: 280
end time: 1741013866416
Time: 1 ms
--------------------------------------------------
received prefix: 10.0.0.29
start time: 1741013866576
local preference: 280
end time: 1741013866577
Time: 1 ms
--------------------------------------------------
received prefix: 10.0.0.29
start time: 1741013866616
local preference: 280
end time: 1741013866617
Time: 1 ms
--------------------------------------------------
received prefix: 10.0.0.29
start time: 1741013866637
local preference: 280
end time: 1741013866638
Time: 1 ms
--------------------------------------------------
received prefix: 10.0.0.29
start time: 1741013866671
local preference: 280
end time: 1741013866672
Time: 1 ms
--------------------------------------------------
received prefix: 10.0.0.30
start time: 1741013866853
local preference: 280
end time: 1741013866854
Time: 1 ms
--------------------------------------------------
received prefix: 10.0.0.30
start time: 1741013866897
local preference: 280
end time: 1741013866898
Time: 1 ms
--------------------------------------------------
received prefix: 10.0.0.30
start time: 1741013866922
local preference: 280
end time: 1741013866923
Time: 1 ms
--------------------------------------------------
received prefix: 10.0.0.30
start time: 1741013866929
local preference: 280
end time: 1741013866930
Time: 1 ms
--------------------------------------------------
received prefix: 10.0.0.31
start time: 1741013867104
local preference: 280
end time: 1741013867105
Time: 1 ms
--------------------------------------------------
received prefix: 10.0.0.31
start time: 1741013867136
local preference: 280
end time: 1741013867137
Time: 1 ms
--------------------------------------------------
received prefix: 10.0.0.31
start time: 1741013867162
local preference: 280
end time: 1741013867163
Time: 1 ms
--------------------------------------------------
received prefix: 10.0.0.31
start time: 1741013867173
local preference: 280
end time: 1741013867174
Time: 1 ms
--------------------------------------------------
received prefix: 10.0.0.6
start time: 1741013867632
local preference: 280
end time: 1741013867633
Time: 1 ms
--------------------------------------------------
received prefix: 10.0.0.4
start time: 1741013867942
local preference: 279
end time: 1741013867944
Time: 2 ms
--------------------------------------------------
received prefix: 10.0.0.5
start time: 1741013868266
local preference: 280
end time: 1741013868267
Time: 1 ms
--------------------------------------------------
received prefix: 10.0.0.26
start time: 1741013885353
local preference: 280
end time: 1741013885353
Time: 0 ms
--------------------------------------------------
received prefix: 10.0.0.32
start time: 1741013885580
local preference: 280
end time: 1741013885581
Time: 1 ms
--------------------------------------------------
received prefix: 10.0.0.32
start time: 1741013885616
local preference: 280
end time: 1741013885617
Time: 1 ms
--------------------------------------------------
received prefix: 10.0.0.32
start time: 1741013885667
local preference: 280
end time: 1741013885668
Time: 1 ms
--------------------------------------------------
received prefix: 10.0.0.32
start time: 1741013885674
local preference: 280
end time: 1741013885675
Time: 1 ms
--------------------------------------------------
received prefix: 10.0.0.27
start time: 1741013885762
local preference: 280
end time: 1741013885763
Time: 1 ms
--------------------------------------------------
received prefix: 10.0.0.27
start time: 1741013885784
local preference: 280
end time: 1741013885785
Time: 1 ms
--------------------------------------------------
received prefix: 10.0.0.27
start time: 1741013885835
local preference: 280
end time: 1741013885836
Time: 1 ms
--------------------------------------------------
received prefix: 10.0.0.27
start time: 1741013885859
local preference: 280
end time: 1741013885860
Time: 1 ms
--------------------------------------------------
received prefix: 10.0.0.28
start time: 1741013885890
local preference: 280
end time: 1741013885891
Time: 1 ms
--------------------------------------------------
received prefix: 10.0.0.28
start time: 1741013885936
local preference: 280
end time: 1741013885938
Time: 2 ms
--------------------------------------------------
received prefix: 10.0.0.28
start time: 1741013885968
local preference: 280
end time: 1741013885969
Time: 1 ms
--------------------------------------------------
received prefix: 10.0.0.28
start time: 1741013886002
local preference: 280
end time: 1741013886004
Time: 2 ms
--------------------------------------------------
received prefix: 10.0.0.29
start time: 1741013886075
local preference: 280
end time: 1741013886076
Time: 1 ms
--------------------------------------------------
received prefix: 10.0.0.29
start time: 1741013886123
local preference: 280
end time: 1741013886124
Time: 1 ms
--------------------------------------------------
received prefix: 10.0.0.29
start time: 1741013886138
local preference: 280
end time: 1741013886138
Time: 0 ms
--------------------------------------------------
received prefix: 10.0.0.29
start time: 1741013886192
local preference: 280
end time: 1741013886193
Time: 1 ms
--------------------------------------------------
received prefix: 10.0.0.30
start time: 1741013886238
local preference: 280
end time: 1741013886239
Time: 1 ms
--------------------------------------------------
received prefix: 10.0.0.30
start time: 1741013886278
local preference: 280
end time: 1741013886279
Time: 1 ms
--------------------------------------------------
received prefix: 10.0.0.30
start time: 1741013886306
local preference: 280
end time: 1741013886308
Time: 2 ms
--------------------------------------------------
received prefix: 10.0.0.30
start time: 1741013886327
local preference: 280
end time: 1741013886328
Time: 1 ms
--------------------------------------------------
received prefix: 10.0.0.31
start time: 1741013886367
local preference: 280
end time: 1741013886368
Time: 1 ms
--------------------------------------------------
received prefix: 10.0.0.31
start time: 1741013886387
local preference: 280
end time: 1741013886389
Time: 2 ms
--------------------------------------------------
received prefix: 10.0.0.31
start time: 1741013886424
local preference: 280
end time: 1741013886425
Time: 1 ms
--------------------------------------------------
received prefix: 10.0.0.31
start time: 1741013886429
local preference: 280
end time: 1741013886430
Time: 1 ms
--------------------------------------------------
received prefix: 10.0.0.32
start time: 1741013886685
local preference: 280
end time: 1741013886685
Time: 0 ms
--------------------------------------------------
received prefix: 10.0.0.32
start time: 1741013886721
local preference: 280
end time: 1741013886721
Time: 0 ms
--------------------------------------------------
received prefix: 10.0.0.32
start time: 1741013886757
local preference: 280
end time: 1741013886757
Time: 0 ms
--------------------------------------------------
received prefix: 10.0.0.32
start time: 1741013886787
local preference: 280
end time: 1741013886788
Time: 1 ms
--------------------------------------------------
received prefix: 10.0.0.27
start time: 1741013886924
local preference: 280
end time: 1741013886926
Time: 2 ms
--------------------------------------------------
received prefix: 10.0.0.27
start time: 1741013886979
local preference: 280
end time: 1741013886980
Time: 1 ms
--------------------------------------------------
received prefix: 10.0.0.27
start time: 1741013887007
local preference: 280
end time: 1741013887008
Time: 1 ms
--------------------------------------------------
received prefix: 10.0.0.27
start time: 1741013887056
local preference: 280
end time: 1741013887057
Time: 1 ms
--------------------------------------------------
received prefix: 10.0.0.28
start time: 1741013887181
local preference: 280
end time: 1741013887182
Time: 1 ms
--------------------------------------------------
received prefix: 10.0.0.28
start time: 1741013887246
local preference: 280
end time: 1741013887250
Time: 4 ms
--------------------------------------------------
received prefix: 10.0.0.28
start time: 1741013887269
local preference: 280
end time: 1741013887270
Time: 1 ms
--------------------------------------------------
received prefix: 10.0.0.28
start time: 1741013887276
local preference: 280
end time: 1741013887277
Time: 1 ms
--------------------------------------------------
received prefix: 10.0.0.29
start time: 1741013887383
local preference: 280
end time: 1741013887385
Time: 2 ms
--------------------------------------------------
received prefix: 10.0.0.29
start time: 1741013887413
local preference: 280
end time: 1741013887413
Time: 0 ms
--------------------------------------------------
received prefix: 10.0.0.29
start time: 1741013887432
local preference: 280
end time: 1741013887433
Time: 1 ms
--------------------------------------------------
received prefix: 10.0.0.29
start time: 1741013887448
local preference: 280
end time: 1741013887449
Time: 1 ms
--------------------------------------------------
received prefix: 10.0.0.30
start time: 1741013887523
local preference: 280
end time: 1741013887524
Time: 1 ms
--------------------------------------------------
received prefix: 10.0.0.30
start time: 1741013887577
local preference: 280
end time: 1741013887578
Time: 1 ms
--------------------------------------------------
received prefix: 10.0.0.30
start time: 1741013887592
local preference: 280
end time: 1741013887593
Time: 1 ms
--------------------------------------------------
received prefix: 10.0.0.30
start time: 1741013887631
local preference: 280
end time: 1741013887632
Time: 1 ms
--------------------------------------------------
received prefix: 10.0.0.31
start time: 1741013887716
local preference: 280
end time: 1741013887718
Time: 2 ms
--------------------------------------------------
received prefix: 10.0.0.31
start time: 1741013887766
local preference: 280
end time: 1741013887767
Time: 1 ms
--------------------------------------------------
received prefix: 10.0.0.31
start time: 1741013887815
local preference: 280
end time: 1741013887816
Time: 1 ms
--------------------------------------------------
received prefix: 10.0.0.31
start time: 1741013887839
local preference: 280
end time: 1741013887840
Time: 1 ms
--------------------------------------------------
received prefix: 10.0.0.32
start time: 1741013887995
local preference: 280
end time: 1741013887995
Time: 0 ms
--------------------------------------------------
received prefix: 10.0.0.32
start time: 1741013888035
local preference: 280
end time: 1741013888036
Time: 1 ms
--------------------------------------------------
received prefix: 10.0.0.32
start time: 1741013888042
local preference: 280
end time: 1741013888042
Time: 0 ms
--------------------------------------------------
received prefix: 10.0.0.32
start time: 1741013888064
local preference: 280
end time: 1741013888065
Time: 1 ms
--------------------------------------------------
received prefix: 10.0.0.27
start time: 1741013888108
local preference: 280
end time: 1741013888109
Time: 1 ms
--------------------------------------------------
received prefix: 10.0.0.27
start time: 1741013888136
local preference: 280
end time: 1741013888137
Time: 1 ms
--------------------------------------------------
received prefix: 10.0.0.27
start time: 1741013888173
local preference: 280
end time: 1741013888175
Time: 2 ms
--------------------------------------------------
received prefix: 10.0.0.27
start time: 1741013888199
local preference: 280
end time: 1741013888201
Time: 2 ms
--------------------------------------------------
received prefix: 10.0.0.28
start time: 1741013888252
local preference: 280
end time: 1741013888253
Time: 1 ms
--------------------------------------------------
received prefix: 10.0.0.28
start time: 1741013888257
local preference: 280
end time: 1741013888258
Time: 1 ms
--------------------------------------------------
received prefix: 10.0.0.28
start time: 1741013888299
local preference: 280
end time: 1741013888300
Time: 1 ms
--------------------------------------------------
received prefix: 10.0.0.28
start time: 1741013888331
local preference: 280
end time: 1741013888332
Time: 1 ms
--------------------------------------------------
received prefix: 10.0.0.29
start time: 1741013888414
local preference: 280
end time: 1741013888415
Time: 1 ms
--------------------------------------------------
received prefix: 10.0.0.29
start time: 1741013888430
local preference: 280
end time: 1741013888431
Time: 1 ms
--------------------------------------------------
received prefix: 10.0.0.29
start time: 1741013888457
local preference: 280
end time: 1741013888459
Time: 2 ms
--------------------------------------------------
received prefix: 10.0.0.29
start time: 1741013888500
local preference: 280
end time: 1741013888502
Time: 2 ms
--------------------------------------------------
received prefix: 10.0.0.30
start time: 1741013888566
local preference: 280
end time: 1741013888566
Time: 0 ms
--------------------------------------------------
received prefix: 10.0.0.30
start time: 1741013888571
local preference: 280
end time: 1741013888572
Time: 1 ms
--------------------------------------------------
received prefix: 10.0.0.30
start time: 1741013888614
local preference: 280
end time: 1741013888615
Time: 1 ms
--------------------------------------------------
received prefix: 10.0.0.30
start time: 1741013888643
local preference: 280
end time: 1741013888650
Time: 7 ms
--------------------------------------------------
received prefix: 10.0.0.31
start time: 1741013888701
local preference: 280
end time: 1741013888702
Time: 1 ms
--------------------------------------------------
received prefix: 10.0.0.31
start time: 1741013888750
local preference: 280
end time: 1741013888751
Time: 1 ms
--------------------------------------------------
received prefix: 10.0.0.31
start time: 1741013888786
local preference: 280
end time: 1741013888787
Time: 1 ms
--------------------------------------------------
received prefix: 10.0.0.31
start time: 1741013888815
local preference: 280
end time: 1741013888816
Time: 1 ms
--------------------------------------------------
received prefix: 10.0.0.32
start time: 1741013888937
local preference: 280
end time: 1741013888939
Time: 2 ms
--------------------------------------------------
received prefix: 10.0.0.32
start time: 1741013888982
local preference: 280
end time: 1741013888983
Time: 1 ms
--------------------------------------------------
received prefix: 10.0.0.32
start time: 1741013889028
local preference: 280
end time: 1741013889029
Time: 1 ms
--------------------------------------------------
received prefix: 10.0.0.32
start time: 1741013889053
local preference: 280
end time: 1741013889053
Time: 0 ms
--------------------------------------------------
received prefix: 10.0.0.27
start time: 1741013889062
local preference: 280
end time: 1741013889063
Time: 1 ms
--------------------------------------------------
received prefix: 10.0.0.27
start time: 1741013889109
local preference: 280
end time: 1741013889111
Time: 2 ms
--------------------------------------------------
received prefix: 10.0.0.27
start time: 1741013889163
local preference: 280
end time: 1741013889165
Time: 2 ms
--------------------------------------------------
received prefix: 10.0.0.27
start time: 1741013889172
local preference: 280
end time: 1741013889173
Time: 1 ms
--------------------------------------------------
received prefix: 10.0.0.28
start time: 1741013889200
local preference: 280
end time: 1741013889201
Time: 1 ms
--------------------------------------------------
received prefix: 10.0.0.28
start time: 1741013889233
local preference: 280
end time: 1741013889234
Time: 1 ms
--------------------------------------------------
received prefix: 10.0.0.28
start time: 1741013889253
local preference: 280
end time: 1741013889253
Time: 0 ms
--------------------------------------------------
received prefix: 10.0.0.28
start time: 1741013889271
local preference: 280
end time: 1741013889272
Time: 1 ms
--------------------------------------------------
received prefix: 10.0.0.29
start time: 1741013889306
local preference: 280
end time: 1741013889306
Time: 0 ms
--------------------------------------------------
received prefix: 10.0.0.29
start time: 1741013889317
local preference: 280
end time: 1741013889318
Time: 1 ms
--------------------------------------------------
received prefix: 10.0.0.29
start time: 1741013889355
local preference: 280
end time: 1741013889356
Time: 1 ms
--------------------------------------------------
received prefix: 10.0.0.29
start time: 1741013889365
local preference: 280
end time: 1741013889366
Time: 1 ms
--------------------------------------------------
received prefix: 10.0.0.30
start time: 1741013889447
local preference: 280
end time: 1741013889448
Time: 1 ms
--------------------------------------------------
received prefix: 10.0.0.30
start time: 1741013889486
local preference: 280
end time: 1741013889487
Time: 1 ms
--------------------------------------------------
received prefix: 10.0.0.30
start time: 1741013889499
local preference: 280
end time: 1741013889503
Time: 4 ms
--------------------------------------------------
received prefix: 10.0.0.30
start time: 1741013889533
local preference: 280
end time: 1741013889534
Time: 1 ms
--------------------------------------------------
received prefix: 10.0.0.31
start time: 1741013889562
local preference: 280
end time: 1741013889564
Time: 2 ms
--------------------------------------------------
received prefix: 10.0.0.31
start time: 1741013889598
local preference: 280
end time: 1741013889599
Time: 1 ms
--------------------------------------------------
received prefix: 10.0.0.31
start time: 1741013889654
local preference: 280
end time: 1741013889656
Time: 2 ms
--------------------------------------------------
received prefix: 10.0.0.31
start time: 1741013889680
local preference: 280
end time: 1741013889681
Time: 1 ms
--------------------------------------------------
received prefix: 10.0.0.6
start time: 1741013889807
local preference: 280
end time: 1741013889807
Time: 0 ms
--------------------------------------------------
received prefix: 10.0.0.6
start time: 1741013889870
local preference: 280
end time: 1741013889871
Time: 1 ms
--------------------------------------------------
received prefix: 10.0.0.6
start time: 1741013889897
local preference: 280
end time: 1741013889899
Time: 2 ms
--------------------------------------------------
received prefix: 10.0.0.6
start time: 1741013889941
local preference: 280
end time: 1741013889941
Time: 0 ms
--------------------------------------------------
received prefix: 10.0.0.4
start time: 1741013890110
local preference: 279
end time: 1741013890111
Time: 1 ms
--------------------------------------------------
received prefix: 10.0.0.4
start time: 1741013890161
local preference: 279
end time: 1741013890162
Time: 1 ms
--------------------------------------------------
received prefix: 10.0.0.4
start time: 1741013890220
local preference: 279
end time: 1741013890221
Time: 1 ms
--------------------------------------------------
received prefix: 10.0.0.4
start time: 1741013890252
local preference: 279
end time: 1741013890253
Time: 1 ms
--------------------------------------------------
received prefix: 10.0.0.5
start time: 1741013890415
local preference: 280
end time: 1741013890416
Time: 1 ms
--------------------------------------------------
received prefix: 10.0.0.5
start time: 1741013890446
local preference: 280
end time: 1741013890447
Time: 1 ms
--------------------------------------------------
received prefix: 10.0.0.5
start time: 1741013890475
local preference: 280
end time: 1741013890476
Time: 1 ms
--------------------------------------------------
received prefix: 10.0.0.5
start time: 1741013890528
local preference: 280
end time: 1741013890529
Time: 1 ms
--------------------------------------------------
received prefix: 10.0.0.7
start time: 1741013890862
local preference: 280
end time: 1741013890863
Time: 1 ms
--------------------------------------------------
received prefix: 10.0.0.8
start time: 1741013890979
local preference: 280
end time: 1741013890980
Time: 1 ms
--------------------------------------------------
received prefix: 10.0.0.32
start time: 1741013900567
local preference: 280
end time: 1741013900568
Time: 1 ms
--------------------------------------------------
received prefix: 10.0.0.27
start time: 1741013900711
local preference: 280
end time: 1741013900711
Time: 0 ms
--------------------------------------------------
received prefix: 10.0.0.28
start time: 1741013900864
local preference: 280
end time: 1741013900865
Time: 1 ms
--------------------------------------------------
received prefix: 10.0.0.29
start time: 1741013901014
local preference: 280
end time: 1741013901014
Time: 0 ms
--------------------------------------------------
received prefix: 10.0.0.30
start time: 1741013901171
local preference: 280
end time: 1741013901172
Time: 1 ms
--------------------------------------------------
received prefix: 10.0.0.31
start time: 1741013901315
local preference: 280
end time: 1741013901315
Time: 0 ms
--------------------------------------------------
received prefix: 10.0.0.11
start time: 1741013902036
local preference: 281
end time: 1741013902037
Time: 1 ms
--------------------------------------------------
received prefix: 10.0.0.9
start time: 1741013902132
local preference: 280
end time: 1741013902133
Time: 1 ms
--------------------------------------------------
received prefix: 10.0.0.10
start time: 1741013902216
local preference: 280
end time: 1741013902216
Time: 0 ms
--------------------------------------------------
received prefix: 10.0.0.12
start time: 1741013902352
local preference: 281
end time: 1741013902353
Time: 1 ms
--------------------------------------------------
received prefix: 10.0.0.20
start time: 1741014826764
local preference: 279
end time: 1741014826764
Time: 0 ms
--------------------------------------------------
received prefix: 10.0.0.13
start time: 1741014826834
local preference: 279
end time: 1741014826836
Time: 2 ms
--------------------------------------------------
received prefix: 10.0.0.14
start time: 1741014826900
local preference: 279
end time: 1741014826901
Time: 1 ms
--------------------------------------------------
received prefix: 10.0.0.11
start time: 1741014826985
local preference: 279
end time: 1741014826986
Time: 1 ms
--------------------------------------------------
received prefix: 10.0.0.7
start time: 1741014827075
local preference: 279
end time: 1741014827075
Time: 0 ms
--------------------------------------------------
received prefix: 10.0.0.8
start time: 1741014827160
local preference: 279
end time: 1741014827162
Time: 2 ms
--------------------------------------------------
received prefix: 10.0.0.6
start time: 1741014827238
local preference: 279
end time: 1741014827238
Time: 0 ms
--------------------------------------------------
received prefix: 10.0.0.1
start time: 1741014827342
local preference: 279
end time: 1741014827342
Time: 0 ms
--------------------------------------------------
received prefix: 10.0.0.2
start time: 1741014827460
local preference: 279
end time: 1741014827461
Time: 1 ms
--------------------------------------------------
received prefix: 10.0.0.3
start time: 1741014827561
local preference: 279
end time: 1741014827562
Time: 1 ms
--------------------------------------------------
received prefix: 10.0.0.4
start time: 1741014827653
local preference: 279
end time: 1741014827654
Time: 1 ms
--------------------------------------------------
received prefix: 10.0.0.5
start time: 1741014827791
local preference: 279
end time: 1741014827792
Time: 1 ms
--------------------------------------------------
received prefix: 10.0.0.9
start time: 1741014827889
local preference: 279
end time: 1741014827890
Time: 1 ms
--------------------------------------------------
received prefix: 10.0.0.10
start time: 1741014827962
local preference: 279
end time: 1741014827963
Time: 1 ms
--------------------------------------------------
received prefix: 10.0.0.15
start time: 1741014828043
local preference: 279
end time: 1741014828044
Time: 1 ms
--------------------------------------------------
received prefix: 10.0.0.16
start time: 1741014828149
local preference: 279
end time: 1741014828150
Time: 1 ms
--------------------------------------------------
received prefix: 10.0.0.17
start time: 1741014828292
local preference: 279
end time: 1741014828293
Time: 1 ms
--------------------------------------------------
received prefix: 10.0.0.18
start time: 1741014828398
local preference: 279
end time: 1741014828399
Time: 1 ms
--------------------------------------------------
received prefix: 10.0.0.19
start time: 1741014828485
local preference: 279
end time: 1741014828486
Time: 1 ms
--------------------------------------------------
received prefix: 10.0.0.21
start time: 1741014828526
local preference: 279
end time: 1741014828527
Time: 1 ms
--------------------------------------------------
received prefix: 10.0.0.21
start time: 1741014828568
local preference: 279
end time: 1741014828569
Time: 1 ms
--------------------------------------------------
received prefix: 10.0.0.21
start time: 1741014828574
local preference: 279
end time: 1741014828575
Time: 1 ms
--------------------------------------------------
received prefix: 10.0.0.21
start time: 1741014828607
local preference: 279
end time: 1741014828608
Time: 1 ms
--------------------------------------------------
received prefix: 10.0.0.21
start time: 1741014828651
local preference: 279
end time: 1741014828652
Time: 1 ms
--------------------------------------------------
received prefix: 10.0.0.21
start time: 1741014828671
local preference: 279
end time: 1741014828672
Time: 1 ms
--------------------------------------------------
received prefix: 10.0.0.21
start time: 1741014828679
local preference: 279
end time: 1741014828680
Time: 1 ms
--------------------------------------------------
received prefix: 10.0.0.21
start time: 1741014828712
local preference: 279
end time: 1741014828712
Time: 0 ms
--------------------------------------------------
received prefix: 10.0.0.22
start time: 1741014828737
local preference: 279
end time: 1741014828738
Time: 1 ms
--------------------------------------------------
received prefix: 10.0.0.22
start time: 1741014828793
local preference: 279
end time: 1741014828794
Time: 1 ms
--------------------------------------------------
received prefix: 10.0.0.22
start time: 1741014828831
local preference: 279
end time: 1741014828832
Time: 1 ms
--------------------------------------------------
received prefix: 10.0.0.22
start time: 1741014828843
local preference: 279
end time: 1741014828845
Time: 2 ms
--------------------------------------------------
received prefix: 10.0.0.22
start time: 1741014828869
local preference: 279
end time: 1741014828870
Time: 1 ms
--------------------------------------------------
received prefix: 10.0.0.22
start time: 1741014828906
local preference: 279
end time: 1741014828907
Time: 1 ms
--------------------------------------------------
received prefix: 10.0.0.22
start time: 1741014828937
local preference: 279
end time: 1741014828937
Time: 0 ms
--------------------------------------------------
received prefix: 10.0.0.22
start time: 1741014828979
local preference: 279
end time: 1741014828981
Time: 2 ms
--------------------------------------------------
received prefix: 10.0.0.20
start time: 1741014829131
local preference: 279
end time: 1741014829132
Time: 1 ms
--------------------------------------------------
received prefix: 10.0.0.20
start time: 1741014829154
local preference: 279
end time: 1741014829157
Time: 3 ms
--------------------------------------------------
received prefix: 10.0.0.20
start time: 1741014829209
local preference: 279
end time: 1741014829210
Time: 1 ms
--------------------------------------------------
received prefix: 10.0.0.20
start time: 1741014829233
local preference: 279
end time: 1741014829234
Time: 1 ms
--------------------------------------------------
received prefix: 10.0.0.20
start time: 1741014829283
local preference: 279
end time: 1741014829285
Time: 2 ms
--------------------------------------------------
received prefix: 10.0.0.20
start time: 1741014829307
local preference: 279
end time: 1741014829308
Time: 1 ms
--------------------------------------------------
received prefix: 10.0.0.20
start time: 1741014829340
local preference: 279
end time: 1741014829341
Time: 1 ms
--------------------------------------------------
received prefix: 10.0.0.20
start time: 1741014829345
local preference: 279
end time: 1741014829346
Time: 1 ms
--------------------------------------------------
received prefix: 10.0.0.13
start time: 1741014829465
local preference: 279
end time: 1741014829466
Time: 1 ms
--------------------------------------------------
received prefix: 10.0.0.13
start time: 1741014829496
local preference: 279
end time: 1741014829497
Time: 1 ms
--------------------------------------------------
received prefix: 10.0.0.13
start time: 1741014829555
local preference: 279
end time: 1741014829556
Time: 1 ms
--------------------------------------------------
received prefix: 10.0.0.13
start time: 1741014829580
local preference: 279
end time: 1741014829580
Time: 0 ms
--------------------------------------------------
received prefix: 10.0.0.13
start time: 1741014829620
local preference: 279
end time: 1741014829621
Time: 1 ms
--------------------------------------------------
received prefix: 10.0.0.13
start time: 1741014829632
local preference: 279
end time: 1741014829633
Time: 1 ms
--------------------------------------------------
received prefix: 10.0.0.13
start time: 1741014829639
local preference: 279
end time: 1741014829639
Time: 0 ms
--------------------------------------------------
received prefix: 10.0.0.13
start time: 1741014829669
local preference: 279
end time: 1741014829670
Time: 1 ms
--------------------------------------------------
received prefix: 10.0.0.14
start time: 1741014829818
local preference: 279
end time: 1741014829819
Time: 1 ms
--------------------------------------------------
received prefix: 10.0.0.14
start time: 1741014829865
local preference: 279
end time: 1741014829865
Time: 0 ms
--------------------------------------------------
received prefix: 10.0.0.14
start time: 1741014829908
local preference: 279
end time: 1741014829909
Time: 1 ms
--------------------------------------------------
received prefix: 10.0.0.14
start time: 1741014829941
local preference: 279
end time: 1741014829942
Time: 1 ms
--------------------------------------------------
received prefix: 10.0.0.14
start time: 1741014829950
local preference: 279
end time: 1741014829951
Time: 1 ms
--------------------------------------------------
received prefix: 10.0.0.14
start time: 1741014829995
local preference: 279
end time: 1741014829995
Time: 0 ms
--------------------------------------------------
received prefix: 10.0.0.14
start time: 1741014830027
local preference: 279
end time: 1741014830030
Time: 3 ms
--------------------------------------------------
received prefix: 10.0.0.14
start time: 1741014830061
local preference: 279
end time: 1741014830062
Time: 1 ms
--------------------------------------------------
received prefix: 10.0.0.11
start time: 1741014830195
local preference: 279
end time: 1741014830196
Time: 1 ms
--------------------------------------------------
received prefix: 10.0.0.11
start time: 1741014830240
local preference: 279
end time: 1741014830241
Time: 1 ms
--------------------------------------------------
received prefix: 10.0.0.11
start time: 1741014830276
local preference: 279
end time: 1741014830277
Time: 1 ms
--------------------------------------------------
received prefix: 10.0.0.11
start time: 1741014830296
local preference: 279
end time: 1741014830297
Time: 1 ms
--------------------------------------------------
received prefix: 10.0.0.11
start time: 1741014830309
local preference: 279
end time: 1741014830310
Time: 1 ms
--------------------------------------------------
received prefix: 10.0.0.11
start time: 1741014830334
local preference: 279
end time: 1741014830335
Time: 1 ms
--------------------------------------------------
received prefix: 10.0.0.11
start time: 1741014830377
local preference: 279
end time: 1741014830378
Time: 1 ms
--------------------------------------------------
received prefix: 10.0.0.11
start time: 1741014830417
local preference: 279
end time: 1741014830418
Time: 1 ms
--------------------------------------------------
received prefix: 10.0.0.7
start time: 1741014830522
local preference: 279
end time: 1741014830524
Time: 2 ms
--------------------------------------------------
received prefix: 10.0.0.7
start time: 1741014830572
local preference: 279
end time: 1741014830573
Time: 1 ms
--------------------------------------------------
received prefix: 10.0.0.7
start time: 1741014830587
local preference: 279
end time: 1741014830588
Time: 1 ms
--------------------------------------------------
received prefix: 10.0.0.7
start time: 1741014830614
local preference: 279
end time: 1741014830615
Time: 1 ms
--------------------------------------------------
received prefix: 10.0.0.7
start time: 1741014830647
local preference: 279
end time: 1741014830648
Time: 1 ms
--------------------------------------------------
received prefix: 10.0.0.7
start time: 1741014830661
local preference: 279
end time: 1741014830662
Time: 1 ms
--------------------------------------------------
received prefix: 10.0.0.7
start time: 1741014830667
local preference: 279
end time: 1741014830668
Time: 1 ms
--------------------------------------------------
received prefix: 10.0.0.7
start time: 1741014830721
local preference: 279
end time: 1741014830722
Time: 1 ms
--------------------------------------------------
received prefix: 10.0.0.8
start time: 1741014830845
local preference: 279
end time: 1741014830845
Time: 0 ms
--------------------------------------------------
received prefix: 10.0.0.8
start time: 1741014830878
local preference: 279
end time: 1741014830879
Time: 1 ms
--------------------------------------------------
received prefix: 10.0.0.8
start time: 1741014830893
local preference: 279
end time: 1741014830895
Time: 2 ms
--------------------------------------------------
received prefix: 10.0.0.8
start time: 1741014830927
local preference: 279
end time: 1741014830928
Time: 1 ms
--------------------------------------------------
received prefix: 10.0.0.8
start time: 1741014830942
local preference: 279
end time: 1741014830942
Time: 0 ms
--------------------------------------------------
received prefix: 10.0.0.8
start time: 1741014830945
local preference: 279
end time: 1741014830946
Time: 1 ms
--------------------------------------------------
received prefix: 10.0.0.8
start time: 1741014830992
local preference: 279
end time: 1741014830993
Time: 1 ms
--------------------------------------------------
received prefix: 10.0.0.8
start time: 1741014831009
local preference: 279
end time: 1741014831010
Time: 1 ms
--------------------------------------------------
received prefix: 10.0.0.6
start time: 1741014831129
local preference: 279
end time: 1741014831129
Time: 0 ms
--------------------------------------------------
received prefix: 10.0.0.6
start time: 1741014831149
local preference: 279
end time: 1741014831150
Time: 1 ms
--------------------------------------------------
received prefix: 10.0.0.6
start time: 1741014831176
local preference: 279
end time: 1741014831176
Time: 0 ms
--------------------------------------------------
received prefix: 10.0.0.6
start time: 1741014831207
local preference: 279
end time: 1741014831207
Time: 0 ms
--------------------------------------------------
received prefix: 10.0.0.6
start time: 1741014831225
local preference: 279
end time: 1741014831226
Time: 1 ms
--------------------------------------------------
received prefix: 10.0.0.6
start time: 1741014831247
local preference: 279
end time: 1741014831247
Time: 0 ms
--------------------------------------------------
received prefix: 10.0.0.6
start time: 1741014831290
local preference: 279
end time: 1741014831291
Time: 1 ms
--------------------------------------------------
received prefix: 10.0.0.6
start time: 1741014831305
local preference: 279
end time: 1741014831306
Time: 1 ms
--------------------------------------------------
received prefix: 10.0.0.1
start time: 1741014831472
local preference: 279
end time: 1741014831473
Time: 1 ms
--------------------------------------------------
received prefix: 10.0.0.1
start time: 1741014831492
local preference: 279
end time: 1741014831493
Time: 1 ms
--------------------------------------------------
received prefix: 10.0.0.1
start time: 1741014831515
local preference: 279
end time: 1741014831516
Time: 1 ms
--------------------------------------------------
received prefix: 10.0.0.1
start time: 1741014831527
local preference: 279
end time: 1741014831528
Time: 1 ms
--------------------------------------------------
received prefix: 10.0.0.1
start time: 1741014831558
local preference: 279
end time: 1741014831559
Time: 1 ms
--------------------------------------------------
received prefix: 10.0.0.1
start time: 1741014831580
local preference: 279
end time: 1741014831581
Time: 1 ms
--------------------------------------------------
received prefix: 10.0.0.1
start time: 1741014831611
local preference: 279
end time: 1741014831612
Time: 1 ms
--------------------------------------------------
received prefix: 10.0.0.1
start time: 1741014831625
local preference: 279
end time: 1741014831626
Time: 1 ms
--------------------------------------------------
received prefix: 10.0.0.2
start time: 1741014831746
local preference: 279
end time: 1741014831746
Time: 0 ms
--------------------------------------------------
received prefix: 10.0.0.2
start time: 1741014831798
local preference: 279
end time: 1741014831799
Time: 1 ms
--------------------------------------------------
received prefix: 10.0.0.2
start time: 1741014831827
local preference: 279
end time: 1741014831828
Time: 1 ms
--------------------------------------------------
received prefix: 10.0.0.2
start time: 1741014831866
local preference: 279
end time: 1741014831867
Time: 1 ms
--------------------------------------------------
received prefix: 10.0.0.2
start time: 1741014831883
local preference: 279
end time: 1741014831884
Time: 1 ms
--------------------------------------------------
received prefix: 10.0.0.2
start time: 1741014831910
local preference: 279
end time: 1741014831911
Time: 1 ms
--------------------------------------------------
received prefix: 10.0.0.2
start time: 1741014831946
local preference: 279
end time: 1741014831947
Time: 1 ms
--------------------------------------------------
received prefix: 10.0.0.2
start time: 1741014831958
local preference: 279
end time: 1741014831960
Time: 2 ms
--------------------------------------------------
received prefix: 10.0.0.3
start time: 1741014832120
local preference: 279
end time: 1741014832122
Time: 2 ms
--------------------------------------------------
received prefix: 10.0.0.3
start time: 1741014832154
local preference: 279
end time: 1741014832155
Time: 1 ms
--------------------------------------------------
received prefix: 10.0.0.3
start time: 1741014832194
local preference: 279
end time: 1741014832195
Time: 1 ms
--------------------------------------------------
received prefix: 10.0.0.3
start time: 1741014832227
local preference: 279
end time: 1741014832229
Time: 2 ms
--------------------------------------------------
received prefix: 10.0.0.3
start time: 1741014832262
local preference: 279
end time: 1741014832263
Time: 1 ms
--------------------------------------------------
received prefix: 10.0.0.3
start time: 1741014832269
local preference: 279
end time: 1741014832270
Time: 1 ms
--------------------------------------------------
received prefix: 10.0.0.3
start time: 1741014832311
local preference: 279
end time: 1741014832312
Time: 1 ms
--------------------------------------------------
received prefix: 10.0.0.3
start time: 1741014832322
local preference: 279
end time: 1741014832323
Time: 1 ms
--------------------------------------------------
received prefix: 10.0.0.4
start time: 1741014832457
local preference: 279
end time: 1741014832457
Time: 0 ms
--------------------------------------------------
received prefix: 10.0.0.4
start time: 1741014832506
local preference: 279
end time: 1741014832507
Time: 1 ms
--------------------------------------------------
received prefix: 10.0.0.4
start time: 1741014832540
local preference: 279
end time: 1741014832541
Time: 1 ms
--------------------------------------------------
received prefix: 10.0.0.4
start time: 1741014832565
local preference: 279
end time: 1741014832567
Time: 2 ms
--------------------------------------------------
received prefix: 10.0.0.4
start time: 1741014832573
local preference: 279
end time: 1741014832574
Time: 1 ms
--------------------------------------------------
received prefix: 10.0.0.4
start time: 1741014832624
local preference: 279
end time: 1741014832625
Time: 1 ms
--------------------------------------------------
received prefix: 10.0.0.4
start time: 1741014832645
local preference: 279
end time: 1741014832645
Time: 0 ms
--------------------------------------------------
received prefix: 10.0.0.4
start time: 1741014832689
local preference: 279
end time: 1741014832690
Time: 1 ms
--------------------------------------------------
received prefix: 10.0.0.5
start time: 1741014832830
local preference: 279
end time: 1741014832831
Time: 1 ms
--------------------------------------------------
received prefix: 10.0.0.5
start time: 1741014832877
local preference: 279
end time: 1741014832878
Time: 1 ms
--------------------------------------------------
received prefix: 10.0.0.5
start time: 1741014832897
local preference: 279
end time: 1741014832898
Time: 1 ms
--------------------------------------------------
received prefix: 10.0.0.5
start time: 1741014832920
local preference: 279
end time: 1741014832921
Time: 1 ms
--------------------------------------------------
received prefix: 10.0.0.5
start time: 1741014832927
local preference: 279
end time: 1741014832928
Time: 1 ms
--------------------------------------------------
received prefix: 10.0.0.5
start time: 1741014832972
local preference: 279
end time: 1741014832973
Time: 1 ms
--------------------------------------------------
received prefix: 10.0.0.5
start time: 1741014833003
local preference: 279
end time: 1741014833004
Time: 1 ms
--------------------------------------------------
received prefix: 10.0.0.5
start time: 1741014833043
local preference: 279
end time: 1741014833044
Time: 1 ms
--------------------------------------------------
received prefix: 10.0.0.9
start time: 1741014833184
local preference: 279
end time: 1741014833185
Time: 1 ms
--------------------------------------------------
received prefix: 10.0.0.9
start time: 1741014833220
local preference: 279
end time: 1741014833221
Time: 1 ms
--------------------------------------------------
received prefix: 10.0.0.9
start time: 1741014833234
local preference: 279
end time: 1741014833235
Time: 1 ms
--------------------------------------------------
received prefix: 10.0.0.9
start time: 1741014833262
local preference: 279
end time: 1741014833262
Time: 0 ms
--------------------------------------------------
received prefix: 10.0.0.9
start time: 1741014833271
local preference: 279
end time: 1741014833272
Time: 1 ms
--------------------------------------------------
received prefix: 10.0.0.9
start time: 1741014833297
local preference: 279
end time: 1741014833298
Time: 1 ms
--------------------------------------------------
received prefix: 10.0.0.9
start time: 1741014833331
local preference: 279
end time: 1741014833332
Time: 1 ms
--------------------------------------------------
received prefix: 10.0.0.9
start time: 1741014833342
local preference: 279
end time: 1741014833343
Time: 1 ms
--------------------------------------------------
received prefix: 10.0.0.10
start time: 1741014833505
local preference: 279
end time: 1741014833506
Time: 1 ms
--------------------------------------------------
received prefix: 10.0.0.10
start time: 1741014833527
local preference: 279
end time: 1741014833528
Time: 1 ms
--------------------------------------------------
received prefix: 10.0.0.10
start time: 1741014833533
local preference: 279
end time: 1741014833534
Time: 1 ms
--------------------------------------------------
received prefix: 10.0.0.10
start time: 1741014833547
local preference: 279
end time: 1741014833548
Time: 1 ms
--------------------------------------------------
received prefix: 10.0.0.10
start time: 1741014833589
local preference: 279
end time: 1741014833590
Time: 1 ms
--------------------------------------------------
received prefix: 10.0.0.10
start time: 1741014833618
local preference: 279
end time: 1741014833619
Time: 1 ms
--------------------------------------------------
received prefix: 10.0.0.10
start time: 1741014833678
local preference: 279
end time: 1741014833680
Time: 2 ms
--------------------------------------------------
received prefix: 10.0.0.10
start time: 1741014833710
local preference: 279
end time: 1741014833711
Time: 1 ms
--------------------------------------------------
received prefix: 10.0.0.15
start time: 1741014833908
local preference: 279
end time: 1741014833909
Time: 1 ms
--------------------------------------------------
received prefix: 10.0.0.15
start time: 1741014833957
local preference: 279
end time: 1741014833959
Time: 2 ms
--------------------------------------------------
received prefix: 10.0.0.15
start time: 1741014833986
local preference: 279
end time: 1741014833987
Time: 1 ms
--------------------------------------------------
received prefix: 10.0.0.15
start time: 1741014833991
local preference: 279
end time: 1741014833992
Time: 1 ms
--------------------------------------------------
received prefix: 10.0.0.15
start time: 1741014834021
local preference: 279
end time: 1741014834022
Time: 1 ms
--------------------------------------------------
received prefix: 10.0.0.15
start time: 1741014834070
local preference: 279
end time: 1741014834070
Time: 0 ms
--------------------------------------------------
received prefix: 10.0.0.15
start time: 1741014834107
local preference: 279
end time: 1741014834108
Time: 1 ms
--------------------------------------------------
received prefix: 10.0.0.15
start time: 1741014834140
local preference: 279
end time: 1741014834140
Time: 0 ms
--------------------------------------------------
received prefix: 10.0.0.16
start time: 1741014834305
local preference: 279
end time: 1741014834307
Time: 2 ms
--------------------------------------------------
received prefix: 10.0.0.16
start time: 1741014834351
local preference: 279
end time: 1741014834352
Time: 1 ms
--------------------------------------------------
received prefix: 10.0.0.16
start time: 1741014834403
local preference: 279
end time: 1741014834403
Time: 0 ms
--------------------------------------------------
received prefix: 10.0.0.16
start time: 1741014834443
local preference: 279
end time: 1741014834444
Time: 1 ms
--------------------------------------------------
received prefix: 10.0.0.16
start time: 1741014834448
local preference: 279
end time: 1741014834449
Time: 1 ms
--------------------------------------------------
received prefix: 10.0.0.16
start time: 1741014834478
local preference: 279
end time: 1741014834478
Time: 0 ms
--------------------------------------------------
received prefix: 10.0.0.16
start time: 1741014834522
local preference: 279
end time: 1741014834523
Time: 1 ms
--------------------------------------------------
received prefix: 10.0.0.16
start time: 1741014834529
local preference: 279
end time: 1741014834530
Time: 1 ms
--------------------------------------------------
received prefix: 10.0.0.17
start time: 1741014834713
local preference: 279
end time: 1741014834714
Time: 1 ms
--------------------------------------------------
received prefix: 10.0.0.17
start time: 1741014834751
local preference: 279
end time: 1741014834751
Time: 0 ms
--------------------------------------------------
received prefix: 10.0.0.17
start time: 1741014834793
local preference: 279
end time: 1741014834795
Time: 2 ms
--------------------------------------------------
received prefix: 10.0.0.17
start time: 1741014834843
local preference: 279
end time: 1741014834843
Time: 0 ms
--------------------------------------------------
received prefix: 10.0.0.17
start time: 1741014834877
local preference: 279
end time: 1741014834878
Time: 1 ms
--------------------------------------------------
received prefix: 10.0.0.17
start time: 1741014834886
local preference: 279
end time: 1741014834886
Time: 0 ms
--------------------------------------------------
received prefix: 10.0.0.17
start time: 1741014834940
local preference: 279
end time: 1741014834941
Time: 1 ms
--------------------------------------------------
received prefix: 10.0.0.17
start time: 1741014834962
local preference: 279
end time: 1741014834964
Time: 2 ms
--------------------------------------------------
received prefix: 10.0.0.18
start time: 1741014835139
local preference: 279
end time: 1741014835141
Time: 2 ms
--------------------------------------------------
received prefix: 10.0.0.18
start time: 1741014835164
local preference: 279
end time: 1741014835166
Time: 2 ms
--------------------------------------------------
received prefix: 10.0.0.18
start time: 1741014835224
local preference: 279
end time: 1741014835225
Time: 1 ms
--------------------------------------------------
received prefix: 10.0.0.18
start time: 1741014835239
local preference: 279
end time: 1741014835240
Time: 1 ms
--------------------------------------------------
received prefix: 10.0.0.18
start time: 1741014835260
local preference: 279
end time: 1741014835261
Time: 1 ms
--------------------------------------------------
received prefix: 10.0.0.18
start time: 1741014835285
local preference: 279
end time: 1741014835287
Time: 2 ms
--------------------------------------------------
received prefix: 10.0.0.18
start time: 1741014835313
local preference: 279
end time: 1741014835313
Time: 0 ms
--------------------------------------------------
received prefix: 10.0.0.18
start time: 1741014835352
local preference: 279
end time: 1741014835353
Time: 1 ms
--------------------------------------------------
received prefix: 10.0.0.19
start time: 1741014835487
local preference: 279
end time: 1741014835488
Time: 1 ms
--------------------------------------------------
received prefix: 10.0.0.19
start time: 1741014835520
local preference: 279
end time: 1741014835521
Time: 1 ms
--------------------------------------------------
received prefix: 10.0.0.19
start time: 1741014835544
local preference: 279
end time: 1741014835545
Time: 1 ms
--------------------------------------------------
received prefix: 10.0.0.19
start time: 1741014835577
local preference: 279
end time: 1741014835578
Time: 1 ms
--------------------------------------------------
received prefix: 10.0.0.19
start time: 1741014835616
local preference: 279
end time: 1741014835617
Time: 1 ms
--------------------------------------------------
received prefix: 10.0.0.19
start time: 1741014835622
local preference: 279
end time: 1741014835623
Time: 1 ms
--------------------------------------------------
received prefix: 10.0.0.19
start time: 1741014835634
local preference: 279
end time: 1741014835635
Time: 1 ms
--------------------------------------------------
received prefix: 10.0.0.19
start time: 1741014835680
local preference: 279
end time: 1741014835681
Time: 1 ms
--------------------------------------------------
received prefix: 10.0.0.23
start time: 1741014835957
local preference: 279
end time: 1741014835958
Time: 1 ms
--------------------------------------------------
received prefix: 10.0.0.23
start time: 1741014836014
local preference: 279
end time: 1741014836015
Time: 1 ms
--------------------------------------------------
received prefix: 10.0.0.23
start time: 1741014836047
local preference: 279
end time: 1741014836048
Time: 1 ms
--------------------------------------------------
received prefix: 10.0.0.23
start time: 1741014836080
local preference: 279
end time: 1741014836081
Time: 1 ms
--------------------------------------------------
received prefix: 10.0.0.23
start time: 1741014836088
local preference: 279
end time: 1741014836090
Time: 2 ms
--------------------------------------------------
received prefix: 10.0.0.23
start time: 1741014836117
local preference: 279
end time: 1741014836117
Time: 0 ms
--------------------------------------------------
received prefix: 10.0.0.23
start time: 1741014836125
local preference: 279
end time: 1741014836127
Time: 2 ms
--------------------------------------------------
received prefix: 10.0.0.23
start time: 1741014836158
local preference: 279
end time: 1741014836159
Time: 1 ms
--------------------------------------------------
received prefix: 10.0.0.24
start time: 1741014836395
local preference: 279
end time: 1741014836396
Time: 1 ms
--------------------------------------------------
received prefix: 10.0.0.24
start time: 1741014836445
local preference: 279
end time: 1741014836445
Time: 0 ms
--------------------------------------------------
received prefix: 10.0.0.24
start time: 1741014836501
local preference: 279
end time: 1741014836502
Time: 1 ms
--------------------------------------------------
received prefix: 10.0.0.24
start time: 1741014836514
local preference: 279
end time: 1741014836515
Time: 1 ms
--------------------------------------------------
received prefix: 10.0.0.24
start time: 1741014836547
local preference: 279
end time: 1741014836547
Time: 0 ms
--------------------------------------------------
received prefix: 10.0.0.24
start time: 1741014836569
local preference: 279
end time: 1741014836570
Time: 1 ms
--------------------------------------------------
received prefix: 10.0.0.24
start time: 1741014836605
local preference: 279
end time: 1741014836606
Time: 1 ms
--------------------------------------------------
received prefix: 10.0.0.24
start time: 1741014836613
local preference: 279
end time: 1741014836613
Time: 0 ms
--------------------------------------------------
received prefix: 10.0.0.25
start time: 1741014836757
local preference: 279
end time: 1741014836758
Time: 1 ms
--------------------------------------------------
received prefix: 10.0.0.25
start time: 1741014836797
local preference: 279
end time: 1741014836797
Time: 0 ms
--------------------------------------------------
received prefix: 10.0.0.25
start time: 1741014836831
local preference: 279
end time: 1741014836832
Time: 1 ms
--------------------------------------------------
received prefix: 10.0.0.25
start time: 1741014836879
local preference: 279
end time: 1741014836880
Time: 1 ms
--------------------------------------------------
received prefix: 10.0.0.25
start time: 1741014836944
local preference: 279
end time: 1741014836945
Time: 1 ms
--------------------------------------------------
received prefix: 10.0.0.25
start time: 1741014836961
local preference: 279
end time: 1741014836962
Time: 1 ms
--------------------------------------------------
received prefix: 10.0.0.25
start time: 1741014836967
local preference: 279
end time: 1741014836968
Time: 1 ms
--------------------------------------------------
received prefix: 10.0.0.25
start time: 1741014836979
local preference: 279
end time: 1741014836980
Time: 1 ms
--------------------------------------------------
received prefix: 10.0.0.26
start time: 1741014839408
local preference: 279
end time: 1741014839409
Time: 1 ms
--------------------------------------------------
received prefix: 10.0.0.25
start time: 1741014839879
local preference: 279
end time: 1741014839880
Time: 1 ms
--------------------------------------------------
received prefix: 10.0.0.21
start time: 1741014840376
local preference: 279
end time: 1741014840377
Time: 1 ms
--------------------------------------------------
received prefix: 10.0.0.22
start time: 1741014840869
local preference: 279
end time: 1741014840870
Time: 1 ms
--------------------------------------------------
received prefix: 10.0.0.20
start time: 1741014841427
local preference: 279
end time: 1741014841428
Time: 1 ms
--------------------------------------------------
received prefix: 10.0.0.13
start time: 1741014842054
local preference: 279
end time: 1741014842055
Time: 1 ms
--------------------------------------------------
received prefix: 10.0.0.14
start time: 1741014842584
local preference: 279
end time: 1741014842585
Time: 1 ms
--------------------------------------------------
received prefix: 10.0.0.11
start time: 1741014843055
local preference: 279
end time: 1741014843056
Time: 1 ms
--------------------------------------------------
received prefix: 10.0.0.7
start time: 1741014843724
local preference: 279
end time: 1741014843724
Time: 0 ms
--------------------------------------------------
received prefix: 10.0.0.8
start time: 1741014844531
local preference: 279
end time: 1741014844532
Time: 1 ms
--------------------------------------------------
received prefix: 10.0.0.6
start time: 1741014845179
local preference: 279
end time: 1741014845180
Time: 1 ms
--------------------------------------------------
received prefix: 10.0.0.1
start time: 1741014845575
local preference: 279
end time: 1741014845576
Time: 1 ms
--------------------------------------------------
received prefix: 10.0.0.2
start time: 1741014845927
local preference: 279
end time: 1741014845928
Time: 1 ms
--------------------------------------------------
received prefix: 10.0.0.3
start time: 1741014846339
local preference: 279
end time: 1741014846340
Time: 1 ms
--------------------------------------------------
received prefix: 10.0.0.4
start time: 1741014846878
local preference: 279
end time: 1741014846879
Time: 1 ms
--------------------------------------------------
received prefix: 10.0.0.5
start time: 1741014847306
local preference: 279
end time: 1741014847307
Time: 1 ms
--------------------------------------------------
received prefix: 10.0.0.9
start time: 1741014847714
local preference: 279
end time: 1741014847715
Time: 1 ms
--------------------------------------------------
received prefix: 10.0.0.10
start time: 1741014848108
local preference: 279
end time: 1741014848109
Time: 1 ms
--------------------------------------------------
received prefix: 10.0.0.15
start time: 1741014848493
local preference: 279
end time: 1741014848493
Time: 0 ms
--------------------------------------------------
received prefix: 10.0.0.16
start time: 1741014849001
local preference: 279
end time: 1741014849002
Time: 1 ms
--------------------------------------------------
received prefix: 10.0.0.17
start time: 1741014849452
local preference: 279
end time: 1741014849454
Time: 2 ms
--------------------------------------------------
received prefix: 10.0.0.18
start time: 1741014849983
local preference: 279
end time: 1741014849985
Time: 2 ms
--------------------------------------------------
received prefix: 10.0.0.19
start time: 1741014850494
local preference: 279
end time: 1741014850494
Time: 0 ms
--------------------------------------------------
received prefix: 10.0.0.23
start time: 1741014850929
local preference: 279
end time: 1741014850930
Time: 1 ms
--------------------------------------------------
received prefix: 10.0.0.24
start time: 1741014851440
local preference: 279
end time: 1741014851441
Time: 1 ms
--------------------------------------------------
received prefix: 10.0.0.22
start time: 1741014895177
local preference: 279
end time: 1741014895178
Time: 1 ms
--------------------------------------------------
received prefix: 10.0.0.21
start time: 1741014895467
local preference: 279
end time: 1741014895469
Time: 2 ms
--------------------------------------------------
received prefix: 10.0.0.12
start time: 1741014895530
local preference: 280
end time: 1741014895531
Time: 1 ms
--------------------------------------------------
received prefix: 10.0.0.32
start time: 1741014895633
local preference: 279
end time: 1741014895634
Time: 1 ms
--------------------------------------------------
received prefix: 10.0.0.26
start time: 1741014895738
local preference: 279
end time: 1741014895739
Time: 1 ms
--------------------------------------------------
received prefix: 10.0.0.25
start time: 1741014895881
local preference: 279
end time: 1741014895882
Time: 1 ms
--------------------------------------------------
received prefix: 10.0.0.23
start time: 1741014895995
local preference: 279
end time: 1741014895995
Time: 0 ms
--------------------------------------------------
received prefix: 10.0.0.24
start time: 1741014896058
local preference: 279
end time: 1741014896059
Time: 1 ms
--------------------------------------------------
received prefix: 10.0.0.27
start time: 1741014896122
local preference: 279
end time: 1741014896123
Time: 1 ms
--------------------------------------------------
received prefix: 10.0.0.28
start time: 1741014896245
local preference: 279
end time: 1741014896246
Time: 1 ms
--------------------------------------------------
received prefix: 10.0.0.29
start time: 1741014896338
local preference: 279
end time: 1741014896339
Time: 1 ms
--------------------------------------------------
received prefix: 10.0.0.30
start time: 1741014896433
local preference: 279
end time: 1741014896435
Time: 2 ms
--------------------------------------------------
received prefix: 10.0.0.31
start time: 1741014896545
local preference: 279
end time: 1741014896546
Time: 1 ms
--------------------------------------------------
received prefix: 10.0.0.12
start time: 1741014897123
local preference: 279
end time: 1741014897124
Time: 1 ms
--------------------------------------------------
received prefix: 10.0.0.12
start time: 1741014897183
local preference: 279
end time: 1741014897184
Time: 1 ms
--------------------------------------------------
received prefix: 10.0.0.12
start time: 1741014897206
local preference: 279
end time: 1741014897207
Time: 1 ms
--------------------------------------------------
received prefix: 10.0.0.12
start time: 1741014897215
local preference: 279
end time: 1741014897216
Time: 1 ms
--------------------------------------------------
received prefix: 10.0.0.12
start time: 1741014897275
local preference: 279
end time: 1741014897276
Time: 1 ms
--------------------------------------------------
received prefix: 10.0.0.12
start time: 1741014897316
local preference: 279
end time: 1741014897317
Time: 1 ms
--------------------------------------------------
received prefix: 10.0.0.12
start time: 1741014897348
local preference: 279
end time: 1741014897349
Time: 1 ms
--------------------------------------------------
received prefix: 10.0.0.12
start time: 1741014897413
local preference: 279
end time: 1741014897414
Time: 1 ms
--------------------------------------------------
received prefix: 10.0.0.32
start time: 1741014897520
local preference: 279
end time: 1741014897521
Time: 1 ms
--------------------------------------------------
received prefix: 10.0.0.32
start time: 1741014897565
local preference: 279
end time: 1741014897567
Time: 2 ms
--------------------------------------------------
received prefix: 10.0.0.32
start time: 1741014897584
local preference: 279
end time: 1741014897585
Time: 1 ms
--------------------------------------------------
received prefix: 10.0.0.32
start time: 1741014897601
local preference: 279
end time: 1741014897602
Time: 1 ms
--------------------------------------------------
received prefix: 10.0.0.32
start time: 1741014897654
local preference: 279
end time: 1741014897654
Time: 0 ms
--------------------------------------------------
received prefix: 10.0.0.32
start time: 1741014897658
local preference: 279
end time: 1741014897659
Time: 1 ms
--------------------------------------------------
received prefix: 10.0.0.32
start time: 1741014897663
local preference: 279
end time: 1741014897663
Time: 0 ms
--------------------------------------------------
received prefix: 10.0.0.32
start time: 1741014897667
local preference: 279
end time: 1741014897669
Time: 2 ms
--------------------------------------------------
received prefix: 10.0.0.26
start time: 1741014897790
local preference: 279
end time: 1741014897791
Time: 1 ms
--------------------------------------------------
received prefix: 10.0.0.26
start time: 1741014897830
local preference: 279
end time: 1741014897831
Time: 1 ms
--------------------------------------------------
received prefix: 10.0.0.26
start time: 1741014897869
local preference: 279
end time: 1741014897869
Time: 0 ms
--------------------------------------------------
received prefix: 10.0.0.26
start time: 1741014897901
local preference: 279
end time: 1741014897902
Time: 1 ms
--------------------------------------------------
received prefix: 10.0.0.26
start time: 1741014897961
local preference: 279
end time: 1741014897962
Time: 1 ms
--------------------------------------------------
received prefix: 10.0.0.26
start time: 1741014897986
local preference: 279
end time: 1741014897987
Time: 1 ms
--------------------------------------------------
received prefix: 10.0.0.26
start time: 1741014898015
local preference: 279
end time: 1741014898019
Time: 4 ms
--------------------------------------------------
received prefix: 10.0.0.27
start time: 1741014898144
local preference: 279
end time: 1741014898145
Time: 1 ms
--------------------------------------------------
received prefix: 10.0.0.27
start time: 1741014898178
local preference: 279
end time: 1741014898179
Time: 1 ms
--------------------------------------------------
received prefix: 10.0.0.27
start time: 1741014898196
local preference: 279
end time: 1741014898197
Time: 1 ms
--------------------------------------------------
received prefix: 10.0.0.27
start time: 1741014898243
local preference: 279
end time: 1741014898245
Time: 2 ms
--------------------------------------------------
received prefix: 10.0.0.27
start time: 1741014898286
local preference: 279
end time: 1741014898288
Time: 2 ms
--------------------------------------------------
received prefix: 10.0.0.27
start time: 1741014898341
local preference: 279
end time: 1741014898342
Time: 1 ms
--------------------------------------------------
received prefix: 10.0.0.27
start time: 1741014898346
local preference: 279
end time: 1741014898347
Time: 1 ms
--------------------------------------------------
received prefix: 10.0.0.27
start time: 1741014898351
local preference: 279
end time: 1741014898352
Time: 1 ms
--------------------------------------------------
received prefix: 10.0.0.28
start time: 1741014898531
local preference: 279
end time: 1741014898532
Time: 1 ms
--------------------------------------------------
received prefix: 10.0.0.28
start time: 1741014898555
local preference: 279
end time: 1741014898558
Time: 3 ms
--------------------------------------------------
received prefix: 10.0.0.28
start time: 1741014898594
local preference: 279
end time: 1741014898595
Time: 1 ms
--------------------------------------------------
received prefix: 10.0.0.28
start time: 1741014898642
local preference: 279
end time: 1741014898643
Time: 1 ms
--------------------------------------------------
received prefix: 10.0.0.28
start time: 1741014898659
local preference: 279
end time: 1741014898660
Time: 1 ms
--------------------------------------------------
received prefix: 10.0.0.28
start time: 1741014898676
local preference: 279
end time: 1741014898677
Time: 1 ms
--------------------------------------------------
received prefix: 10.0.0.28
start time: 1741014898729
local preference: 279
end time: 1741014898730
Time: 1 ms
--------------------------------------------------
received prefix: 10.0.0.28
start time: 1741014898751
local preference: 279
end time: 1741014898753
Time: 2 ms
--------------------------------------------------
received prefix: 10.0.0.29
start time: 1741014898913
local preference: 279
end time: 1741014898914
Time: 1 ms
--------------------------------------------------
received prefix: 10.0.0.29
start time: 1741014898939
local preference: 279
end time: 1741014898940
Time: 1 ms
--------------------------------------------------
received prefix: 10.0.0.29
start time: 1741014898982
local preference: 279
end time: 1741014898983
Time: 1 ms
--------------------------------------------------
received prefix: 10.0.0.29
start time: 1741014898993
local preference: 279
end time: 1741014898995
Time: 2 ms
--------------------------------------------------
received prefix: 10.0.0.29
start time: 1741014899027
local preference: 279
end time: 1741014899028
Time: 1 ms
--------------------------------------------------
received prefix: 10.0.0.29
start time: 1741014899040
local preference: 279
end time: 1741014899041
Time: 1 ms
--------------------------------------------------
received prefix: 10.0.0.29
start time: 1741014899046
local preference: 279
end time: 1741014899046
Time: 0 ms
--------------------------------------------------
received prefix: 10.0.0.29
start time: 1741014899088
local preference: 279
end time: 1741014899090
Time: 2 ms
--------------------------------------------------
received prefix: 10.0.0.30
start time: 1741014899259
local preference: 279
end time: 1741014899260
Time: 1 ms
--------------------------------------------------
received prefix: 10.0.0.30
start time: 1741014899306
local preference: 279
end time: 1741014899307
Time: 1 ms
--------------------------------------------------
received prefix: 10.0.0.30
start time: 1741014899332
local preference: 279
end time: 1741014899332
Time: 0 ms
--------------------------------------------------
received prefix: 10.0.0.30
start time: 1741014899341
local preference: 279
end time: 1741014899342
Time: 1 ms
--------------------------------------------------
received prefix: 10.0.0.30
start time: 1741014899382
local preference: 279
end time: 1741014899382
Time: 0 ms
--------------------------------------------------
received prefix: 10.0.0.30
start time: 1741014899408
local preference: 279
end time: 1741014899409
Time: 1 ms
--------------------------------------------------
received prefix: 10.0.0.30
start time: 1741014899430
local preference: 279
end time: 1741014899430
Time: 0 ms
--------------------------------------------------
received prefix: 10.0.0.30
start time: 1741014899446
local preference: 279
end time: 1741014899446
Time: 0 ms
--------------------------------------------------
received prefix: 10.0.0.31
start time: 1741014899566
local preference: 279
end time: 1741014899567
Time: 1 ms
--------------------------------------------------
received prefix: 10.0.0.31
start time: 1741014899612
local preference: 279
end time: 1741014899613
Time: 1 ms
--------------------------------------------------
received prefix: 10.0.0.31
start time: 1741014899650
local preference: 279
end time: 1741014899651
Time: 1 ms
--------------------------------------------------
received prefix: 10.0.0.31
start time: 1741014899692
local preference: 279
end time: 1741014899693
Time: 1 ms
--------------------------------------------------
received prefix: 10.0.0.31
start time: 1741014899698
local preference: 279
end time: 1741014899699
Time: 1 ms
--------------------------------------------------
received prefix: 10.0.0.31
start time: 1741014899712
local preference: 279
end time: 1741014899713
Time: 1 ms
--------------------------------------------------
received prefix: 10.0.0.31
start time: 1741014899754
local preference: 279
end time: 1741014899755
Time: 1 ms
--------------------------------------------------
received prefix: 10.0.0.31
start time: 1741014899758
local preference: 279
end time: 1741014899759
Time: 1 ms
--------------------------------------------------
received prefix: 10.0.0.26
start time: 1741014900177
local preference: 279
end time: 1741014900179
Time: 2 ms
--------------------------------------------------
received prefix: 10.0.0.26
start time: 1741014900215
local preference: 279
end time: 1741014900216
Time: 1 ms
--------------------------------------------------
received prefix: 10.0.0.26
start time: 1741014900242
local preference: 279
end time: 1741014900245
Time: 3 ms
--------------------------------------------------
received prefix: 10.0.0.26
start time: 1741014900280
local preference: 279
end time: 1741014900282
Time: 2 ms
--------------------------------------------------
received prefix: 10.0.0.1
start time: 1741014901338
local preference: 279
end time: 1741014901340
Time: 2 ms
--------------------------------------------------
received prefix: 10.0.0.2
start time: 1741014901607
local preference: 279
end time: 1741014901608
Time: 1 ms
--------------------------------------------------
received prefix: 10.0.0.3
start time: 1741014901817
local preference: 279
end time: 1741014901817
Time: 0 ms
--------------------------------------------------
received prefix: 10.0.0.27
start time: 1741014901962
local preference: 279
end time: 1741014901963
Time: 1 ms
--------------------------------------------------
received prefix: 10.0.0.28
start time: 1741014902048
local preference: 279
end time: 1741014902049
Time: 1 ms
--------------------------------------------------
received prefix: 10.0.0.29
start time: 1741014902122
local preference: 279
end time: 1741014902123
Time: 1 ms
--------------------------------------------------
received prefix: 10.0.0.30
start time: 1741014902227
local preference: 279
end time: 1741014902228
Time: 1 ms
--------------------------------------------------
received prefix: 10.0.0.31
start time: 1741014902305
local preference: 279
end time: 1741014902305
Time: 0 ms
--------------------------------------------------
received prefix: 10.0.0.32
start time: 1741014902410
local preference: 279
end time: 1741014902411
Time: 1 ms
--------------------------------------------------
received prefix: 10.0.0.12
start time: 1741014902809
local preference: 279
end time: 1741014902810
Time: 1 ms
--------------------------------------------------
received prefix: 10.0.0.25
start time: 1741014922444
local preference: 279
end time: 1741014922444
Time: 0 ms
--------------------------------------------------
received prefix: 10.0.0.23
start time: 1741014922741
local preference: 279
end time: 1741014922742
Time: 1 ms
--------------------------------------------------
received prefix: 10.0.0.24
start time: 1741014923041
local preference: 279
end time: 1741014923042
Time: 1 ms
--------------------------------------------------
received prefix: 10.0.0.26
start time: 1741014923230
local preference: 279
end time: 1741014923231
Time: 1 ms
--------------------------------------------------
received prefix: 10.0.0.26
start time: 1741014923248
local preference: 279
end time: 1741014923249
Time: 1 ms
--------------------------------------------------
received prefix: 10.0.0.26
start time: 1741014923298
local preference: 279
end time: 1741014923299
Time: 1 ms
--------------------------------------------------
received prefix: 10.0.0.26
start time: 1741014923317
local preference: 279
end time: 1741014923318
Time: 1 ms
--------------------------------------------------
received prefix: 10.0.0.26
start time: 1741014923421
local preference: 279
end time: 1741014923422
Time: 1 ms
--------------------------------------------------
received prefix: 10.0.0.26
start time: 1741014923461
local preference: 279
end time: 1741014923463
Time: 2 ms
--------------------------------------------------
received prefix: 10.0.0.26
start time: 1741014923468
local preference: 279
end time: 1741014923469
Time: 1 ms
--------------------------------------------------
received prefix: 10.0.0.26
start time: 1741014923474
local preference: 279
end time: 1741014923475
Time: 1 ms
--------------------------------------------------
received prefix: 10.0.0.26
start time: 1741014923724
local preference: 279
end time: 1741014923725
Time: 1 ms
--------------------------------------------------
received prefix: 10.0.0.26
start time: 1741014923773
local preference: 279
end time: 1741014923774
Time: 1 ms
--------------------------------------------------
received prefix: 10.0.0.26
start time: 1741014923804
local preference: 279
end time: 1741014923805
Time: 1 ms
--------------------------------------------------
received prefix: 10.0.0.26
start time: 1741014923844
local preference: 279
end time: 1741014923845
Time: 1 ms
--------------------------------------------------
received prefix: 10.0.0.26
start time: 1741014923920
local preference: 279
end time: 1741014923924
Time: 4 ms
--------------------------------------------------
received prefix: 10.0.0.26
start time: 1741014923958
local preference: 279
end time: 1741014923959
Time: 1 ms
--------------------------------------------------
received prefix: 10.0.0.26
start time: 1741014923964
local preference: 279
end time: 1741014923965
Time: 1 ms
--------------------------------------------------
received prefix: 10.0.0.26
start time: 1741014923996
local preference: 279
end time: 1741014923997
Time: 1 ms
--------------------------------------------------
received prefix: 10.0.0.1
start time: 1741014924104
local preference: 279
end time: 1741014924105
Time: 1 ms
--------------------------------------------------
received prefix: 10.0.0.1
start time: 1741014924127
local preference: 279
end time: 1741014924128
Time: 1 ms
--------------------------------------------------
received prefix: 10.0.0.1
start time: 1741014924174
local preference: 279
end time: 1741014924175
Time: 1 ms
--------------------------------------------------
received prefix: 10.0.0.1
start time: 1741014924184
local preference: 279
end time: 1741014924185
Time: 1 ms
--------------------------------------------------
received prefix: 10.0.0.2
start time: 1741014924344
local preference: 279
end time: 1741014924344
Time: 0 ms
--------------------------------------------------
received prefix: 10.0.0.2
start time: 1741014924380
local preference: 279
end time: 1741014924381
Time: 1 ms
--------------------------------------------------
received prefix: 10.0.0.2
start time: 1741014924409
local preference: 279
end time: 1741014924410
Time: 1 ms
--------------------------------------------------
received prefix: 10.0.0.2
start time: 1741014924437
local preference: 279
end time: 1741014924438
Time: 1 ms
--------------------------------------------------
received prefix: 10.0.0.3
start time: 1741014924615
local preference: 279
end time: 1741014924616
Time: 1 ms
--------------------------------------------------
received prefix: 10.0.0.3
start time: 1741014924665
local preference: 279
end time: 1741014924666
Time: 1 ms
--------------------------------------------------
received prefix: 10.0.0.3
start time: 1741014924698
local preference: 279
end time: 1741014924699
Time: 1 ms
--------------------------------------------------
received prefix: 10.0.0.3
start time: 1741014924744
local preference: 279
end time: 1741014924745
Time: 1 ms
--------------------------------------------------
received prefix: 10.0.0.32
start time: 1741014924938
local preference: 279
end time: 1741014924938
Time: 0 ms
--------------------------------------------------
received prefix: 10.0.0.32
start time: 1741014924984
local preference: 279
end time: 1741014924985
Time: 1 ms
--------------------------------------------------
received prefix: 10.0.0.32
start time: 1741014925014
local preference: 279
end time: 1741014925016
Time: 2 ms
--------------------------------------------------
received prefix: 10.0.0.32
start time: 1741014925049
local preference: 279
end time: 1741014925050
Time: 1 ms
--------------------------------------------------
received prefix: 10.0.0.27
start time: 1741014925214
local preference: 279
end time: 1741014925215
Time: 1 ms
--------------------------------------------------
received prefix: 10.0.0.27
start time: 1741014925240
local preference: 279
end time: 1741014925241
Time: 1 ms
--------------------------------------------------
received prefix: 10.0.0.27
start time: 1741014925278
local preference: 279
end time: 1741014925278
Time: 0 ms
--------------------------------------------------
received prefix: 10.0.0.27
start time: 1741014925293
local preference: 279
end time: 1741014925294
Time: 1 ms
--------------------------------------------------
received prefix: 10.0.0.28
start time: 1741014925442
local preference: 279
end time: 1741014925443
Time: 1 ms
--------------------------------------------------
received prefix: 10.0.0.28
start time: 1741014925497
local preference: 279
end time: 1741014925497
Time: 0 ms
--------------------------------------------------
received prefix: 10.0.0.28
start time: 1741014925520
local preference: 279
end time: 1741014925521
Time: 1 ms
--------------------------------------------------
received prefix: 10.0.0.28
start time: 1741014925528
local preference: 279
end time: 1741014925529
Time: 1 ms
--------------------------------------------------
received prefix: 10.0.0.29
start time: 1741014925651
local preference: 279
end time: 1741014925652
Time: 1 ms
--------------------------------------------------
received prefix: 10.0.0.29
start time: 1741014925713
local preference: 279
end time: 1741014925714
Time: 1 ms
--------------------------------------------------
received prefix: 10.0.0.29
start time: 1741014925726
local preference: 279
end time: 1741014925727
Time: 1 ms
--------------------------------------------------
received prefix: 10.0.0.29
start time: 1741014925768
local preference: 279
end time: 1741014925769
Time: 1 ms
--------------------------------------------------
received prefix: 10.0.0.30
start time: 1741014925920
local preference: 279
end time: 1741014925921
Time: 1 ms
--------------------------------------------------
received prefix: 10.0.0.30
start time: 1741014925972
local preference: 279
end time: 1741014925973
Time: 1 ms
--------------------------------------------------
received prefix: 10.0.0.30
start time: 1741014925982
local preference: 279
end time: 1741014925983
Time: 1 ms
--------------------------------------------------
received prefix: 10.0.0.30
start time: 1741014925987
local preference: 279
end time: 1741014925988
Time: 1 ms
--------------------------------------------------
received prefix: 10.0.0.31
start time: 1741014926155
local preference: 279
end time: 1741014926156
Time: 1 ms
--------------------------------------------------
received prefix: 10.0.0.31
start time: 1741014926215
local preference: 279
end time: 1741014926216
Time: 1 ms
--------------------------------------------------
received prefix: 10.0.0.31
start time: 1741014926238
local preference: 279
end time: 1741014926238
Time: 0 ms
--------------------------------------------------
received prefix: 10.0.0.31
start time: 1741014926279
local preference: 279
end time: 1741014926279
Time: 0 ms
--------------------------------------------------
received prefix: 10.0.0.6
start time: 1741014926668
local preference: 279
end time: 1741014926670
Time: 2 ms
--------------------------------------------------
received prefix: 10.0.0.4
start time: 1741014927003
local preference: 279
end time: 1741014927004
Time: 1 ms
--------------------------------------------------
received prefix: 10.0.0.5
start time: 1741014927263
local preference: 279
end time: 1741014927264
Time: 1 ms
--------------------------------------------------
received prefix: 10.0.0.26
start time: 1741014947816
local preference: 279
end time: 1741014947817
Time: 1 ms
--------------------------------------------------
received prefix: 10.0.0.32
start time: 1741014947980
local preference: 279
end time: 1741014947981
Time: 1 ms
--------------------------------------------------
received prefix: 10.0.0.32
start time: 1741014948027
local preference: 279
end time: 1741014948028
Time: 1 ms
--------------------------------------------------
received prefix: 10.0.0.32
start time: 1741014948033
local preference: 279
end time: 1741014948034
Time: 1 ms
--------------------------------------------------
received prefix: 10.0.0.32
start time: 1741014948066
local preference: 279
end time: 1741014948067
Time: 1 ms
--------------------------------------------------
received prefix: 10.0.0.27
start time: 1741014948110
local preference: 279
end time: 1741014948111
Time: 1 ms
--------------------------------------------------
received prefix: 10.0.0.27
start time: 1741014948135
local preference: 279
end time: 1741014948137
Time: 2 ms
--------------------------------------------------
received prefix: 10.0.0.27
start time: 1741014948167
local preference: 279
end time: 1741014948168
Time: 1 ms
--------------------------------------------------
received prefix: 10.0.0.27
start time: 1741014948181
local preference: 279
end time: 1741014948182
Time: 1 ms
--------------------------------------------------
received prefix: 10.0.0.28
start time: 1741014948233
local preference: 279
end time: 1741014948233
Time: 0 ms
--------------------------------------------------
received prefix: 10.0.0.28
start time: 1741014948249
local preference: 279
end time: 1741014948249
Time: 0 ms
--------------------------------------------------
received prefix: 10.0.0.28
start time: 1741014948272
local preference: 279
end time: 1741014948274
Time: 2 ms
--------------------------------------------------
received prefix: 10.0.0.28
start time: 1741014948279
local preference: 279
end time: 1741014948280
Time: 1 ms
--------------------------------------------------
received prefix: 10.0.0.29
start time: 1741014948312
local preference: 279
end time: 1741014948313
Time: 1 ms
--------------------------------------------------
received prefix: 10.0.0.29
start time: 1741014948349
local preference: 279
end time: 1741014948349
Time: 0 ms
--------------------------------------------------
received prefix: 10.0.0.29
start time: 1741014948358
local preference: 279
end time: 1741014948359
Time: 1 ms
--------------------------------------------------
received prefix: 10.0.0.29
start time: 1741014948402
local preference: 279
end time: 1741014948404
Time: 2 ms
--------------------------------------------------
received prefix: 10.0.0.30
start time: 1741014948420
local preference: 279
end time: 1741014948422
Time: 2 ms
--------------------------------------------------
received prefix: 10.0.0.30
start time: 1741014948476
local preference: 279
end time: 1741014948477
Time: 1 ms
--------------------------------------------------
received prefix: 10.0.0.30
start time: 1741014948493
local preference: 279
end time: 1741014948494
Time: 1 ms
--------------------------------------------------
received prefix: 10.0.0.30
start time: 1741014948523
local preference: 279
end time: 1741014948525
Time: 2 ms
--------------------------------------------------
received prefix: 10.0.0.31
start time: 1741014948542
local preference: 279
end time: 1741014948542
Time: 0 ms
--------------------------------------------------
received prefix: 10.0.0.31
start time: 1741014948571
local preference: 279
end time: 1741014948572
Time: 1 ms
--------------------------------------------------
received prefix: 10.0.0.31
start time: 1741014948602
local preference: 279
end time: 1741014948604
Time: 2 ms
--------------------------------------------------
received prefix: 10.0.0.31
start time: 1741014948629
local preference: 279
end time: 1741014948630
Time: 1 ms
--------------------------------------------------
received prefix: 10.0.0.32
start time: 1741014948949
local preference: 279
end time: 1741014948950
Time: 1 ms
--------------------------------------------------
received prefix: 10.0.0.32
start time: 1741014948972
local preference: 279
end time: 1741014948973
Time: 1 ms
--------------------------------------------------
received prefix: 10.0.0.32
start time: 1741014949007
local preference: 279
end time: 1741014949008
Time: 1 ms
--------------------------------------------------
received prefix: 10.0.0.32
start time: 1741014949037
local preference: 279
end time: 1741014949039
Time: 2 ms
--------------------------------------------------
received prefix: 10.0.0.27
start time: 1741014949162
local preference: 279
end time: 1741014949163
Time: 1 ms
--------------------------------------------------
received prefix: 10.0.0.27
start time: 1741014949208
local preference: 279
end time: 1741014949209
Time: 1 ms
--------------------------------------------------
received prefix: 10.0.0.27
start time: 1741014949239
local preference: 279
end time: 1741014949240
Time: 1 ms
--------------------------------------------------
received prefix: 10.0.0.27
start time: 1741014949280
local preference: 279
end time: 1741014949281
Time: 1 ms
--------------------------------------------------
received prefix: 10.0.0.28
start time: 1741014949444
local preference: 279
end time: 1741014949444
Time: 0 ms
--------------------------------------------------
received prefix: 10.0.0.28
start time: 1741014949495
local preference: 279
end time: 1741014949497
Time: 2 ms
--------------------------------------------------
received prefix: 10.0.0.28
start time: 1741014949532
local preference: 279
end time: 1741014949533
Time: 1 ms
--------------------------------------------------
received prefix: 10.0.0.28
start time: 1741014949550
local preference: 279
end time: 1741014949550
Time: 0 ms
--------------------------------------------------
received prefix: 10.0.0.29
start time: 1741014949699
local preference: 279
end time: 1741014949699
Time: 0 ms
--------------------------------------------------
received prefix: 10.0.0.29
start time: 1741014949743
local preference: 279
end time: 1741014949743
Time: 0 ms
--------------------------------------------------
received prefix: 10.0.0.29
start time: 1741014949753
local preference: 279
end time: 1741014949754
Time: 1 ms
--------------------------------------------------
received prefix: 10.0.0.29
start time: 1741014949798
local preference: 279
end time: 1741014949799
Time: 1 ms
--------------------------------------------------
received prefix: 10.0.0.30
start time: 1741014949939
local preference: 279
end time: 1741014949940
Time: 1 ms
--------------------------------------------------
received prefix: 10.0.0.30
start time: 1741014949979
local preference: 279
end time: 1741014949980
Time: 1 ms
--------------------------------------------------
received prefix: 10.0.0.30
start time: 1741014950006
local preference: 279
end time: 1741014950007
Time: 1 ms
--------------------------------------------------
received prefix: 10.0.0.30
start time: 1741014950053
local preference: 279
end time: 1741014950054
Time: 1 ms
--------------------------------------------------
received prefix: 10.0.0.31
start time: 1741014950181
local preference: 279
end time: 1741014950183
Time: 2 ms
--------------------------------------------------
received prefix: 10.0.0.31
start time: 1741014950229
local preference: 279
end time: 1741014950230
Time: 1 ms
--------------------------------------------------
received prefix: 10.0.0.31
start time: 1741014950256
local preference: 279
end time: 1741014950258
Time: 2 ms
--------------------------------------------------
received prefix: 10.0.0.31
start time: 1741014950286
local preference: 279
end time: 1741014950287
Time: 1 ms
--------------------------------------------------
received prefix: 10.0.0.32
start time: 1741014950496
local preference: 279
end time: 1741014950497
Time: 1 ms
--------------------------------------------------
received prefix: 10.0.0.32
start time: 1741014950523
local preference: 279
end time: 1741014950524
Time: 1 ms
--------------------------------------------------
received prefix: 10.0.0.32
start time: 1741014950533
local preference: 279
end time: 1741014950534
Time: 1 ms
--------------------------------------------------
received prefix: 10.0.0.32
start time: 1741014950570
local preference: 279
end time: 1741014950572
Time: 2 ms
--------------------------------------------------
received prefix: 10.0.0.27
start time: 1741014950604
local preference: 279
end time: 1741014950604
Time: 0 ms
--------------------------------------------------
received prefix: 10.0.0.27
start time: 1741014950633
local preference: 279
end time: 1741014950634
Time: 1 ms
--------------------------------------------------
received prefix: 10.0.0.27
start time: 1741014950660
local preference: 279
end time: 1741014950661
Time: 1 ms
--------------------------------------------------
received prefix: 10.0.0.27
start time: 1741014950683
local preference: 279
end time: 1741014950687
Time: 4 ms
--------------------------------------------------
received prefix: 10.0.0.28
start time: 1741014950724
local preference: 279
end time: 1741014950725
Time: 1 ms
--------------------------------------------------
received prefix: 10.0.0.28
start time: 1741014950778
local preference: 279
end time: 1741014950779
Time: 1 ms
--------------------------------------------------
received prefix: 10.0.0.28
start time: 1741014950784
local preference: 279
end time: 1741014950784
Time: 0 ms
--------------------------------------------------
received prefix: 10.0.0.28
start time: 1741014950821
local preference: 279
end time: 1741014950822
Time: 1 ms
--------------------------------------------------
received prefix: 10.0.0.29
start time: 1741014950868
local preference: 279
end time: 1741014950869
Time: 1 ms
--------------------------------------------------
received prefix: 10.0.0.29
start time: 1741014950905
local preference: 279
end time: 1741014950906
Time: 1 ms
--------------------------------------------------
received prefix: 10.0.0.29
start time: 1741014950932
local preference: 279
end time: 1741014950933
Time: 1 ms
--------------------------------------------------
received prefix: 10.0.0.29
start time: 1741014950942
local preference: 279
end time: 1741014950942
Time: 0 ms
--------------------------------------------------
received prefix: 10.0.0.30
start time: 1741014950999
local preference: 279
end time: 1741014951000
Time: 1 ms
--------------------------------------------------
received prefix: 10.0.0.30
start time: 1741014951017
local preference: 279
end time: 1741014951020
Time: 3 ms
--------------------------------------------------
received prefix: 10.0.0.30
start time: 1741014951033
local preference: 279
end time: 1741014951034
Time: 1 ms
--------------------------------------------------
received prefix: 10.0.0.30
start time: 1741014951048
local preference: 279
end time: 1741014951049
Time: 1 ms
--------------------------------------------------
received prefix: 10.0.0.31
start time: 1741014951084
local preference: 279
end time: 1741014951086
Time: 2 ms
--------------------------------------------------
received prefix: 10.0.0.31
start time: 1741014951120
local preference: 279
end time: 1741014951120
Time: 0 ms
--------------------------------------------------
received prefix: 10.0.0.31
start time: 1741014951154
local preference: 279
end time: 1741014951156
Time: 2 ms
--------------------------------------------------
received prefix: 10.0.0.31
start time: 1741014951163
local preference: 279
end time: 1741014951164
Time: 1 ms
--------------------------------------------------
received prefix: 10.0.0.32
start time: 1741014951257
local preference: 279
end time: 1741014951258
Time: 1 ms
--------------------------------------------------
received prefix: 10.0.0.32
start time: 1741014951308
local preference: 279
end time: 1741014951309
Time: 1 ms
--------------------------------------------------
received prefix: 10.0.0.32
start time: 1741014951314
local preference: 279
end time: 1741014951315
Time: 1 ms
--------------------------------------------------
received prefix: 10.0.0.32
start time: 1741014951359
local preference: 279
end time: 1741014951360
Time: 1 ms
--------------------------------------------------
received prefix: 10.0.0.27
start time: 1741014951398
local preference: 279
end time: 1741014951399
Time: 1 ms
--------------------------------------------------
received prefix: 10.0.0.27
start time: 1741014951408
local preference: 279
end time: 1741014951410
Time: 2 ms
--------------------------------------------------
received prefix: 10.0.0.27
start time: 1741014951437
local preference: 279
end time: 1741014951438
Time: 1 ms
--------------------------------------------------
received prefix: 10.0.0.27
start time: 1741014951460
local preference: 279
end time: 1741014951462
Time: 2 ms
--------------------------------------------------
received prefix: 10.0.0.28
start time: 1741014951521
local preference: 279
end time: 1741014951522
Time: 1 ms
--------------------------------------------------
received prefix: 10.0.0.28
start time: 1741014951527
local preference: 279
end time: 1741014951527
Time: 0 ms
--------------------------------------------------
received prefix: 10.0.0.28
start time: 1741014951546
local preference: 279
end time: 1741014951547
Time: 1 ms
--------------------------------------------------
received prefix: 10.0.0.28
start time: 1741014951578
local preference: 279
end time: 1741014951579
Time: 1 ms
--------------------------------------------------
received prefix: 10.0.0.29
start time: 1741014951639
local preference: 279
end time: 1741014951640
Time: 1 ms
--------------------------------------------------
received prefix: 10.0.0.29
start time: 1741014951693
local preference: 279
end time: 1741014951695
Time: 2 ms
--------------------------------------------------
received prefix: 10.0.0.29
start time: 1741014951700
local preference: 279
end time: 1741014951701
Time: 1 ms
--------------------------------------------------
received prefix: 10.0.0.29
start time: 1741014951718
local preference: 279
end time: 1741014951719
Time: 1 ms
--------------------------------------------------
received prefix: 10.0.0.30
start time: 1741014951781
local preference: 279
end time: 1741014951788
Time: 7 ms
--------------------------------------------------
received prefix: 10.0.0.30
start time: 1741014951814
local preference: 279
end time: 1741014951821
Time: 7 ms
--------------------------------------------------
received prefix: 10.0.0.30
start time: 1741014951851
local preference: 279
end time: 1741014951853
Time: 2 ms
--------------------------------------------------
received prefix: 10.0.0.30
start time: 1741014951885
local preference: 279
end time: 1741014951887
Time: 2 ms
--------------------------------------------------
received prefix: 10.0.0.31
start time: 1741014951923
local preference: 279
end time: 1741014951924
Time: 1 ms
--------------------------------------------------
received prefix: 10.0.0.31
start time: 1741014951965
local preference: 279
end time: 1741014951966
Time: 1 ms
--------------------------------------------------
received prefix: 10.0.0.31
start time: 1741014951991
local preference: 279
end time: 1741014951992
Time: 1 ms
--------------------------------------------------
received prefix: 10.0.0.31
start time: 1741014951997
local preference: 279
end time: 1741014951998
Time: 1 ms
--------------------------------------------------
received prefix: 10.0.0.6
start time: 1741014952039
local preference: 279
end time: 1741014952041
Time: 2 ms
--------------------------------------------------
received prefix: 10.0.0.6
start time: 1741014952060
local preference: 279
end time: 1741014952062
Time: 2 ms
--------------------------------------------------
received prefix: 10.0.0.6
start time: 1741014952093
local preference: 279
end time: 1741014952095
Time: 2 ms
--------------------------------------------------
received prefix: 10.0.0.6
start time: 1741014952134
local preference: 279
end time: 1741014952136
Time: 2 ms
--------------------------------------------------
received prefix: 10.0.0.4
start time: 1741014952300
local preference: 279
end time: 1741014952301
Time: 1 ms
--------------------------------------------------
received prefix: 10.0.0.4
start time: 1741014952339
local preference: 279
end time: 1741014952340
Time: 1 ms
--------------------------------------------------
received prefix: 10.0.0.4
start time: 1741014952356
local preference: 279
end time: 1741014952356
Time: 0 ms
--------------------------------------------------
received prefix: 10.0.0.4
start time: 1741014952399
local preference: 279
end time: 1741014952400
Time: 1 ms
--------------------------------------------------
received prefix: 10.0.0.5
start time: 1741014952526
local preference: 279
end time: 1741014952527
Time: 1 ms
--------------------------------------------------
received prefix: 10.0.0.5
start time: 1741014952553
local preference: 279
end time: 1741014952554
Time: 1 ms
--------------------------------------------------
received prefix: 10.0.0.5
start time: 1741014952568
local preference: 279
end time: 1741014952569
Time: 1 ms
--------------------------------------------------
received prefix: 10.0.0.5
start time: 1741014952594
local preference: 279
end time: 1741014952595
Time: 1 ms
--------------------------------------------------
received prefix: 10.0.0.7
start time: 1741014952881
local preference: 279
end time: 1741014952882
Time: 1 ms
--------------------------------------------------
received prefix: 10.0.0.8
start time: 1741014953009
local preference: 279
end time: 1741014953010
Time: 1 ms
--------------------------------------------------
received prefix: 10.0.0.32
start time: 1741014962649
local preference: 279
end time: 1741014962651
Time: 2 ms
--------------------------------------------------
received prefix: 10.0.0.27
start time: 1741014962928
local preference: 279
end time: 1741014962929
Time: 1 ms
--------------------------------------------------
received prefix: 10.0.0.28
start time: 1741014963209
local preference: 279
end time: 1741014963210
Time: 1 ms
--------------------------------------------------
received prefix: 10.0.0.29
start time: 1741014963509
local preference: 279
end time: 1741014963510
Time: 1 ms
--------------------------------------------------
received prefix: 10.0.0.30
start time: 1741014963806
local preference: 279
end time: 1741014963807
Time: 1 ms
--------------------------------------------------
received prefix: 10.0.0.31
start time: 1741014964109
local preference: 279
end time: 1741014964109
Time: 0 ms
--------------------------------------------------
received prefix: 10.0.0.11
start time: 1741014964886
local preference: 279
end time: 1741014964887
Time: 1 ms
--------------------------------------------------
received prefix: 10.0.0.9
start time: 1741014965001
local preference: 279
end time: 1741014965002
Time: 1 ms
--------------------------------------------------
received prefix: 10.0.0.10
start time: 1741014965114
local preference: 279
end time: 1741014965118
Time: 4 ms
--------------------------------------------------
received prefix: 10.0.0.12
start time: 1741014965257
local preference: 280
end time: 1741014965258
Time: 1 ms
--------------------------------------------------
received prefix: 10.0.0.12
start time: 1741014972448
local preference: 279
end time: 1741014972452
Time: 4 ms
--------------------------------------------------
received prefix: 10.0.0.12
start time: 1741014972472
local preference: 279
end time: 1741014972473
Time: 1 ms
--------------------------------------------------
received prefix: 10.0.0.12
start time: 1741014972478
local preference: 279
end time: 1741014972479
Time: 1 ms
--------------------------------------------------
received prefix: 10.0.0.12
start time: 1741014972515
local preference: 279
end time: 1741014972515
Time: 0 ms
--------------------------------------------------
received prefix: 10.0.0.20
start time: 1741015317167
local preference: 216
end time: 1741015317168
Time: 1 ms
--------------------------------------------------
received prefix: 10.0.0.13
start time: 1741015317225
local preference: 229
end time: 1741015317226
Time: 1 ms
--------------------------------------------------
received prefix: 10.0.0.14
start time: 1741015317249
local preference: 221
end time: 1741015317250
Time: 1 ms
--------------------------------------------------
received prefix: 10.0.0.11
start time: 1741015317351
local preference: 219
end time: 1741015317352
Time: 1 ms
--------------------------------------------------
received prefix: 10.0.0.7
start time: 1741015317464
local preference: 236
end time: 1741015317465
Time: 1 ms
--------------------------------------------------
received prefix: 10.0.0.8
start time: 1741015317589
local preference: 220
end time: 1741015317590
Time: 1 ms
--------------------------------------------------
received prefix: 10.0.0.6
start time: 1741015317673
local preference: 236
end time: 1741015317674
Time: 1 ms
--------------------------------------------------
received prefix: 10.0.0.1
start time: 1741015317788
local preference: 224
end time: 1741015317789
Time: 1 ms
--------------------------------------------------
received prefix: 10.0.0.2
start time: 1741015317913
local preference: 228
end time: 1741015317913
Time: 0 ms
--------------------------------------------------
received prefix: 10.0.0.3
start time: 1741015317993
local preference: 210
end time: 1741015317995
Time: 2 ms
--------------------------------------------------
received prefix: 10.0.0.4
start time: 1741015318086
local preference: 184
end time: 1741015318087
Time: 1 ms
--------------------------------------------------
received prefix: 10.0.0.5
start time: 1741015318182
local preference: 219
end time: 1741015318184
Time: 2 ms
--------------------------------------------------
received prefix: 10.0.0.9
start time: 1741015318240
local preference: 236
end time: 1741015318241
Time: 1 ms
--------------------------------------------------
received prefix: 10.0.0.10
start time: 1741015318334
local preference: 234
end time: 1741015318334
Time: 0 ms
--------------------------------------------------
received prefix: 10.0.0.15
start time: 1741015318450
local preference: 219
end time: 1741015318450
Time: 0 ms
--------------------------------------------------
received prefix: 10.0.0.16
start time: 1741015318554
local preference: 42
end time: 1741015318557
Time: 3 ms
--------------------------------------------------
received prefix: 10.0.0.17
start time: 1741015318643
local preference: 223
end time: 1741015318644
Time: 1 ms
--------------------------------------------------
received prefix: 10.0.0.18
start time: 1741015318757
local preference: 232
end time: 1741015318757
Time: 0 ms
--------------------------------------------------
received prefix: 10.0.0.19
start time: 1741015318838
local preference: 235
end time: 1741015318839
Time: 1 ms
--------------------------------------------------
received prefix: 10.0.0.21
start time: 1741015318893
local preference: 227
end time: 1741015318894
Time: 1 ms
--------------------------------------------------
received prefix: 10.0.0.21
start time: 1741015318914
local preference: 227
end time: 1741015318915
Time: 1 ms
--------------------------------------------------
received prefix: 10.0.0.21
start time: 1741015318943
local preference: 226
end time: 1741015318944
Time: 1 ms
--------------------------------------------------
received prefix: 10.0.0.21
start time: 1741015318996
local preference: 226
end time: 1741015318996
Time: 0 ms
--------------------------------------------------
received prefix: 10.0.0.21
start time: 1741015319004
local preference: 226
end time: 1741015319004
Time: 0 ms
--------------------------------------------------
received prefix: 10.0.0.21
start time: 1741015319031
local preference: 226
end time: 1741015319033
Time: 2 ms
--------------------------------------------------
received prefix: 10.0.0.21
start time: 1741015319049
local preference: 227
end time: 1741015319049
Time: 0 ms
--------------------------------------------------
received prefix: 10.0.0.21
start time: 1741015319071
local preference: 227
end time: 1741015319072
Time: 1 ms
--------------------------------------------------
received prefix: 10.0.0.22
start time: 1741015319127
local preference: 219
end time: 1741015319127
Time: 0 ms
--------------------------------------------------
received prefix: 10.0.0.22
start time: 1741015319170
local preference: 219
end time: 1741015319171
Time: 1 ms
--------------------------------------------------
received prefix: 10.0.0.22
start time: 1741015319200
local preference: 218
end time: 1741015319201
Time: 1 ms
--------------------------------------------------
received prefix: 10.0.0.22
start time: 1741015319252
local preference: 218
end time: 1741015319253
Time: 1 ms
--------------------------------------------------
received prefix: 10.0.0.22
start time: 1741015319264
local preference: 218
end time: 1741015319265
Time: 1 ms
--------------------------------------------------
received prefix: 10.0.0.22
start time: 1741015319316
local preference: 218
end time: 1741015319318
Time: 2 ms
--------------------------------------------------
received prefix: 10.0.0.22
start time: 1741015319324
local preference: 219
end time: 1741015319325
Time: 1 ms
--------------------------------------------------
received prefix: 10.0.0.22
start time: 1741015319367
local preference: 219
end time: 1741015319368
Time: 1 ms
--------------------------------------------------
received prefix: 10.0.0.20
start time: 1741015319511
local preference: 216
end time: 1741015319513
Time: 2 ms
--------------------------------------------------
received prefix: 10.0.0.20
start time: 1741015319571
local preference: 215
end time: 1741015319573
Time: 2 ms
--------------------------------------------------
received prefix: 10.0.0.20
start time: 1741015319581
local preference: 215
end time: 1741015319581
Time: 0 ms
--------------------------------------------------
received prefix: 10.0.0.20
start time: 1741015319585
local preference: 214
end time: 1741015319586
Time: 1 ms
--------------------------------------------------
received prefix: 10.0.0.20
start time: 1741015319619
local preference: 215
end time: 1741015319620
Time: 1 ms
--------------------------------------------------
received prefix: 10.0.0.20
start time: 1741015319637
local preference: 214
end time: 1741015319638
Time: 1 ms
--------------------------------------------------
received prefix: 10.0.0.20
start time: 1741015319690
local preference: 216
end time: 1741015319692
Time: 2 ms
--------------------------------------------------
received prefix: 10.0.0.20
start time: 1741015319698
local preference: 215
end time: 1741015319699
Time: 1 ms
--------------------------------------------------
received prefix: 10.0.0.13
start time: 1741015319824
local preference: 229
end time: 1741015319825
Time: 1 ms
--------------------------------------------------
received prefix: 10.0.0.13
start time: 1741015319882
local preference: 229
end time: 1741015319883
Time: 1 ms
--------------------------------------------------
received prefix: 10.0.0.13
start time: 1741015319912
local preference: 228
end time: 1741015319913
Time: 1 ms
--------------------------------------------------
received prefix: 10.0.0.13
start time: 1741015319917
local preference: 228
end time: 1741015319918
Time: 1 ms
--------------------------------------------------
received prefix: 10.0.0.13
start time: 1741015319968
local preference: 228
end time: 1741015319969
Time: 1 ms
--------------------------------------------------
received prefix: 10.0.0.13
start time: 1741015319974
local preference: 228
end time: 1741015319975
Time: 1 ms
--------------------------------------------------
received prefix: 10.0.0.13
start time: 1741015319996
local preference: 229
end time: 1741015319997
Time: 1 ms
--------------------------------------------------
received prefix: 10.0.0.13
start time: 1741015320045
local preference: 229
end time: 1741015320046
Time: 1 ms
--------------------------------------------------
received prefix: 10.0.0.14
start time: 1741015320225
local preference: 221
end time: 1741015320226
Time: 1 ms
--------------------------------------------------
received prefix: 10.0.0.14
start time: 1741015320256
local preference: 220
end time: 1741015320256
Time: 0 ms
--------------------------------------------------
received prefix: 10.0.0.14
start time: 1741015320277
local preference: 220
end time: 1741015320279
Time: 2 ms
--------------------------------------------------
received prefix: 10.0.0.14
start time: 1741015320290
local preference: 220
end time: 1741015320292
Time: 2 ms
--------------------------------------------------
received prefix: 10.0.0.14
start time: 1741015320367
local preference: 220
end time: 1741015320368
Time: 1 ms
--------------------------------------------------
received prefix: 10.0.0.14
start time: 1741015320376
local preference: 219
end time: 1741015320377
Time: 1 ms
--------------------------------------------------
received prefix: 10.0.0.14
start time: 1741015320386
local preference: 221
end time: 1741015320386
Time: 0 ms
--------------------------------------------------
received prefix: 10.0.0.14
start time: 1741015320433
local preference: 220
end time: 1741015320434
Time: 1 ms
--------------------------------------------------
received prefix: 10.0.0.11
start time: 1741015320604
local preference: 219
end time: 1741015320605
Time: 1 ms
--------------------------------------------------
received prefix: 10.0.0.11
start time: 1741015320617
local preference: 218
end time: 1741015320618
Time: 1 ms
--------------------------------------------------
received prefix: 10.0.0.11
start time: 1741015320647
local preference: 218
end time: 1741015320649
Time: 2 ms
--------------------------------------------------
received prefix: 10.0.0.11
start time: 1741015320696
local preference: 217
end time: 1741015320697
Time: 1 ms
--------------------------------------------------
received prefix: 10.0.0.11
start time: 1741015320719
local preference: 217
end time: 1741015320720
Time: 1 ms
--------------------------------------------------
received prefix: 10.0.0.11
start time: 1741015320756
local preference: 217
end time: 1741015320756
Time: 0 ms
--------------------------------------------------
received prefix: 10.0.0.11
start time: 1741015320781
local preference: 219
end time: 1741015320782
Time: 1 ms
--------------------------------------------------
received prefix: 10.0.0.11
start time: 1741015320807
local preference: 218
end time: 1741015320808
Time: 1 ms
--------------------------------------------------
received prefix: 10.0.0.7
start time: 1741015320958
local preference: 235
end time: 1741015320959
Time: 1 ms
--------------------------------------------------
received prefix: 10.0.0.7
start time: 1741015321027
local preference: 235
end time: 1741015321029
Time: 2 ms
--------------------------------------------------
received prefix: 10.0.0.7
start time: 1741015321082
local preference: 234
end time: 1741015321084
Time: 2 ms
--------------------------------------------------
received prefix: 10.0.0.7
start time: 1741015321137
local preference: 234
end time: 1741015321138
Time: 1 ms
--------------------------------------------------
received prefix: 10.0.0.7
start time: 1741015321172
local preference: 234
end time: 1741015321173
Time: 1 ms
--------------------------------------------------
received prefix: 10.0.0.7
start time: 1741015321218
local preference: 233
end time: 1741015321219
Time: 1 ms
--------------------------------------------------
received prefix: 10.0.0.7
start time: 1741015321261
local preference: 235
end time: 1741015321264
Time: 3 ms
--------------------------------------------------
received prefix: 10.0.0.7
start time: 1741015321295
local preference: 235
end time: 1741015321296
Time: 1 ms
--------------------------------------------------
received prefix: 10.0.0.8
start time: 1741015321440
local preference: 220
end time: 1741015321442
Time: 2 ms
--------------------------------------------------
received prefix: 10.0.0.8
start time: 1741015321495
local preference: 219
end time: 1741015321496
Time: 1 ms
--------------------------------------------------
received prefix: 10.0.0.8
start time: 1741015321521
local preference: 219
end time: 1741015321521
Time: 0 ms
--------------------------------------------------
received prefix: 10.0.0.8
start time: 1741015321579
local preference: 218
end time: 1741015321580
Time: 1 ms
--------------------------------------------------
received prefix: 10.0.0.8
start time: 1741015321599
local preference: 218
end time: 1741015321600
Time: 1 ms
--------------------------------------------------
received prefix: 10.0.0.8
start time: 1741015321626
local preference: 218
end time: 1741015321626
Time: 0 ms
--------------------------------------------------
received prefix: 10.0.0.8
start time: 1741015321687
local preference: 220
end time: 1741015321688
Time: 1 ms
--------------------------------------------------
received prefix: 10.0.0.8
start time: 1741015321720
local preference: 219
end time: 1741015321721
Time: 1 ms
--------------------------------------------------
received prefix: 10.0.0.6
start time: 1741015321915
local preference: 235
end time: 1741015321916
Time: 1 ms
--------------------------------------------------
received prefix: 10.0.0.6
start time: 1741015321968
local preference: 234
end time: 1741015321969
Time: 1 ms
--------------------------------------------------
received prefix: 10.0.0.6
start time: 1741015321982
local preference: 234
end time: 1741015321983
Time: 1 ms
--------------------------------------------------
received prefix: 10.0.0.6
start time: 1741015322038
local preference: 234
end time: 1741015322040
Time: 2 ms
--------------------------------------------------
received prefix: 10.0.0.6
start time: 1741015322063
local preference: 234
end time: 1741015322064
Time: 1 ms
--------------------------------------------------
received prefix: 10.0.0.6
start time: 1741015322104
local preference: 233
end time: 1741015322105
Time: 1 ms
--------------------------------------------------
received prefix: 10.0.0.6
start time: 1741015322116
local preference: 235
end time: 1741015322117
Time: 1 ms
--------------------------------------------------
received prefix: 10.0.0.6
start time: 1741015322164
local preference: 234
end time: 1741015322165
Time: 1 ms
--------------------------------------------------
received prefix: 10.0.0.1
start time: 1741015322335
local preference: 223
end time: 1741015322338
Time: 3 ms
--------------------------------------------------
received prefix: 10.0.0.1
start time: 1741015322361
local preference: 223
end time: 1741015322362
Time: 1 ms
--------------------------------------------------
received prefix: 10.0.0.1
start time: 1741015322393
local preference: 222
end time: 1741015322394
Time: 1 ms
--------------------------------------------------
received prefix: 10.0.0.1
start time: 1741015322415
local preference: 222
end time: 1741015322416
Time: 1 ms
--------------------------------------------------
received prefix: 10.0.0.1
start time: 1741015322436
local preference: 222
end time: 1741015322437
Time: 1 ms
--------------------------------------------------
received prefix: 10.0.0.1
start time: 1741015322468
local preference: 222
end time: 1741015322469
Time: 1 ms
--------------------------------------------------
received prefix: 10.0.0.1
start time: 1741015322507
local preference: 223
end time: 1741015322508
Time: 1 ms
--------------------------------------------------
received prefix: 10.0.0.1
start time: 1741015322544
local preference: 223
end time: 1741015322546
Time: 2 ms
--------------------------------------------------
received prefix: 10.0.0.2
start time: 1741015322733
local preference: 227
end time: 1741015322735
Time: 2 ms
--------------------------------------------------
received prefix: 10.0.0.2
start time: 1741015322769
local preference: 227
end time: 1741015322770
Time: 1 ms
--------------------------------------------------
received prefix: 10.0.0.2
start time: 1741015322826
local preference: 226
end time: 1741015322828
Time: 2 ms
--------------------------------------------------
received prefix: 10.0.0.2
start time: 1741015322834
local preference: 226
end time: 1741015322835
Time: 1 ms
--------------------------------------------------
received prefix: 10.0.0.2
start time: 1741015322847
local preference: 226
end time: 1741015322848
Time: 1 ms
--------------------------------------------------
received prefix: 10.0.0.2
start time: 1741015322914
local preference: 226
end time: 1741015322915
Time: 1 ms
--------------------------------------------------
received prefix: 10.0.0.2
start time: 1741015322962
local preference: 227
end time: 1741015322963
Time: 1 ms
--------------------------------------------------
received prefix: 10.0.0.2
start time: 1741015322973
local preference: 227
end time: 1741015322975
Time: 2 ms
--------------------------------------------------
received prefix: 10.0.0.3
start time: 1741015323152
local preference: 210
end time: 1741015323153
Time: 1 ms
--------------------------------------------------
received prefix: 10.0.0.3
start time: 1741015323183
local preference: 209
end time: 1741015323184
Time: 1 ms
--------------------------------------------------
received prefix: 10.0.0.3
start time: 1741015323233
local preference: 209
end time: 1741015323234
Time: 1 ms
--------------------------------------------------
received prefix: 10.0.0.3
start time: 1741015323265
local preference: 208
end time: 1741015323267
Time: 2 ms
--------------------------------------------------
received prefix: 10.0.0.3
start time: 1741015323314
local preference: 209
end time: 1741015323314
Time: 0 ms
--------------------------------------------------
received prefix: 10.0.0.3
start time: 1741015323339
local preference: 208
end time: 1741015323340
Time: 1 ms
--------------------------------------------------
received prefix: 10.0.0.3
start time: 1741015323386
local preference: 210
end time: 1741015323387
Time: 1 ms
--------------------------------------------------
received prefix: 10.0.0.3
start time: 1741015323418
local preference: 209
end time: 1741015323421
Time: 3 ms
--------------------------------------------------
received prefix: 10.0.0.4
start time: 1741015323546
local preference: 183
end time: 1741015323547
Time: 1 ms
--------------------------------------------------
received prefix: 10.0.0.4
start time: 1741015323593
local preference: 183
end time: 1741015323594
Time: 1 ms
--------------------------------------------------
received prefix: 10.0.0.4
start time: 1741015323601
local preference: 182
end time: 1741015323602
Time: 1 ms
--------------------------------------------------
received prefix: 10.0.0.4
start time: 1741015323639
local preference: 182
end time: 1741015323640
Time: 1 ms
--------------------------------------------------
received prefix: 10.0.0.4
start time: 1741015323683
local preference: 182
end time: 1741015323683
Time: 0 ms
--------------------------------------------------
received prefix: 10.0.0.4
start time: 1741015323691
local preference: 182
end time: 1741015323692
Time: 1 ms
--------------------------------------------------
received prefix: 10.0.0.4
start time: 1741015323734
local preference: 183
end time: 1741015323735
Time: 1 ms
--------------------------------------------------
received prefix: 10.0.0.4
start time: 1741015323746
local preference: 183
end time: 1741015323747
Time: 1 ms
--------------------------------------------------
received prefix: 10.0.0.5
start time: 1741015323905
local preference: 218
end time: 1741015323907
Time: 2 ms
--------------------------------------------------
received prefix: 10.0.0.5
start time: 1741015323962
local preference: 218
end time: 1741015323963
Time: 1 ms
--------------------------------------------------
received prefix: 10.0.0.5
start time: 1741015323999
local preference: 218
end time: 1741015324000
Time: 1 ms
--------------------------------------------------
received prefix: 10.0.0.5
start time: 1741015324015
local preference: 217
end time: 1741015324015
Time: 0 ms
--------------------------------------------------
received prefix: 10.0.0.5
start time: 1741015324064
local preference: 217
end time: 1741015324065
Time: 1 ms
--------------------------------------------------
received prefix: 10.0.0.5
start time: 1741015324071
local preference: 217
end time: 1741015324072
Time: 1 ms
--------------------------------------------------
received prefix: 10.0.0.5
start time: 1741015324141
local preference: 218
end time: 1741015324142
Time: 1 ms
--------------------------------------------------
received prefix: 10.0.0.5
start time: 1741015324147
local preference: 218
end time: 1741015324148
Time: 1 ms
--------------------------------------------------
received prefix: 10.0.0.9
start time: 1741015324332
local preference: 235
end time: 1741015324333
Time: 1 ms
--------------------------------------------------
received prefix: 10.0.0.9
start time: 1741015324382
local preference: 235
end time: 1741015324383
Time: 1 ms
--------------------------------------------------
received prefix: 10.0.0.9
start time: 1741015324397
local preference: 234
end time: 1741015324397
Time: 0 ms
--------------------------------------------------
received prefix: 10.0.0.9
start time: 1741015324459
local preference: 234
end time: 1741015324460
Time: 1 ms
--------------------------------------------------
received prefix: 10.0.0.9
start time: 1741015324501
local preference: 234
end time: 1741015324503
Time: 2 ms
--------------------------------------------------
received prefix: 10.0.0.9
start time: 1741015324546
local preference: 234
end time: 1741015324547
Time: 1 ms
--------------------------------------------------
received prefix: 10.0.0.9
start time: 1741015324580
local preference: 235
end time: 1741015324581
Time: 1 ms
--------------------------------------------------
received prefix: 10.0.0.9
start time: 1741015324631
local preference: 235
end time: 1741015324632
Time: 1 ms
--------------------------------------------------
received prefix: 10.0.0.10
start time: 1741015324784
local preference: 233
end time: 1741015324785
Time: 1 ms
--------------------------------------------------
received prefix: 10.0.0.10
start time: 1741015324840
local preference: 233
end time: 1741015324842
Time: 2 ms
--------------------------------------------------
received prefix: 10.0.0.10
start time: 1741015324878
local preference: 232
end time: 1741015324878
Time: 0 ms
--------------------------------------------------
received prefix: 10.0.0.10
start time: 1741015324930
local preference: 232
end time: 1741015324931
Time: 1 ms
--------------------------------------------------
received prefix: 10.0.0.10
start time: 1741015324958
local preference: 232
end time: 1741015324960
Time: 2 ms
--------------------------------------------------
received prefix: 10.0.0.10
start time: 1741015325014
local preference: 231
end time: 1741015325015
Time: 1 ms
--------------------------------------------------
received prefix: 10.0.0.10
start time: 1741015325032
local preference: 233
end time: 1741015325033
Time: 1 ms
--------------------------------------------------
received prefix: 10.0.0.10
start time: 1741015325071
local preference: 232
end time: 1741015325072
Time: 1 ms
--------------------------------------------------
received prefix: 10.0.0.15
start time: 1741015325215
local preference: 219
end time: 1741015325216
Time: 1 ms
--------------------------------------------------
received prefix: 10.0.0.15
start time: 1741015325264
local preference: 219
end time: 1741015325266
Time: 2 ms
--------------------------------------------------
received prefix: 10.0.0.15
start time: 1741015325286
local preference: 218
end time: 1741015325287
Time: 1 ms
--------------------------------------------------
received prefix: 10.0.0.15
start time: 1741015325295
local preference: 218
end time: 1741015325296
Time: 1 ms
--------------------------------------------------
received prefix: 10.0.0.15
start time: 1741015325354
local preference: 218
end time: 1741015325354
Time: 0 ms
--------------------------------------------------
received prefix: 10.0.0.15
start time: 1741015325373
local preference: 218
end time: 1741015325374
Time: 1 ms
--------------------------------------------------
received prefix: 10.0.0.15
start time: 1741015325431
local preference: 219
end time: 1741015325431
Time: 0 ms
--------------------------------------------------
received prefix: 10.0.0.15
start time: 1741015325466
local preference: 219
end time: 1741015325467
Time: 1 ms
--------------------------------------------------
received prefix: 10.0.0.16
start time: 1741015325662
local preference: 35
end time: 1741015325664
Time: 2 ms
--------------------------------------------------
received prefix: 10.0.0.16
start time: 1741015325734
local preference: 35
end time: 1741015325735
Time: 1 ms
--------------------------------------------------
received prefix: 10.0.0.16
start time: 1741015325801
local preference: 34
end time: 1741015325802
Time: 1 ms
--------------------------------------------------
received prefix: 10.0.0.16
start time: 1741015325848
local preference: 39
end time: 1741015325849
Time: 1 ms
--------------------------------------------------
received prefix: 10.0.0.16
start time: 1741015325879
local preference: 35
end time: 1741015325880
Time: 1 ms
--------------------------------------------------
received prefix: 10.0.0.16
start time: 1741015325935
local preference: 40
end time: 1741015325936
Time: 1 ms
--------------------------------------------------
received prefix: 10.0.0.16
start time: 1741015325947
local preference: 35
end time: 1741015325947
Time: 0 ms
--------------------------------------------------
received prefix: 10.0.0.16
start time: 1741015325953
local preference: 35
end time: 1741015325954
Time: 1 ms
--------------------------------------------------
received prefix: 10.0.0.17
start time: 1741015326099
local preference: 224
end time: 1741015326101
Time: 2 ms
--------------------------------------------------
received prefix: 10.0.0.17
start time: 1741015326169
local preference: 224
end time: 1741015326170
Time: 1 ms
--------------------------------------------------
received prefix: 10.0.0.17
start time: 1741015326193
local preference: 223
end time: 1741015326194
Time: 1 ms
--------------------------------------------------
received prefix: 10.0.0.17
start time: 1741015326239
local preference: 223
end time: 1741015326240
Time: 1 ms
--------------------------------------------------
received prefix: 10.0.0.17
start time: 1741015326290
local preference: 223
end time: 1741015326292
Time: 2 ms
--------------------------------------------------
received prefix: 10.0.0.17
start time: 1741015326316
local preference: 222
end time: 1741015326316
Time: 0 ms
--------------------------------------------------
received prefix: 10.0.0.17
start time: 1741015326340
local preference: 224
end time: 1741015326343
Time: 3 ms
--------------------------------------------------
received prefix: 10.0.0.17
start time: 1741015326370
local preference: 224
end time: 1741015326371
Time: 1 ms
--------------------------------------------------
received prefix: 10.0.0.18
start time: 1741015326501
local preference: 229
end time: 1741015326502
Time: 1 ms
--------------------------------------------------
received prefix: 10.0.0.18
start time: 1741015326540
local preference: 233
end time: 1741015326541
Time: 1 ms
--------------------------------------------------
received prefix: 10.0.0.18
start time: 1741015326593
local preference: 235
end time: 1741015326594
Time: 1 ms
--------------------------------------------------
received prefix: 10.0.0.18
start time: 1741015326622
local preference: 237
end time: 1741015326623
Time: 1 ms
--------------------------------------------------
received prefix: 10.0.0.18
start time: 1741015326655
local preference: 235
end time: 1741015326658
Time: 3 ms
--------------------------------------------------
received prefix: 10.0.0.18
start time: 1741015326684
local preference: 237
end time: 1741015326685
Time: 1 ms
--------------------------------------------------
received prefix: 10.0.0.18
start time: 1741015326721
local preference: 230
end time: 1741015326722
Time: 1 ms
--------------------------------------------------
received prefix: 10.0.0.18
start time: 1741015326733
local preference: 234
end time: 1741015326734
Time: 1 ms
--------------------------------------------------
received prefix: 10.0.0.19
start time: 1741015326880
local preference: 234
end time: 1741015326881
Time: 1 ms
--------------------------------------------------
received prefix: 10.0.0.19
start time: 1741015326914
local preference: 234
end time: 1741015326915
Time: 1 ms
--------------------------------------------------
received prefix: 10.0.0.19
start time: 1741015326922
local preference: 233
end time: 1741015326923
Time: 1 ms
--------------------------------------------------
received prefix: 10.0.0.19
start time: 1741015326960
local preference: 233
end time: 1741015326961
Time: 1 ms
--------------------------------------------------
received prefix: 10.0.0.19
start time: 1741015327005
local preference: 233
end time: 1741015327006
Time: 1 ms
--------------------------------------------------
received prefix: 10.0.0.19
start time: 1741015327035
local preference: 233
end time: 1741015327043
Time: 8 ms
--------------------------------------------------
received prefix: 10.0.0.19
start time: 1741015327076
local preference: 234
end time: 1741015327077
Time: 1 ms
--------------------------------------------------
received prefix: 10.0.0.19
start time: 1741015327081
local preference: 234
end time: 1741015327082
Time: 1 ms
--------------------------------------------------
received prefix: 10.0.0.23
start time: 1741015327338
local preference: 180
end time: 1741015327339
Time: 1 ms
--------------------------------------------------
received prefix: 10.0.0.23
start time: 1741015327381
local preference: 180
end time: 1741015327382
Time: 1 ms
--------------------------------------------------
received prefix: 10.0.0.23
start time: 1741015327420
local preference: 181
end time: 1741015327420
Time: 0 ms
--------------------------------------------------
received prefix: 10.0.0.23
start time: 1741015327462
local preference: 181
end time: 1741015327464
Time: 2 ms
--------------------------------------------------
received prefix: 10.0.0.23
start time: 1741015327482
local preference: 188
end time: 1741015327483
Time: 1 ms
--------------------------------------------------
received prefix: 10.0.0.23
start time: 1741015327486
local preference: 188
end time: 1741015327487
Time: 1 ms
--------------------------------------------------
received prefix: 10.0.0.23
start time: 1741015327545
local preference: 181
end time: 1741015327546
Time: 1 ms
--------------------------------------------------
received prefix: 10.0.0.23
start time: 1741015327553
local preference: 181
end time: 1741015327554
Time: 1 ms
--------------------------------------------------
received prefix: 10.0.0.24
start time: 1741015327790
local preference: 161
end time: 1741015327791
Time: 1 ms
--------------------------------------------------
received prefix: 10.0.0.24
start time: 1741015327811
local preference: 161
end time: 1741015327812
Time: 1 ms
--------------------------------------------------
received prefix: 10.0.0.24
start time: 1741015327872
local preference: 162
end time: 1741015327874
Time: 2 ms
--------------------------------------------------
received prefix: 10.0.0.24
start time: 1741015327903
local preference: 162
end time: 1741015327904
Time: 1 ms
--------------------------------------------------
received prefix: 10.0.0.24
start time: 1741015327946
local preference: 167
end time: 1741015327946
Time: 0 ms
--------------------------------------------------
received prefix: 10.0.0.24
start time: 1741015327985
local preference: 167
end time: 1741015327988
Time: 3 ms
--------------------------------------------------
received prefix: 10.0.0.24
start time: 1741015327993
local preference: 162
end time: 1741015327994
Time: 1 ms
--------------------------------------------------
received prefix: 10.0.0.24
start time: 1741015327998
local preference: 162
end time: 1741015327999
Time: 1 ms
--------------------------------------------------
received prefix: 10.0.0.25
start time: 1741015328202
local preference: 183
end time: 1741015328203
Time: 1 ms
--------------------------------------------------
received prefix: 10.0.0.25
start time: 1741015328241
local preference: 183
end time: 1741015328242
Time: 1 ms
--------------------------------------------------
received prefix: 10.0.0.25
start time: 1741015328264
local preference: 183
end time: 1741015328265
Time: 1 ms
--------------------------------------------------
received prefix: 10.0.0.25
start time: 1741015328274
local preference: 183
end time: 1741015328275
Time: 1 ms
--------------------------------------------------
received prefix: 10.0.0.25
start time: 1741015328307
local preference: 182
end time: 1741015328308
Time: 1 ms
--------------------------------------------------
received prefix: 10.0.0.25
start time: 1741015328313
local preference: 182
end time: 1741015328313
Time: 0 ms
--------------------------------------------------
received prefix: 10.0.0.25
start time: 1741015328317
local preference: 182
end time: 1741015328318
Time: 1 ms
--------------------------------------------------
received prefix: 10.0.0.25
start time: 1741015328323
local preference: 182
end time: 1741015328324
Time: 1 ms
--------------------------------------------------
received prefix: 10.0.0.26
start time: 1741015331357
local preference: 201
end time: 1741015331357
Time: 0 ms
--------------------------------------------------
received prefix: 10.0.0.25
start time: 1741015331817
local preference: 183
end time: 1741015331819
Time: 2 ms
--------------------------------------------------
received prefix: 10.0.0.21
start time: 1741015332277
local preference: 217
end time: 1741015332278
Time: 1 ms
--------------------------------------------------
received prefix: 10.0.0.22
start time: 1741015332704
local preference: 210
end time: 1741015332705
Time: 1 ms
--------------------------------------------------
received prefix: 10.0.0.20
start time: 1741015333178
local preference: 206
end time: 1741015333178
Time: 0 ms
--------------------------------------------------
received prefix: 10.0.0.13
start time: 1741015333621
local preference: 219
end time: 1741015333621
Time: 0 ms
--------------------------------------------------
received prefix: 10.0.0.14
start time: 1741015334085
local preference: 211
end time: 1741015334085
Time: 0 ms
--------------------------------------------------
received prefix: 10.0.0.11
start time: 1741015334496
local preference: 208
end time: 1741015334497
Time: 1 ms
--------------------------------------------------
received prefix: 10.0.0.7
start time: 1741015334944
local preference: 225
end time: 1741015334945
Time: 1 ms
--------------------------------------------------
received prefix: 10.0.0.8
start time: 1741015335349
local preference: 210
end time: 1741015335350
Time: 1 ms
--------------------------------------------------
received prefix: 10.0.0.6
start time: 1741015335830
local preference: 225
end time: 1741015335831
Time: 1 ms
--------------------------------------------------
received prefix: 10.0.0.1
start time: 1741015336349
local preference: 213
end time: 1741015336350
Time: 1 ms
--------------------------------------------------
received prefix: 10.0.0.2
start time: 1741015336843
local preference: 217
end time: 1741015336844
Time: 1 ms
--------------------------------------------------
received prefix: 10.0.0.3
start time: 1741015337452
local preference: 200
end time: 1741015337453
Time: 1 ms
--------------------------------------------------
received prefix: 10.0.0.4
start time: 1741015337935
local preference: 173
end time: 1741015337936
Time: 1 ms
--------------------------------------------------
received prefix: 10.0.0.5
start time: 1741015338509
local preference: 208
end time: 1741015338511
Time: 2 ms
--------------------------------------------------
received prefix: 10.0.0.9
start time: 1741015339001
local preference: 225
end time: 1741015339002
Time: 1 ms
--------------------------------------------------
received prefix: 10.0.0.10
start time: 1741015339620
local preference: 223
end time: 1741015339620
Time: 0 ms
--------------------------------------------------
received prefix: 10.0.0.15
start time: 1741015340165
local preference: 209
end time: 1741015340165
Time: 0 ms
--------------------------------------------------
received prefix: 10.0.0.16
start time: 1741015340735
local preference: 156
end time: 1741015340736
Time: 1 ms
--------------------------------------------------
received prefix: 10.0.0.17
start time: 1741015341255
local preference: 214
end time: 1741015341256
Time: 1 ms
--------------------------------------------------
received prefix: 10.0.0.18
start time: 1741015341799
local preference: 229
end time: 1741015341801
Time: 2 ms
--------------------------------------------------
received prefix: 10.0.0.19
start time: 1741015342373
local preference: 224
end time: 1741015342374
Time: 1 ms
--------------------------------------------------
received prefix: 10.0.0.23
start time: 1741015342866
local preference: 229
end time: 1741015342867
Time: 1 ms
--------------------------------------------------
received prefix: 10.0.0.24
start time: 1741015343326
local preference: 230
end time: 1741015343327
Time: 1 ms
--------------------------------------------------
received prefix: 10.0.0.22
start time: 1741015395708
local preference: 219
end time: 1741015395709
Time: 1 ms
--------------------------------------------------
received prefix: 10.0.0.21
start time: 1741015396011
local preference: 227
end time: 1741015396012
Time: 1 ms
--------------------------------------------------
received prefix: 10.0.0.12
start time: 1741015396160
local preference: 227
end time: 1741015396161
Time: 1 ms
--------------------------------------------------
received prefix: 10.0.0.32
start time: 1741015396235
local preference: 220
end time: 1741015396235
Time: 0 ms
--------------------------------------------------
received prefix: 10.0.0.26
start time: 1741015396298
local preference: 194
end time: 1741015396300
Time: 2 ms
--------------------------------------------------
received prefix: 10.0.0.25
start time: 1741015396406
local preference: 193
end time: 1741015396407
Time: 1 ms
--------------------------------------------------
received prefix: 10.0.0.23
start time: 1741015396544
local preference: 174
end time: 1741015396545
Time: 1 ms
--------------------------------------------------
received prefix: 10.0.0.24
start time: 1741015396683
local preference: 153
end time: 1741015396684
Time: 1 ms
--------------------------------------------------
received prefix: 10.0.0.27
start time: 1741015396782
local preference: 195
end time: 1741015396783
Time: 1 ms
--------------------------------------------------
received prefix: 10.0.0.28
start time: 1741015396887
local preference: 203
end time: 1741015396888
Time: 1 ms
--------------------------------------------------
received prefix: 10.0.0.29
start time: 1741015396997
local preference: 204
end time: 1741015396998
Time: 1 ms
--------------------------------------------------
received prefix: 10.0.0.30
start time: 1741015397118
local preference: 220
end time: 1741015397119
Time: 1 ms
--------------------------------------------------
received prefix: 10.0.0.31
start time: 1741015397211
local preference: 220
end time: 1741015397212
Time: 1 ms
--------------------------------------------------
received prefix: 10.0.0.12
start time: 1741015397770
local preference: 227
end time: 1741015397772
Time: 2 ms
--------------------------------------------------
received prefix: 10.0.0.12
start time: 1741015397820
local preference: 226
end time: 1741015397821
Time: 1 ms
--------------------------------------------------
received prefix: 10.0.0.12
start time: 1741015397854
local preference: 226
end time: 1741015397854
Time: 0 ms
--------------------------------------------------
received prefix: 10.0.0.12
start time: 1741015397860
local preference: 225
end time: 1741015397862
Time: 2 ms
--------------------------------------------------
received prefix: 10.0.0.12
start time: 1741015397919
local preference: 225
end time: 1741015397920
Time: 1 ms
--------------------------------------------------
received prefix: 10.0.0.12
start time: 1741015397925
local preference: 225
end time: 1741015397926
Time: 1 ms
--------------------------------------------------
received prefix: 10.0.0.12
start time: 1741015397932
local preference: 226
end time: 1741015397933
Time: 1 ms
--------------------------------------------------
received prefix: 10.0.0.12
start time: 1741015397969
local preference: 226
end time: 1741015397970
Time: 1 ms
--------------------------------------------------
received prefix: 10.0.0.32
start time: 1741015398104
local preference: 220
end time: 1741015398105
Time: 1 ms
--------------------------------------------------
received prefix: 10.0.0.32
start time: 1741015398146
local preference: 219
end time: 1741015398146
Time: 0 ms
--------------------------------------------------
received prefix: 10.0.0.32
start time: 1741015398181
local preference: 219
end time: 1741015398182
Time: 1 ms
--------------------------------------------------
received prefix: 10.0.0.32
start time: 1741015398214
local preference: 218
end time: 1741015398216
Time: 2 ms
--------------------------------------------------
received prefix: 10.0.0.32
start time: 1741015398230
local preference: 219
end time: 1741015398231
Time: 1 ms
--------------------------------------------------
received prefix: 10.0.0.32
start time: 1741015398254
local preference: 218
end time: 1741015398256
Time: 2 ms
--------------------------------------------------
received prefix: 10.0.0.32
start time: 1741015398286
local preference: 220
end time: 1741015398287
Time: 1 ms
--------------------------------------------------
received prefix: 10.0.0.32
start time: 1741015398291
local preference: 219
end time: 1741015398292
Time: 1 ms
--------------------------------------------------
received prefix: 10.0.0.26
start time: 1741015398408
local preference: 193
end time: 1741015398409
Time: 1 ms
--------------------------------------------------
received prefix: 10.0.0.26
start time: 1741015398454
local preference: 193
end time: 1741015398455
Time: 1 ms
--------------------------------------------------
received prefix: 10.0.0.26
start time: 1741015398465
local preference: 193
end time: 1741015398465
Time: 0 ms
--------------------------------------------------
received prefix: 10.0.0.26
start time: 1741015398502
local preference: 192
end time: 1741015398505
Time: 3 ms
--------------------------------------------------
received prefix: 10.0.0.26
start time: 1741015398522
local preference: 192
end time: 1741015398523
Time: 1 ms
--------------------------------------------------
received prefix: 10.0.0.26
start time: 1741015398527
local preference: 192
end time: 1741015398527
Time: 0 ms
--------------------------------------------------
received prefix: 10.0.0.26
start time: 1741015398594
local preference: 193
end time: 1741015398595
Time: 1 ms
--------------------------------------------------
received prefix: 10.0.0.27
start time: 1741015398742
local preference: 195
end time: 1741015398743
Time: 1 ms
--------------------------------------------------
received prefix: 10.0.0.27
start time: 1741015398784
local preference: 194
end time: 1741015398786
Time: 2 ms
--------------------------------------------------
received prefix: 10.0.0.27
start time: 1741015398839
local preference: 194
end time: 1741015398839
Time: 0 ms
--------------------------------------------------
received prefix: 10.0.0.27
start time: 1741015398852
local preference: 193
end time: 1741015398853
Time: 1 ms
--------------------------------------------------
received prefix: 10.0.0.27
start time: 1741015398894
local preference: 193
end time: 1741015398894
Time: 0 ms
--------------------------------------------------
received prefix: 10.0.0.27
start time: 1741015398900
local preference: 193
end time: 1741015398900
Time: 0 ms
--------------------------------------------------
received prefix: 10.0.0.27
start time: 1741015398973
local preference: 194
end time: 1741015398974
Time: 1 ms
--------------------------------------------------
received prefix: 10.0.0.27
start time: 1741015399005
local preference: 194
end time: 1741015399006
Time: 1 ms
--------------------------------------------------
received prefix: 10.0.0.28
start time: 1741015399176
local preference: 202
end time: 1741015399177
Time: 1 ms
--------------------------------------------------
received prefix: 10.0.0.28
start time: 1741015399220
local preference: 202
end time: 1741015399221
Time: 1 ms
--------------------------------------------------
received prefix: 10.0.0.28
start time: 1741015399251
local preference: 202
end time: 1741015399252
Time: 1 ms
--------------------------------------------------
received prefix: 10.0.0.28
start time: 1741015399273
local preference: 201
end time: 1741015399274
Time: 1 ms
--------------------------------------------------
received prefix: 10.0.0.28
start time: 1741015399314
local preference: 201
end time: 1741015399315
Time: 1 ms
--------------------------------------------------
received prefix: 10.0.0.28
start time: 1741015399354
local preference: 201
end time: 1741015399355
Time: 1 ms
--------------------------------------------------
received prefix: 10.0.0.28
start time: 1741015399365
local preference: 202
end time: 1741015399366
Time: 1 ms
--------------------------------------------------
received prefix: 10.0.0.28
start time: 1741015399417
local preference: 202
end time: 1741015399418
Time: 1 ms
--------------------------------------------------
received prefix: 10.0.0.29
start time: 1741015399570
local preference: 203
end time: 1741015399571
Time: 1 ms
--------------------------------------------------
received prefix: 10.0.0.29
start time: 1741015399615
local preference: 203
end time: 1741015399616
Time: 1 ms
--------------------------------------------------
received prefix: 10.0.0.29
start time: 1741015399626
local preference: 203
end time: 1741015399627
Time: 1 ms
--------------------------------------------------
received prefix: 10.0.0.29
start time: 1741015399665
local preference: 202
end time: 1741015399666
Time: 1 ms
--------------------------------------------------
received prefix: 10.0.0.29
start time: 1741015399684
local preference: 202
end time: 1741015399685
Time: 1 ms
--------------------------------------------------
received prefix: 10.0.0.29
start time: 1741015399707
local preference: 202
end time: 1741015399709
Time: 2 ms
--------------------------------------------------
received prefix: 10.0.0.29
start time: 1741015399764
local preference: 203
end time: 1741015399764
Time: 0 ms
--------------------------------------------------
received prefix: 10.0.0.29
start time: 1741015399771
local preference: 203
end time: 1741015399772
Time: 1 ms
--------------------------------------------------
received prefix: 10.0.0.30
start time: 1741015399949
local preference: 220
end time: 1741015399949
Time: 0 ms
--------------------------------------------------
received prefix: 10.0.0.30
start time: 1741015399983
local preference: 219
end time: 1741015399984
Time: 1 ms
--------------------------------------------------
received prefix: 10.0.0.30
start time: 1741015399991
local preference: 219
end time: 1741015399992
Time: 1 ms
--------------------------------------------------
received prefix: 10.0.0.30
start time: 1741015400030
local preference: 218
end time: 1741015400031
Time: 1 ms
--------------------------------------------------
received prefix: 10.0.0.30
start time: 1741015400070
local preference: 218
end time: 1741015400071
Time: 1 ms
--------------------------------------------------
received prefix: 10.0.0.30
start time: 1741015400084
local preference: 218
end time: 1741015400085
Time: 1 ms
--------------------------------------------------
received prefix: 10.0.0.30
start time: 1741015400112
local preference: 220
end time: 1741015400115
Time: 3 ms
--------------------------------------------------
received prefix: 10.0.0.30
start time: 1741015400147
local preference: 219
end time: 1741015400148
Time: 1 ms
--------------------------------------------------
received prefix: 10.0.0.31
start time: 1741015400314
local preference: 220
end time: 1741015400315
Time: 1 ms
--------------------------------------------------
received prefix: 10.0.0.31
start time: 1741015400332
local preference: 219
end time: 1741015400333
Time: 1 ms
--------------------------------------------------
received prefix: 10.0.0.31
start time: 1741015400338
local preference: 219
end time: 1741015400338
Time: 0 ms
--------------------------------------------------
received prefix: 10.0.0.31
start time: 1741015400381
local preference: 218
end time: 1741015400382
Time: 1 ms
--------------------------------------------------
received prefix: 10.0.0.31
start time: 1741015400409
local preference: 219
end time: 1741015400410
Time: 1 ms
--------------------------------------------------
received prefix: 10.0.0.31
start time: 1741015400437
local preference: 218
end time: 1741015400439
Time: 2 ms
--------------------------------------------------
received prefix: 10.0.0.31
start time: 1741015400469
local preference: 220
end time: 1741015400469
Time: 0 ms
--------------------------------------------------
received prefix: 10.0.0.31
start time: 1741015400520
local preference: 219
end time: 1741015400521
Time: 1 ms
--------------------------------------------------
received prefix: 10.0.0.26
start time: 1741015400959
local preference: 201
end time: 1741015400960
Time: 1 ms
--------------------------------------------------
received prefix: 10.0.0.26
start time: 1741015401009
local preference: 201
end time: 1741015401010
Time: 1 ms
--------------------------------------------------
received prefix: 10.0.0.26
start time: 1741015401034
local preference: 200
end time: 1741015401035
Time: 1 ms
--------------------------------------------------
received prefix: 10.0.0.26
start time: 1741015401040
local preference: 200
end time: 1741015401041
Time: 1 ms
--------------------------------------------------
received prefix: 10.0.0.1
start time: 1741015402393
local preference: 223
end time: 1741015402394
Time: 1 ms
--------------------------------------------------
received prefix: 10.0.0.2
start time: 1741015402684
local preference: 227
end time: 1741015402685
Time: 1 ms
--------------------------------------------------
received prefix: 10.0.0.3
start time: 1741015403037
local preference: 209
end time: 1741015403040
Time: 3 ms
--------------------------------------------------
received prefix: 10.0.0.27
start time: 1741015403152
local preference: 194
end time: 1741015403153
Time: 1 ms
--------------------------------------------------
received prefix: 10.0.0.28
start time: 1741015403250
local preference: 170
end time: 1741015403252
Time: 2 ms
--------------------------------------------------
received prefix: 10.0.0.29
start time: 1741015403348
local preference: 202
end time: 1741015403349
Time: 1 ms
--------------------------------------------------
received prefix: 10.0.0.30
start time: 1741015403483
local preference: 228
end time: 1741015403483
Time: 0 ms
--------------------------------------------------
received prefix: 10.0.0.31
start time: 1741015403567
local preference: 219
end time: 1741015403568
Time: 1 ms
--------------------------------------------------
received prefix: 10.0.0.32
start time: 1741015403663
local preference: 219
end time: 1741015403664
Time: 1 ms
--------------------------------------------------
received prefix: 10.0.0.12
start time: 1741015404140
local preference: 216
end time: 1741015404140
Time: 0 ms
--------------------------------------------------
received prefix: 10.0.0.25
start time: 1741015422516
local preference: 192
end time: 1741015422517
Time: 1 ms
--------------------------------------------------
received prefix: 10.0.0.23
start time: 1741015422862
local preference: 182
end time: 1741015422862
Time: 0 ms
--------------------------------------------------
received prefix: 10.0.0.24
start time: 1741015423146
local preference: 161
end time: 1741015423147
Time: 1 ms
--------------------------------------------------
received prefix: 10.0.0.26
start time: 1741015423319
local preference: 183
end time: 1741015423320
Time: 1 ms
--------------------------------------------------
received prefix: 10.0.0.26
start time: 1741015423351
local preference: 182
end time: 1741015423352
Time: 1 ms
--------------------------------------------------
received prefix: 10.0.0.26
start time: 1741015423395
local preference: 182
end time: 1741015423396
Time: 1 ms
--------------------------------------------------
received prefix: 10.0.0.26
start time: 1741015423418
local preference: 183
end time: 1741015423419
Time: 1 ms
--------------------------------------------------
received prefix: 10.0.0.26
start time: 1741015423546
local preference: 183
end time: 1741015423547
Time: 1 ms
--------------------------------------------------
received prefix: 10.0.0.26
start time: 1741015423614
local preference: 182
end time: 1741015423615
Time: 1 ms
--------------------------------------------------
received prefix: 10.0.0.26
start time: 1741015423626
local preference: 182
end time: 1741015423627
Time: 1 ms
--------------------------------------------------
received prefix: 10.0.0.26
start time: 1741015423634
local preference: 183
end time: 1741015423641
Time: 7 ms
--------------------------------------------------
received prefix: 10.0.0.26
start time: 1741015423838
local preference: 183
end time: 1741015423839
Time: 1 ms
--------------------------------------------------
received prefix: 10.0.0.26
start time: 1741015423865
local preference: 183
end time: 1741015423866
Time: 1 ms
--------------------------------------------------
received prefix: 10.0.0.26
start time: 1741015423885
local preference: 182
end time: 1741015423886
Time: 1 ms
--------------------------------------------------
received prefix: 10.0.0.26
start time: 1741015423895
local preference: 183
end time: 1741015423896
Time: 1 ms
--------------------------------------------------
received prefix: 10.0.0.26
start time: 1741015424005
local preference: 183
end time: 1741015424005
Time: 0 ms
--------------------------------------------------
received prefix: 10.0.0.26
start time: 1741015424050
local preference: 183
end time: 1741015424051
Time: 1 ms
--------------------------------------------------
received prefix: 10.0.0.26
start time: 1741015424062
local preference: 182
end time: 1741015424062
Time: 0 ms
--------------------------------------------------
received prefix: 10.0.0.26
start time: 1741015424113
local preference: 183
end time: 1741015424115
Time: 2 ms
--------------------------------------------------
received prefix: 10.0.0.1
start time: 1741015424192
local preference: 231
end time: 1741015424194
Time: 2 ms
--------------------------------------------------
received prefix: 10.0.0.1
start time: 1741015424234
local preference: 231
end time: 1741015424234
Time: 0 ms
--------------------------------------------------
received prefix: 10.0.0.1
start time: 1741015424247
local preference: 230
end time: 1741015424248
Time: 1 ms
--------------------------------------------------
received prefix: 10.0.0.1
start time: 1741015424278
local preference: 230
end time: 1741015424280
Time: 2 ms
--------------------------------------------------
received prefix: 10.0.0.2
start time: 1741015424385
local preference: 235
end time: 1741015424385
Time: 0 ms
--------------------------------------------------
received prefix: 10.0.0.2
start time: 1741015424439
local preference: 235
end time: 1741015424440
Time: 1 ms
--------------------------------------------------
received prefix: 10.0.0.2
start time: 1741015424470
local preference: 234
end time: 1741015424471
Time: 1 ms
--------------------------------------------------
received prefix: 10.0.0.2
start time: 1741015424514
local preference: 234
end time: 1741015424515
Time: 1 ms
--------------------------------------------------
received prefix: 10.0.0.3
start time: 1741015424638
local preference: 217
end time: 1741015424640
Time: 2 ms
--------------------------------------------------
received prefix: 10.0.0.3
start time: 1741015424674
local preference: 217
end time: 1741015424675
Time: 1 ms
--------------------------------------------------
received prefix: 10.0.0.3
start time: 1741015424703
local preference: 217
end time: 1741015424704
Time: 1 ms
--------------------------------------------------
received prefix: 10.0.0.3
start time: 1741015424751
local preference: 216
end time: 1741015424752
Time: 1 ms
--------------------------------------------------
received prefix: 10.0.0.32
start time: 1741015424892
local preference: 228
end time: 1741015424893
Time: 1 ms
--------------------------------------------------
received prefix: 10.0.0.32
start time: 1741015424943
local preference: 227
end time: 1741015424944
Time: 1 ms
--------------------------------------------------
received prefix: 10.0.0.32
start time: 1741015424957
local preference: 227
end time: 1741015424958
Time: 1 ms
--------------------------------------------------
received prefix: 10.0.0.32
start time: 1741015425014
local preference: 226
end time: 1741015425014
Time: 0 ms
--------------------------------------------------
received prefix: 10.0.0.27
start time: 1741015425156
local preference: 202
end time: 1741015425157
Time: 1 ms
--------------------------------------------------
received prefix: 10.0.0.27
start time: 1741015425185
local preference: 202
end time: 1741015425186
Time: 1 ms
--------------------------------------------------
received prefix: 10.0.0.27
start time: 1741015425237
local preference: 201
end time: 1741015425238
Time: 1 ms
--------------------------------------------------
received prefix: 10.0.0.27
start time: 1741015425267
local preference: 201
end time: 1741015425268
Time: 1 ms
--------------------------------------------------
received prefix: 10.0.0.28
start time: 1741015425450
local preference: 210
end time: 1741015425451
Time: 1 ms
--------------------------------------------------
received prefix: 10.0.0.28
start time: 1741015425482
local preference: 210
end time: 1741015425484
Time: 2 ms
--------------------------------------------------
received prefix: 10.0.0.28
start time: 1741015425517
local preference: 209
end time: 1741015425518
Time: 1 ms
--------------------------------------------------
received prefix: 10.0.0.28
start time: 1741015425532
local preference: 209
end time: 1741015425533
Time: 1 ms
--------------------------------------------------
received prefix: 10.0.0.29
start time: 1741015425701
local preference: 211
end time: 1741015425702
Time: 1 ms
--------------------------------------------------
received prefix: 10.0.0.29
start time: 1741015425733
local preference: 211
end time: 1741015425734
Time: 1 ms
--------------------------------------------------
received prefix: 10.0.0.29
start time: 1741015425770
local preference: 210
end time: 1741015425771
Time: 1 ms
--------------------------------------------------
received prefix: 10.0.0.29
start time: 1741015425788
local preference: 210
end time: 1741015425789
Time: 1 ms
--------------------------------------------------
received prefix: 10.0.0.30
start time: 1741015425963
local preference: 227
end time: 1741015425964
Time: 1 ms
--------------------------------------------------
received prefix: 10.0.0.30
start time: 1741015426002
local preference: 227
end time: 1741015426003
Time: 1 ms
--------------------------------------------------
received prefix: 10.0.0.30
start time: 1741015426054
local preference: 227
end time: 1741015426055
Time: 1 ms
--------------------------------------------------
received prefix: 10.0.0.30
start time: 1741015426083
local preference: 226
end time: 1741015426084
Time: 1 ms
--------------------------------------------------
received prefix: 10.0.0.31
start time: 1741015426216
local preference: 228
end time: 1741015426216
Time: 0 ms
--------------------------------------------------
received prefix: 10.0.0.31
start time: 1741015426240
local preference: 227
end time: 1741015426241
Time: 1 ms
--------------------------------------------------
received prefix: 10.0.0.31
start time: 1741015426295
local preference: 227
end time: 1741015426296
Time: 1 ms
--------------------------------------------------
received prefix: 10.0.0.31
start time: 1741015426330
local preference: 226
end time: 1741015426331
Time: 1 ms
--------------------------------------------------
received prefix: 10.0.0.6
start time: 1741015426808
local preference: 234
end time: 1741015426809
Time: 1 ms
--------------------------------------------------
received prefix: 10.0.0.4
start time: 1741015427159
local preference: 183
end time: 1741015427160
Time: 1 ms
--------------------------------------------------
received prefix: 10.0.0.5
start time: 1741015427463
local preference: 218
end time: 1741015427464
Time: 1 ms
--------------------------------------------------
received prefix: 10.0.0.26
start time: 1741015449431
local preference: 193
end time: 1741015449432
Time: 1 ms
--------------------------------------------------
received prefix: 10.0.0.32
start time: 1741015449614
local preference: 210
end time: 1741015449615
Time: 1 ms
--------------------------------------------------
received prefix: 10.0.0.32
start time: 1741015449663
local preference: 209
end time: 1741015449664
Time: 1 ms
--------------------------------------------------
received prefix: 10.0.0.32
start time: 1741015449682
local preference: 208
end time: 1741015449683
Time: 1 ms
--------------------------------------------------
received prefix: 10.0.0.32
start time: 1741015449697
local preference: 210
end time: 1741015449699
Time: 2 ms
--------------------------------------------------
received prefix: 10.0.0.27
start time: 1741015449777
local preference: 184
end time: 1741015449778
Time: 1 ms
--------------------------------------------------
received prefix: 10.0.0.27
start time: 1741015449803
local preference: 184
end time: 1741015449804
Time: 1 ms
--------------------------------------------------
received prefix: 10.0.0.27
start time: 1741015449840
local preference: 183
end time: 1741015449843
Time: 3 ms
--------------------------------------------------
received prefix: 10.0.0.27
start time: 1741015449852
local preference: 184
end time: 1741015449853
Time: 1 ms
--------------------------------------------------
received prefix: 10.0.0.28
start time: 1741015449913
local preference: 192
end time: 1741015449914
Time: 1 ms
--------------------------------------------------
received prefix: 10.0.0.28
start time: 1741015449938
local preference: 191
end time: 1741015449939
Time: 1 ms
--------------------------------------------------
received prefix: 10.0.0.28
start time: 1741015449943
local preference: 191
end time: 1741015449944
Time: 1 ms
--------------------------------------------------
received prefix: 10.0.0.28
start time: 1741015449988
local preference: 192
end time: 1741015449989
Time: 1 ms
--------------------------------------------------
received prefix: 10.0.0.29
start time: 1741015450033
local preference: 193
end time: 1741015450034
Time: 1 ms
--------------------------------------------------
received prefix: 10.0.0.29
start time: 1741015450039
local preference: 193
end time: 1741015450040
Time: 1 ms
--------------------------------------------------
received prefix: 10.0.0.29
start time: 1741015450082
local preference: 192
end time: 1741015450082
Time: 0 ms
--------------------------------------------------
received prefix: 10.0.0.29
start time: 1741015450087
local preference: 193
end time: 1741015450088
Time: 1 ms
--------------------------------------------------
received prefix: 10.0.0.30
start time: 1741015450147
local preference: 210
end time: 1741015450148
Time: 1 ms
--------------------------------------------------
received prefix: 10.0.0.30
start time: 1741015450201
local preference: 209
end time: 1741015450202
Time: 1 ms
--------------------------------------------------
received prefix: 10.0.0.30
start time: 1741015450229
local preference: 208
end time: 1741015450230
Time: 1 ms
--------------------------------------------------
received prefix: 10.0.0.30
start time: 1741015450269
local preference: 210
end time: 1741015450270
Time: 1 ms
--------------------------------------------------
received prefix: 10.0.0.31
start time: 1741015450282
local preference: 210
end time: 1741015450283
Time: 1 ms
--------------------------------------------------
received prefix: 10.0.0.31
start time: 1741015450325
local preference: 209
end time: 1741015450328
Time: 3 ms
--------------------------------------------------
received prefix: 10.0.0.31
start time: 1741015450347
local preference: 208
end time: 1741015450348
Time: 1 ms
--------------------------------------------------
received prefix: 10.0.0.31
start time: 1741015450361
local preference: 210
end time: 1741015450362
Time: 1 ms
--------------------------------------------------
received prefix: 10.0.0.32
start time: 1741015450765
local preference: 210
end time: 1741015450766
Time: 1 ms
--------------------------------------------------
received prefix: 10.0.0.32
start time: 1741015450809
local preference: 209
end time: 1741015450812
Time: 3 ms
--------------------------------------------------
received prefix: 10.0.0.32
start time: 1741015450843
local preference: 208
end time: 1741015450845
Time: 2 ms
--------------------------------------------------
received prefix: 10.0.0.32
start time: 1741015450884
local preference: 210
end time: 1741015450885
Time: 1 ms
--------------------------------------------------
received prefix: 10.0.0.27
start time: 1741015451009
local preference: 184
end time: 1741015451010
Time: 1 ms
--------------------------------------------------
received prefix: 10.0.0.27
start time: 1741015451054
local preference: 184
end time: 1741015451056
Time: 2 ms
--------------------------------------------------
received prefix: 10.0.0.27
start time: 1741015451084
local preference: 183
end time: 1741015451084
Time: 0 ms
--------------------------------------------------
received prefix: 10.0.0.27
start time: 1741015451107
local preference: 184
end time: 1741015451108
Time: 1 ms
--------------------------------------------------
received prefix: 10.0.0.28
start time: 1741015451295
local preference: 192
end time: 1741015451296
Time: 1 ms
--------------------------------------------------
received prefix: 10.0.0.28
start time: 1741015451365
local preference: 191
end time: 1741015451366
Time: 1 ms
--------------------------------------------------
received prefix: 10.0.0.28
start time: 1741015451384
local preference: 191
end time: 1741015451384
Time: 0 ms
--------------------------------------------------
received prefix: 10.0.0.28
start time: 1741015451390
local preference: 192
end time: 1741015451391
Time: 1 ms
--------------------------------------------------
received prefix: 10.0.0.29
start time: 1741015451542
local preference: 193
end time: 1741015451544
Time: 2 ms
--------------------------------------------------
received prefix: 10.0.0.29
start time: 1741015451591
local preference: 193
end time: 1741015451592
Time: 1 ms
--------------------------------------------------
received prefix: 10.0.0.29
start time: 1741015451607
local preference: 192
end time: 1741015451608
Time: 1 ms
--------------------------------------------------
received prefix: 10.0.0.29
start time: 1741015451640
local preference: 193
end time: 1741015451641
Time: 1 ms
--------------------------------------------------
received prefix: 10.0.0.30
start time: 1741015451812
local preference: 210
end time: 1741015451815
Time: 3 ms
--------------------------------------------------
received prefix: 10.0.0.30
start time: 1741015451841
local preference: 209
end time: 1741015451842
Time: 1 ms
--------------------------------------------------
received prefix: 10.0.0.30
start time: 1741015451860
local preference: 208
end time: 1741015451862
Time: 2 ms
--------------------------------------------------
received prefix: 10.0.0.30
start time: 1741015451907
local preference: 210
end time: 1741015451908
Time: 1 ms
--------------------------------------------------
received prefix: 10.0.0.31
start time: 1741015452066
local preference: 210
end time: 1741015452067
Time: 1 ms
--------------------------------------------------
received prefix: 10.0.0.31
start time: 1741015452106
local preference: 209
end time: 1741015452107
Time: 1 ms
--------------------------------------------------
received prefix: 10.0.0.31
start time: 1741015452145
local preference: 208
end time: 1741015452146
Time: 1 ms
--------------------------------------------------
received prefix: 10.0.0.31
start time: 1741015452166
local preference: 210
end time: 1741015452167
Time: 1 ms
--------------------------------------------------
received prefix: 10.0.0.32
start time: 1741015452421
local preference: 210
end time: 1741015452423
Time: 2 ms
--------------------------------------------------
received prefix: 10.0.0.32
start time: 1741015452435
local preference: 210
end time: 1741015452436
Time: 1 ms
--------------------------------------------------
received prefix: 10.0.0.32
start time: 1741015452459
local preference: 208
end time: 1741015452460
Time: 1 ms
--------------------------------------------------
received prefix: 10.0.0.32
start time: 1741015452465
local preference: 210
end time: 1741015452467
Time: 2 ms
--------------------------------------------------
received prefix: 10.0.0.27
start time: 1741015452505
local preference: 184
end time: 1741015452506
Time: 1 ms
--------------------------------------------------
received prefix: 10.0.0.27
start time: 1741015452510
local preference: 184
end time: 1741015452511
Time: 1 ms
--------------------------------------------------
received prefix: 10.0.0.27
start time: 1741015452543
local preference: 183
end time: 1741015452544
Time: 1 ms
--------------------------------------------------
received prefix: 10.0.0.27
start time: 1741015452572
local preference: 184
end time: 1741015452573
Time: 1 ms
--------------------------------------------------
received prefix: 10.0.0.28
start time: 1741015452633
local preference: 192
end time: 1741015452634
Time: 1 ms
--------------------------------------------------
received prefix: 10.0.0.28
start time: 1741015452655
local preference: 192
end time: 1741015452655
Time: 0 ms
--------------------------------------------------
received prefix: 10.0.0.28
start time: 1741015452694
local preference: 191
end time: 1741015452696
Time: 2 ms
--------------------------------------------------
received prefix: 10.0.0.28
start time: 1741015452703
local preference: 192
end time: 1741015452704
Time: 1 ms
--------------------------------------------------
received prefix: 10.0.0.29
start time: 1741015452711
local preference: 193
end time: 1741015452712
Time: 1 ms
--------------------------------------------------
received prefix: 10.0.0.29
start time: 1741015452750
local preference: 193
end time: 1741015452751
Time: 1 ms
--------------------------------------------------
received prefix: 10.0.0.29
start time: 1741015452777
local preference: 192
end time: 1741015452778
Time: 1 ms
--------------------------------------------------
received prefix: 10.0.0.29
start time: 1741015452794
local preference: 193
end time: 1741015452797
Time: 3 ms
--------------------------------------------------
received prefix: 10.0.0.30
start time: 1741015452842
local preference: 210
end time: 1741015452843
Time: 1 ms
--------------------------------------------------
received prefix: 10.0.0.30
start time: 1741015452879
local preference: 210
end time: 1741015452880
Time: 1 ms
--------------------------------------------------
received prefix: 10.0.0.30
start time: 1741015452884
local preference: 208
end time: 1741015452885
Time: 1 ms
--------------------------------------------------
received prefix: 10.0.0.30
start time: 1741015452920
local preference: 210
end time: 1741015452924
Time: 4 ms
--------------------------------------------------
received prefix: 10.0.0.31
start time: 1741015452974
local preference: 210
end time: 1741015452976
Time: 2 ms
--------------------------------------------------
received prefix: 10.0.0.31
start time: 1741015453017
local preference: 210
end time: 1741015453018
Time: 1 ms
--------------------------------------------------
received prefix: 10.0.0.31
start time: 1741015453049
local preference: 208
end time: 1741015453050
Time: 1 ms
--------------------------------------------------
received prefix: 10.0.0.31
start time: 1741015453083
local preference: 210
end time: 1741015453084
Time: 1 ms
--------------------------------------------------
received prefix: 10.0.0.32
start time: 1741015453193
local preference: 210
end time: 1741015453194
Time: 1 ms
--------------------------------------------------
received prefix: 10.0.0.32
start time: 1741015453229
local preference: 210
end time: 1741015453230
Time: 1 ms
--------------------------------------------------
received prefix: 10.0.0.32
start time: 1741015453267
local preference: 209
end time: 1741015453268
Time: 1 ms
--------------------------------------------------
received prefix: 10.0.0.32
start time: 1741015453273
local preference: 210
end time: 1741015453274
Time: 1 ms
--------------------------------------------------
received prefix: 10.0.0.27
start time: 1741015453302
local preference: 184
end time: 1741015453306
Time: 4 ms
--------------------------------------------------
received prefix: 10.0.0.27
start time: 1741015453337
local preference: 184
end time: 1741015453338
Time: 1 ms
--------------------------------------------------
received prefix: 10.0.0.27
start time: 1741015453348
local preference: 184
end time: 1741015453349
Time: 1 ms
--------------------------------------------------
received prefix: 10.0.0.27
start time: 1741015453386
local preference: 184
end time: 1741015453389
Time: 3 ms
--------------------------------------------------
received prefix: 10.0.0.28
start time: 1741015453418
local preference: 192
end time: 1741015453419
Time: 1 ms
--------------------------------------------------
received prefix: 10.0.0.28
start time: 1741015453458
local preference: 192
end time: 1741015453459
Time: 1 ms
--------------------------------------------------
received prefix: 10.0.0.28
start time: 1741015453467
local preference: 191
end time: 1741015453468
Time: 1 ms
--------------------------------------------------
received prefix: 10.0.0.28
start time: 1741015453515
local preference: 192
end time: 1741015453516
Time: 1 ms
--------------------------------------------------
received prefix: 10.0.0.29
start time: 1741015453531
local preference: 193
end time: 1741015453532
Time: 1 ms
--------------------------------------------------
received prefix: 10.0.0.29
start time: 1741015453574
local preference: 193
end time: 1741015453575
Time: 1 ms
--------------------------------------------------
received prefix: 10.0.0.29
start time: 1741015453591
local preference: 193
end time: 1741015453592
Time: 1 ms
--------------------------------------------------
received prefix: 10.0.0.29
start time: 1741015453623
local preference: 193
end time: 1741015453626
Time: 3 ms
--------------------------------------------------
received prefix: 10.0.0.30
start time: 1741015453693
local preference: 210
end time: 1741015453693
Time: 0 ms
--------------------------------------------------
received prefix: 10.0.0.30
start time: 1741015453718
local preference: 210
end time: 1741015453719
Time: 1 ms
--------------------------------------------------
received prefix: 10.0.0.30
start time: 1741015453753
local preference: 209
end time: 1741015453754
Time: 1 ms
--------------------------------------------------
received prefix: 10.0.0.30
start time: 1741015453762
local preference: 210
end time: 1741015453763
Time: 1 ms
--------------------------------------------------
received prefix: 10.0.0.31
start time: 1741015453793
local preference: 210
end time: 1741015453795
Time: 2 ms
--------------------------------------------------
received prefix: 10.0.0.31
start time: 1741015453824
local preference: 210
end time: 1741015453825
Time: 1 ms
--------------------------------------------------
received prefix: 10.0.0.31
start time: 1741015453836
local preference: 209
end time: 1741015453838
Time: 2 ms
--------------------------------------------------
received prefix: 10.0.0.31
start time: 1741015453887
local preference: 210
end time: 1741015453888
Time: 1 ms
--------------------------------------------------
received prefix: 10.0.0.6
start time: 1741015453951
local preference: 160
end time: 1741015453952
Time: 1 ms
--------------------------------------------------
received prefix: 10.0.0.6
start time: 1741015453979
local preference: 162
end time: 1741015453980
Time: 1 ms
--------------------------------------------------
received prefix: 10.0.0.6
start time: 1741015454010
local preference: 167
end time: 1741015454011
Time: 1 ms
--------------------------------------------------
received prefix: 10.0.0.6
start time: 1741015454040
local preference: 168
end time: 1741015454041
Time: 1 ms
--------------------------------------------------
received prefix: 10.0.0.4
start time: 1741015454237
local preference: 191
end time: 1741015454241
Time: 4 ms
--------------------------------------------------
received prefix: 10.0.0.4
start time: 1741015454259
local preference: 191
end time: 1741015454260
Time: 1 ms
--------------------------------------------------
received prefix: 10.0.0.4
start time: 1741015454275
local preference: 190
end time: 1741015454276
Time: 1 ms
--------------------------------------------------
received prefix: 10.0.0.4
start time: 1741015454308
local preference: 190
end time: 1741015454309
Time: 1 ms
--------------------------------------------------
received prefix: 10.0.0.5
start time: 1741015454488
local preference: 226
end time: 1741015454489
Time: 1 ms
--------------------------------------------------
received prefix: 10.0.0.5
start time: 1741015454535
local preference: 226
end time: 1741015454535
Time: 0 ms
--------------------------------------------------
received prefix: 10.0.0.5
start time: 1741015454555
local preference: 225
end time: 1741015454556
Time: 1 ms
--------------------------------------------------
received prefix: 10.0.0.5
start time: 1741015454600
local preference: 225
end time: 1741015454601
Time: 1 ms
--------------------------------------------------
received prefix: 10.0.0.7
start time: 1741015454875
local preference: 235
end time: 1741015454876
Time: 1 ms
--------------------------------------------------
received prefix: 10.0.0.8
start time: 1741015454967
local preference: 219
end time: 1741015454968
Time: 1 ms
--------------------------------------------------
received prefix: 10.0.0.32
start time: 1741015463551
local preference: 219
end time: 1741015463552
Time: 1 ms
--------------------------------------------------
received prefix: 10.0.0.27
start time: 1741015463826
local preference: 194
end time: 1741015463827
Time: 1 ms
--------------------------------------------------
received prefix: 10.0.0.28
start time: 1741015464090
local preference: 202
end time: 1741015464092
Time: 2 ms
--------------------------------------------------
received prefix: 10.0.0.29
start time: 1741015464411
local preference: 203
end time: 1741015464411
Time: 0 ms
--------------------------------------------------
received prefix: 10.0.0.30
start time: 1741015464692
local preference: 219
end time: 1741015464693
Time: 1 ms
--------------------------------------------------
received prefix: 10.0.0.31
start time: 1741015465028
local preference: 219
end time: 1741015465029
Time: 1 ms
--------------------------------------------------
received prefix: 10.0.0.11
start time: 1741015465784
local preference: 218
end time: 1741015465785
Time: 1 ms
--------------------------------------------------
received prefix: 10.0.0.9
start time: 1741015465899
local preference: 235
end time: 1741015465900
Time: 1 ms
--------------------------------------------------
received prefix: 10.0.0.10
start time: 1741015466036
local preference: 233
end time: 1741015466038
Time: 2 ms
--------------------------------------------------
received prefix: 10.0.0.12
start time: 1741015466155
local preference: 226
end time: 1741015466159
Time: 4 ms
--------------------------------------------------
received prefix: 10.0.0.10
start time: 1741015472446
local preference: 174
end time: 1741015472447
Time: 1 ms
--------------------------------------------------
received prefix: 10.0.0.10
start time: 1741015472528
local preference: 175
end time: 1741015472529
Time: 1 ms
--------------------------------------------------
received prefix: 10.0.0.10
start time: 1741015472536
local preference: 181
end time: 1741015472537
Time: 1 ms
--------------------------------------------------
received prefix: 10.0.0.10
start time: 1741015472544
local preference: 182
end time: 1741015472545
Time: 1 ms
--------------------------------------------------
received prefix: 10.0.0.18
start time: 1741015479778
local preference: 233
end time: 1741015479778
Time: 0 ms
--------------------------------------------------
received prefix: 10.0.0.20
start time: 1741015699210
local preference: 191
end time: 1741015699221
Time: 11 ms
--------------------------------------------------
received prefix: 10.0.0.13
start time: 1741015699258
local preference: 193
end time: 1741015699260
Time: 2 ms
--------------------------------------------------
received prefix: 10.0.0.14
start time: 1741015699313
local preference: 192
end time: 1741015699315
Time: 2 ms
--------------------------------------------------
received prefix: 10.0.0.11
start time: 1741015699447
local preference: 192
end time: 1741015699447
Time: 0 ms
--------------------------------------------------
received prefix: 10.0.0.7
start time: 1741015699601
local preference: 194
end time: 1741015699602
Time: 1 ms
--------------------------------------------------
received prefix: 10.0.0.8
start time: 1741015699738
local preference: 192
end time: 1741015699739
Time: 1 ms
--------------------------------------------------
received prefix: 10.0.0.6
start time: 1741015699833
local preference: 194
end time: 1741015699833
Time: 0 ms
--------------------------------------------------
received prefix: 10.0.0.1
start time: 1741015699971
local preference: 192
end time: 1741015699971
Time: 0 ms
--------------------------------------------------
received prefix: 10.0.0.2
start time: 1741015700140
local preference: 193
end time: 1741015700140
Time: 0 ms
--------------------------------------------------
received prefix: 10.0.0.3
start time: 1741015700256
local preference: 191
end time: 1741015700257
Time: 1 ms
--------------------------------------------------
received prefix: 10.0.0.4
start time: 1741015700398
local preference: 187
end time: 1741015700399
Time: 1 ms
--------------------------------------------------
received prefix: 10.0.0.5
start time: 1741015700539
local preference: 192
end time: 1741015700540
Time: 1 ms
--------------------------------------------------
received prefix: 10.0.0.9
start time: 1741015700685
local preference: 194
end time: 1741015700685
Time: 0 ms
--------------------------------------------------
received prefix: 10.0.0.10
start time: 1741015700786
local preference: 193
end time: 1741015700787
Time: 1 ms
--------------------------------------------------
received prefix: 10.0.0.15
start time: 1741015700909
local preference: 192
end time: 1741015700911
Time: 2 ms
--------------------------------------------------
received prefix: 10.0.0.16
start time: 1741015701050
local preference: 194
end time: 1741015701051
Time: 1 ms
--------------------------------------------------
received prefix: 10.0.0.17
start time: 1741015701216
local preference: 192
end time: 1741015701217
Time: 1 ms
--------------------------------------------------
received prefix: 10.0.0.18
start time: 1741015701366
local preference: 194
end time: 1741015701367
Time: 1 ms
--------------------------------------------------
received prefix: 10.0.0.19
start time: 1741015701536
local preference: 194
end time: 1741015701537
Time: 1 ms
--------------------------------------------------
received prefix: 10.0.0.21
start time: 1741015701610
local preference: 192
end time: 1741015701610
Time: 0 ms
--------------------------------------------------
received prefix: 10.0.0.21
start time: 1741015701641
local preference: 192
end time: 1741015701642
Time: 1 ms
--------------------------------------------------
received prefix: 10.0.0.21
start time: 1741015701687
local preference: 192
end time: 1741015701688
Time: 1 ms
--------------------------------------------------
received prefix: 10.0.0.21
start time: 1741015701723
local preference: 192
end time: 1741015701725
Time: 2 ms
--------------------------------------------------
received prefix: 10.0.0.21
start time: 1741015701771
local preference: 192
end time: 1741015701771
Time: 0 ms
--------------------------------------------------
received prefix: 10.0.0.21
start time: 1741015701823
local preference: 192
end time: 1741015701824
Time: 1 ms
--------------------------------------------------
received prefix: 10.0.0.21
start time: 1741015701883
local preference: 192
end time: 1741015701884
Time: 1 ms
--------------------------------------------------
received prefix: 10.0.0.21
start time: 1741015701915
local preference: 192
end time: 1741015701916
Time: 1 ms
--------------------------------------------------
received prefix: 10.0.0.22
start time: 1741015702000
local preference: 191
end time: 1741015702001
Time: 1 ms
--------------------------------------------------
received prefix: 10.0.0.22
start time: 1741015702020
local preference: 191
end time: 1741015702021
Time: 1 ms
--------------------------------------------------
received prefix: 10.0.0.22
start time: 1741015702087
local preference: 191
end time: 1741015702087
Time: 0 ms
--------------------------------------------------
received prefix: 10.0.0.22
start time: 1741015702126
local preference: 191
end time: 1741015702127
Time: 1 ms
--------------------------------------------------
received prefix: 10.0.0.22
start time: 1741015702152
local preference: 191
end time: 1741015702153
Time: 1 ms
--------------------------------------------------
received prefix: 10.0.0.22
start time: 1741015702196
local preference: 191
end time: 1741015702197
Time: 1 ms
--------------------------------------------------
received prefix: 10.0.0.22
start time: 1741015702239
local preference: 191
end time: 1741015702240
Time: 1 ms
--------------------------------------------------
received prefix: 10.0.0.22
start time: 1741015702258
local preference: 191
end time: 1741015702259
Time: 1 ms
--------------------------------------------------
received prefix: 10.0.0.20
start time: 1741015702446
local preference: 191
end time: 1741015702448
Time: 2 ms
--------------------------------------------------
received prefix: 10.0.0.20
start time: 1741015702469
local preference: 191
end time: 1741015702469
Time: 0 ms
--------------------------------------------------
received prefix: 10.0.0.20
start time: 1741015702526
local preference: 191
end time: 1741015702527
Time: 1 ms
--------------------------------------------------
received prefix: 10.0.0.20
start time: 1741015702547
local preference: 191
end time: 1741015702548
Time: 1 ms
--------------------------------------------------
received prefix: 10.0.0.20
start time: 1741015702589
local preference: 191
end time: 1741015702590
Time: 1 ms
--------------------------------------------------
received prefix: 10.0.0.20
start time: 1741015702635
local preference: 191
end time: 1741015702636
Time: 1 ms
--------------------------------------------------
received prefix: 10.0.0.20
start time: 1741015702685
local preference: 191
end time: 1741015702686
Time: 1 ms
--------------------------------------------------
received prefix: 10.0.0.20
start time: 1741015702718
local preference: 191
end time: 1741015702719
Time: 1 ms
--------------------------------------------------
received prefix: 10.0.0.13
start time: 1741015702909
local preference: 193
end time: 1741015702910
Time: 1 ms
--------------------------------------------------
received prefix: 10.0.0.13
start time: 1741015702973
local preference: 193
end time: 1741015702974
Time: 1 ms
--------------------------------------------------
received prefix: 10.0.0.13
start time: 1741015703014
local preference: 193
end time: 1741015703015
Time: 1 ms
--------------------------------------------------
received prefix: 10.0.0.13
start time: 1741015703043
local preference: 193
end time: 1741015703045
Time: 2 ms
--------------------------------------------------
received prefix: 10.0.0.13
start time: 1741015703075
local preference: 193
end time: 1741015703076
Time: 1 ms
--------------------------------------------------
received prefix: 10.0.0.13
start time: 1741015703131
local preference: 193
end time: 1741015703132
Time: 1 ms
--------------------------------------------------
received prefix: 10.0.0.13
start time: 1741015703176
local preference: 193
end time: 1741015703176
Time: 0 ms
--------------------------------------------------
received prefix: 10.0.0.13
start time: 1741015703198
local preference: 193
end time: 1741015703199
Time: 1 ms
--------------------------------------------------
received prefix: 10.0.0.14
start time: 1741015703374
local preference: 192
end time: 1741015703377
Time: 3 ms
--------------------------------------------------
received prefix: 10.0.0.14
start time: 1741015703408
local preference: 192
end time: 1741015703409
Time: 1 ms
--------------------------------------------------
received prefix: 10.0.0.14
start time: 1741015703428
local preference: 192
end time: 1741015703429
Time: 1 ms
--------------------------------------------------
received prefix: 10.0.0.14
start time: 1741015703442
local preference: 191
end time: 1741015703443
Time: 1 ms
--------------------------------------------------
received prefix: 10.0.0.14
start time: 1741015703493
local preference: 191
end time: 1741015703493
Time: 0 ms
--------------------------------------------------
received prefix: 10.0.0.14
start time: 1741015703498
local preference: 191
end time: 1741015703498
Time: 0 ms
--------------------------------------------------
received prefix: 10.0.0.14
start time: 1741015703505
local preference: 192
end time: 1741015703506
Time: 1 ms
--------------------------------------------------
received prefix: 10.0.0.14
start time: 1741015703535
local preference: 192
end time: 1741015703536
Time: 1 ms
--------------------------------------------------
received prefix: 10.0.0.11
start time: 1741015703767
local preference: 191
end time: 1741015703768
Time: 1 ms
--------------------------------------------------
received prefix: 10.0.0.11
start time: 1741015703816
local preference: 191
end time: 1741015703816
Time: 0 ms
--------------------------------------------------
received prefix: 10.0.0.11
start time: 1741015703848
local preference: 191
end time: 1741015703848
Time: 0 ms
--------------------------------------------------
received prefix: 10.0.0.11
start time: 1741015703884
local preference: 191
end time: 1741015703884
Time: 0 ms
--------------------------------------------------
received prefix: 10.0.0.11
start time: 1741015703940
local preference: 191
end time: 1741015703940
Time: 0 ms
--------------------------------------------------
received prefix: 10.0.0.11
start time: 1741015703996
local preference: 191
end time: 1741015703997
Time: 1 ms
--------------------------------------------------
received prefix: 10.0.0.11
start time: 1741015704028
local preference: 191
end time: 1741015704029
Time: 1 ms
--------------------------------------------------
received prefix: 10.0.0.11
start time: 1741015704040
local preference: 191
end time: 1741015704040
Time: 0 ms
--------------------------------------------------
received prefix: 10.0.0.7
start time: 1741015704178
local preference: 193
end time: 1741015704179
Time: 1 ms
--------------------------------------------------
received prefix: 10.0.0.7
start time: 1741015704226
local preference: 193
end time: 1741015704227
Time: 1 ms
--------------------------------------------------
received prefix: 10.0.0.7
start time: 1741015704250
local preference: 193
end time: 1741015704251
Time: 1 ms
--------------------------------------------------
received prefix: 10.0.0.7
start time: 1741015704287
local preference: 193
end time: 1741015704287
Time: 0 ms
--------------------------------------------------
received prefix: 10.0.0.7
start time: 1741015704291
local preference: 193
end time: 1741015704292
Time: 1 ms
--------------------------------------------------
received prefix: 10.0.0.7
start time: 1741015704320
local preference: 193
end time: 1741015704321
Time: 1 ms
--------------------------------------------------
received prefix: 10.0.0.7
start time: 1741015704353
local preference: 193
end time: 1741015704354
Time: 1 ms
--------------------------------------------------
received prefix: 10.0.0.7
start time: 1741015704403
local preference: 193
end time: 1741015704404
Time: 1 ms
--------------------------------------------------
received prefix: 10.0.0.8
start time: 1741015704546
local preference: 191
end time: 1741015704547
Time: 1 ms
--------------------------------------------------
received prefix: 10.0.0.8
start time: 1741015704618
local preference: 191
end time: 1741015704618
Time: 0 ms
--------------------------------------------------
received prefix: 10.0.0.8
start time: 1741015704628
local preference: 191
end time: 1741015704629
Time: 1 ms
--------------------------------------------------
received prefix: 10.0.0.8
start time: 1741015704656
local preference: 191
end time: 1741015704658
Time: 2 ms
--------------------------------------------------
received prefix: 10.0.0.8
start time: 1741015704706
local preference: 191
end time: 1741015704707
Time: 1 ms
--------------------------------------------------
received prefix: 10.0.0.8
start time: 1741015704758
local preference: 191
end time: 1741015704759
Time: 1 ms
--------------------------------------------------
received prefix: 10.0.0.8
start time: 1741015704795
local preference: 191
end time: 1741015704797
Time: 2 ms
--------------------------------------------------
received prefix: 10.0.0.8
start time: 1741015704805
local preference: 191
end time: 1741015704806
Time: 1 ms
--------------------------------------------------
received prefix: 10.0.0.6
start time: 1741015704926
local preference: 193
end time: 1741015704926
Time: 0 ms
--------------------------------------------------
received prefix: 10.0.0.6
start time: 1741015704949
local preference: 193
end time: 1741015704950
Time: 1 ms
--------------------------------------------------
received prefix: 10.0.0.6
start time: 1741015705021
local preference: 193
end time: 1741015705023
Time: 2 ms
--------------------------------------------------
received prefix: 10.0.0.6
start time: 1741015705043
local preference: 193
end time: 1741015705044
Time: 1 ms
--------------------------------------------------
received prefix: 10.0.0.6
start time: 1741015705104
local preference: 193
end time: 1741015705104
Time: 0 ms
--------------------------------------------------
received prefix: 10.0.0.6
start time: 1741015705118
local preference: 193
end time: 1741015705119
Time: 1 ms
--------------------------------------------------
received prefix: 10.0.0.6
start time: 1741015705150
local preference: 194
end time: 1741015705150
Time: 0 ms
--------------------------------------------------
received prefix: 10.0.0.6
start time: 1741015705162
local preference: 193
end time: 1741015705163
Time: 1 ms
--------------------------------------------------
received prefix: 10.0.0.1
start time: 1741015705348
local preference: 192
end time: 1741015705350
Time: 2 ms
--------------------------------------------------
received prefix: 10.0.0.1
start time: 1741015705371
local preference: 192
end time: 1741015705372
Time: 1 ms
--------------------------------------------------
received prefix: 10.0.0.1
start time: 1741015705389
local preference: 192
end time: 1741015705390
Time: 1 ms
--------------------------------------------------
received prefix: 10.0.0.1
start time: 1741015705400
local preference: 192
end time: 1741015705401
Time: 1 ms
--------------------------------------------------
received prefix: 10.0.0.1
start time: 1741015705428
local preference: 192
end time: 1741015705430
Time: 2 ms
--------------------------------------------------
received prefix: 10.0.0.1
start time: 1741015705464
local preference: 192
end time: 1741015705465
Time: 1 ms
--------------------------------------------------
received prefix: 10.0.0.1
start time: 1741015705489
local preference: 192
end time: 1741015705489
Time: 0 ms
--------------------------------------------------
received prefix: 10.0.0.1
start time: 1741015705493
local preference: 192
end time: 1741015705494
Time: 1 ms
--------------------------------------------------
received prefix: 10.0.0.2
start time: 1741015705620
local preference: 192
end time: 1741015705621
Time: 1 ms
--------------------------------------------------
received prefix: 10.0.0.2
start time: 1741015705653
local preference: 192
end time: 1741015705654
Time: 1 ms
--------------------------------------------------
received prefix: 10.0.0.2
start time: 1741015705704
local preference: 192
end time: 1741015705705
Time: 1 ms
--------------------------------------------------
received prefix: 10.0.0.2
start time: 1741015705709
local preference: 192
end time: 1741015705710
Time: 1 ms
--------------------------------------------------
received prefix: 10.0.0.2
start time: 1741015705714
local preference: 192
end time: 1741015705715
Time: 1 ms
--------------------------------------------------
received prefix: 10.0.0.2
start time: 1741015705739
local preference: 192
end time: 1741015705740
Time: 1 ms
--------------------------------------------------
received prefix: 10.0.0.2
start time: 1741015705782
local preference: 192
end time: 1741015705783
Time: 1 ms
--------------------------------------------------
received prefix: 10.0.0.2
start time: 1741015705802
local preference: 192
end time: 1741015705802
Time: 0 ms
--------------------------------------------------
received prefix: 10.0.0.3
start time: 1741015705914
local preference: 191
end time: 1741015705915
Time: 1 ms
--------------------------------------------------
received prefix: 10.0.0.3
start time: 1741015705928
local preference: 190
end time: 1741015705928
Time: 0 ms
--------------------------------------------------
received prefix: 10.0.0.3
start time: 1741015705934
local preference: 190
end time: 1741015705935
Time: 1 ms
--------------------------------------------------
received prefix: 10.0.0.3
start time: 1741015705971
local preference: 190
end time: 1741015705971
Time: 0 ms
--------------------------------------------------
received prefix: 10.0.0.3
start time: 1741015705996
local preference: 190
end time: 1741015705997
Time: 1 ms
--------------------------------------------------
received prefix: 10.0.0.3
start time: 1741015706048
local preference: 190
end time: 1741015706049
Time: 1 ms
--------------------------------------------------
received prefix: 10.0.0.3
start time: 1741015706075
local preference: 191
end time: 1741015706077
Time: 2 ms
--------------------------------------------------
received prefix: 10.0.0.3
start time: 1741015706110
local preference: 191
end time: 1741015706111
Time: 1 ms
--------------------------------------------------
received prefix: 10.0.0.4
start time: 1741015706246
local preference: 187
end time: 1741015706247
Time: 1 ms
--------------------------------------------------
received prefix: 10.0.0.4
start time: 1741015706294
local preference: 187
end time: 1741015706296
Time: 2 ms
--------------------------------------------------
received prefix: 10.0.0.4
start time: 1741015706319
local preference: 187
end time: 1741015706320
Time: 1 ms
--------------------------------------------------
received prefix: 10.0.0.4
start time: 1741015706326
local preference: 187
end time: 1741015706327
Time: 1 ms
--------------------------------------------------
received prefix: 10.0.0.4
start time: 1741015706383
local preference: 187
end time: 1741015706384
Time: 1 ms
--------------------------------------------------
received prefix: 10.0.0.4
start time: 1741015706400
local preference: 187
end time: 1741015706400
Time: 0 ms
--------------------------------------------------
received prefix: 10.0.0.4
start time: 1741015706439
local preference: 187
end time: 1741015706440
Time: 1 ms
--------------------------------------------------
received prefix: 10.0.0.4
start time: 1741015706457
local preference: 187
end time: 1741015706458
Time: 1 ms
--------------------------------------------------
received prefix: 10.0.0.5
start time: 1741015706590
local preference: 192
end time: 1741015706591
Time: 1 ms
--------------------------------------------------
received prefix: 10.0.0.5
start time: 1741015706616
local preference: 191
end time: 1741015706617
Time: 1 ms
--------------------------------------------------
received prefix: 10.0.0.5
start time: 1741015706651
local preference: 191
end time: 1741015706651
Time: 0 ms
--------------------------------------------------
received prefix: 10.0.0.5
start time: 1741015706657
local preference: 191
end time: 1741015706657
Time: 0 ms
--------------------------------------------------
received prefix: 10.0.0.5
start time: 1741015706662
local preference: 191
end time: 1741015706662
Time: 0 ms
--------------------------------------------------
received prefix: 10.0.0.5
start time: 1741015706666
local preference: 191
end time: 1741015706667
Time: 1 ms
--------------------------------------------------
received prefix: 10.0.0.5
start time: 1741015706721
local preference: 192
end time: 1741015706722
Time: 1 ms
--------------------------------------------------
received prefix: 10.0.0.5
start time: 1741015706729
local preference: 191
end time: 1741015706730
Time: 1 ms
--------------------------------------------------
received prefix: 10.0.0.9
start time: 1741015706934
local preference: 193
end time: 1741015706934
Time: 0 ms
--------------------------------------------------
received prefix: 10.0.0.9
start time: 1741015706983
local preference: 193
end time: 1741015706984
Time: 1 ms
--------------------------------------------------
received prefix: 10.0.0.9
start time: 1741015707009
local preference: 193
end time: 1741015707010
Time: 1 ms
--------------------------------------------------
received prefix: 10.0.0.9
start time: 1741015707028
local preference: 193
end time: 1741015707029
Time: 1 ms
--------------------------------------------------
received prefix: 10.0.0.9
start time: 1741015707035
local preference: 193
end time: 1741015707036
Time: 1 ms
--------------------------------------------------
received prefix: 10.0.0.9
start time: 1741015707075
local preference: 193
end time: 1741015707076
Time: 1 ms
--------------------------------------------------
received prefix: 10.0.0.9
start time: 1741015707108
local preference: 193
end time: 1741015707109
Time: 1 ms
--------------------------------------------------
received prefix: 10.0.0.9
start time: 1741015707145
local preference: 193
end time: 1741015707145
Time: 0 ms
--------------------------------------------------
received prefix: 10.0.0.10
start time: 1741015707271
local preference: 193
end time: 1741015707273
Time: 2 ms
--------------------------------------------------
received prefix: 10.0.0.10
start time: 1741015707297
local preference: 193
end time: 1741015707298
Time: 1 ms
--------------------------------------------------
received prefix: 10.0.0.10
start time: 1741015707303
local preference: 193
end time: 1741015707304
Time: 1 ms
--------------------------------------------------
received prefix: 10.0.0.10
start time: 1741015707342
local preference: 193
end time: 1741015707343
Time: 1 ms
--------------------------------------------------
received prefix: 10.0.0.10
start time: 1741015707348
local preference: 193
end time: 1741015707349
Time: 1 ms
--------------------------------------------------
received prefix: 10.0.0.10
start time: 1741015707373
local preference: 193
end time: 1741015707374
Time: 1 ms
--------------------------------------------------
received prefix: 10.0.0.10
start time: 1741015707379
local preference: 193
end time: 1741015707379
Time: 0 ms
--------------------------------------------------
received prefix: 10.0.0.10
start time: 1741015707416
local preference: 193
end time: 1741015707417
Time: 1 ms
--------------------------------------------------
received prefix: 10.0.0.15
start time: 1741015707543
local preference: 191
end time: 1741015707545
Time: 2 ms
--------------------------------------------------
received prefix: 10.0.0.15
start time: 1741015707598
local preference: 191
end time: 1741015707600
Time: 2 ms
--------------------------------------------------
received prefix: 10.0.0.15
start time: 1741015707621
local preference: 191
end time: 1741015707622
Time: 1 ms
--------------------------------------------------
received prefix: 10.0.0.15
start time: 1741015707644
local preference: 191
end time: 1741015707646
Time: 2 ms
--------------------------------------------------
received prefix: 10.0.0.15
start time: 1741015707674
local preference: 191
end time: 1741015707675
Time: 1 ms
--------------------------------------------------
received prefix: 10.0.0.15
start time: 1741015707703
local preference: 191
end time: 1741015707704
Time: 1 ms
--------------------------------------------------
received prefix: 10.0.0.15
start time: 1741015707710
local preference: 191
end time: 1741015707711
Time: 1 ms
--------------------------------------------------
received prefix: 10.0.0.15
start time: 1741015707716
local preference: 191
end time: 1741015707717
Time: 1 ms
--------------------------------------------------
received prefix: 10.0.0.16
start time: 1741015707874
local preference: 195
end time: 1741015707874
Time: 0 ms
--------------------------------------------------
received prefix: 10.0.0.16
start time: 1741015707898
local preference: 195
end time: 1741015707900
Time: 2 ms
--------------------------------------------------
received prefix: 10.0.0.16
start time: 1741015707932
local preference: 194
end time: 1741015707936
Time: 4 ms
--------------------------------------------------
received prefix: 10.0.0.16
start time: 1741015707948
local preference: 194
end time: 1741015707950
Time: 2 ms
--------------------------------------------------
received prefix: 10.0.0.16
start time: 1741015707967
local preference: 194
end time: 1741015707968
Time: 1 ms
--------------------------------------------------
received prefix: 10.0.0.16
start time: 1741015707973
local preference: 194
end time: 1741015707974
Time: 1 ms
--------------------------------------------------
received prefix: 10.0.0.16
start time: 1741015707983
local preference: 195
end time: 1741015707984
Time: 1 ms
--------------------------------------------------
received prefix: 10.0.0.16
start time: 1741015708015
local preference: 195
end time: 1741015708016
Time: 1 ms
--------------------------------------------------
received prefix: 10.0.0.17
start time: 1741015708134
local preference: 192
end time: 1741015708135
Time: 1 ms
--------------------------------------------------
received prefix: 10.0.0.17
start time: 1741015708167
local preference: 192
end time: 1741015708167
Time: 0 ms
--------------------------------------------------
received prefix: 10.0.0.17
start time: 1741015708172
local preference: 192
end time: 1741015708173
Time: 1 ms
--------------------------------------------------
received prefix: 10.0.0.17
start time: 1741015708186
local preference: 192
end time: 1741015708187
Time: 1 ms
--------------------------------------------------
received prefix: 10.0.0.17
start time: 1741015708225
local preference: 192
end time: 1741015708226
Time: 1 ms
--------------------------------------------------
received prefix: 10.0.0.17
start time: 1741015708246
local preference: 192
end time: 1741015708247
Time: 1 ms
--------------------------------------------------
received prefix: 10.0.0.17
start time: 1741015708279
local preference: 192
end time: 1741015708280
Time: 1 ms
--------------------------------------------------
received prefix: 10.0.0.17
start time: 1741015708307
local preference: 192
end time: 1741015708308
Time: 1 ms
--------------------------------------------------
received prefix: 10.0.0.18
start time: 1741015708440
local preference: 194
end time: 1741015708441
Time: 1 ms
--------------------------------------------------
received prefix: 10.0.0.18
start time: 1741015708489
local preference: 194
end time: 1741015708490
Time: 1 ms
--------------------------------------------------
received prefix: 10.0.0.18
start time: 1741015708513
local preference: 194
end time: 1741015708513
Time: 0 ms
--------------------------------------------------
received prefix: 10.0.0.18
start time: 1741015708518
local preference: 194
end time: 1741015708519
Time: 1 ms
--------------------------------------------------
received prefix: 10.0.0.18
start time: 1741015708569
local preference: 194
end time: 1741015708570
Time: 1 ms
--------------------------------------------------
received prefix: 10.0.0.18
start time: 1741015708602
local preference: 194
end time: 1741015708602
Time: 0 ms
--------------------------------------------------
received prefix: 10.0.0.18
start time: 1741015708626
local preference: 194
end time: 1741015708626
Time: 0 ms
--------------------------------------------------
received prefix: 10.0.0.18
start time: 1741015708650
local preference: 194
end time: 1741015708651
Time: 1 ms
--------------------------------------------------
received prefix: 10.0.0.19
start time: 1741015708784
local preference: 194
end time: 1741015708784
Time: 0 ms
--------------------------------------------------
received prefix: 10.0.0.19
start time: 1741015708829
local preference: 193
end time: 1741015708830
Time: 1 ms
--------------------------------------------------
received prefix: 10.0.0.19
start time: 1741015708835
local preference: 193
end time: 1741015708836
Time: 1 ms
--------------------------------------------------
received prefix: 10.0.0.19
start time: 1741015708859
local preference: 193
end time: 1741015708859
Time: 0 ms
--------------------------------------------------
received prefix: 10.0.0.19
start time: 1741015708891
local preference: 193
end time: 1741015708892
Time: 1 ms
--------------------------------------------------
received prefix: 10.0.0.19
start time: 1741015708897
local preference: 193
end time: 1741015708898
Time: 1 ms
--------------------------------------------------
received prefix: 10.0.0.19
start time: 1741015708904
local preference: 194
end time: 1741015708905
Time: 1 ms
--------------------------------------------------
received prefix: 10.0.0.19
start time: 1741015708913
local preference: 193
end time: 1741015708914
Time: 1 ms
--------------------------------------------------
received prefix: 10.0.0.23
start time: 1741015709145
local preference: 193
end time: 1741015709146
Time: 1 ms
--------------------------------------------------
received prefix: 10.0.0.23
start time: 1741015709186
local preference: 193
end time: 1741015709187
Time: 1 ms
--------------------------------------------------
received prefix: 10.0.0.23
start time: 1741015709191
local preference: 193
end time: 1741015709192
Time: 1 ms
--------------------------------------------------
received prefix: 10.0.0.23
start time: 1741015709214
local preference: 193
end time: 1741015709215
Time: 1 ms
--------------------------------------------------
received prefix: 10.0.0.23
start time: 1741015709221
local preference: 193
end time: 1741015709222
Time: 1 ms
--------------------------------------------------
received prefix: 10.0.0.23
start time: 1741015709259
local preference: 193
end time: 1741015709260
Time: 1 ms
--------------------------------------------------
received prefix: 10.0.0.23
start time: 1741015709269
local preference: 193
end time: 1741015709270
Time: 1 ms
--------------------------------------------------
received prefix: 10.0.0.23
start time: 1741015709318
local preference: 193
end time: 1741015709319
Time: 1 ms
--------------------------------------------------
received prefix: 10.0.0.24
start time: 1741015709507
local preference: 193
end time: 1741015709508
Time: 1 ms
--------------------------------------------------
received prefix: 10.0.0.24
start time: 1741015709528
local preference: 193
end time: 1741015709529
Time: 1 ms
--------------------------------------------------
received prefix: 10.0.0.24
start time: 1741015709568
local preference: 193
end time: 1741015709569
Time: 1 ms
--------------------------------------------------
received prefix: 10.0.0.24
start time: 1741015709606
local preference: 193
end time: 1741015709607
Time: 1 ms
--------------------------------------------------
received prefix: 10.0.0.24
start time: 1741015709630
local preference: 193
end time: 1741015709630
Time: 0 ms
--------------------------------------------------
received prefix: 10.0.0.24
start time: 1741015709660
local preference: 193
end time: 1741015709661
Time: 1 ms
--------------------------------------------------
received prefix: 10.0.0.24
start time: 1741015709678
local preference: 193
end time: 1741015709679
Time: 1 ms
--------------------------------------------------
received prefix: 10.0.0.24
start time: 1741015709726
local preference: 193
end time: 1741015709728
Time: 2 ms
--------------------------------------------------
received prefix: 10.0.0.25
start time: 1741015709919
local preference: 187
end time: 1741015709921
Time: 2 ms
--------------------------------------------------
received prefix: 10.0.0.25
start time: 1741015709953
local preference: 187
end time: 1741015709954
Time: 1 ms
--------------------------------------------------
received prefix: 10.0.0.25
start time: 1741015709959
local preference: 187
end time: 1741015709960
Time: 1 ms
--------------------------------------------------
received prefix: 10.0.0.25
start time: 1741015710002
local preference: 187
end time: 1741015710003
Time: 1 ms
--------------------------------------------------
received prefix: 10.0.0.25
start time: 1741015710046
local preference: 187
end time: 1741015710047
Time: 1 ms
--------------------------------------------------
received prefix: 10.0.0.25
start time: 1741015710085
local preference: 187
end time: 1741015710085
Time: 0 ms
--------------------------------------------------
received prefix: 10.0.0.25
start time: 1741015710139
local preference: 187
end time: 1741015710141
Time: 2 ms
--------------------------------------------------
received prefix: 10.0.0.25
start time: 1741015710145
local preference: 187
end time: 1741015710146
Time: 1 ms
--------------------------------------------------
received prefix: 10.0.0.26
start time: 1741015713304
local preference: 189
end time: 1741015713305
Time: 1 ms
--------------------------------------------------
received prefix: 10.0.0.25
start time: 1741015713913
local preference: 187
end time: 1741015713914
Time: 1 ms
--------------------------------------------------
received prefix: 10.0.0.21
start time: 1741015714362
local preference: 191
end time: 1741015714364
Time: 2 ms
--------------------------------------------------
received prefix: 10.0.0.22
start time: 1741015715025
local preference: 190
end time: 1741015715025
Time: 0 ms
--------------------------------------------------
received prefix: 10.0.0.20
start time: 1741015715671
local preference: 190
end time: 1741015715671
Time: 0 ms
--------------------------------------------------
received prefix: 10.0.0.13
start time: 1741015716199
local preference: 192
end time: 1741015716200
Time: 1 ms
--------------------------------------------------
received prefix: 10.0.0.14
start time: 1741015716872
local preference: 191
end time: 1741015716873
Time: 1 ms
--------------------------------------------------
received prefix: 10.0.0.11
start time: 1741015717503
local preference: 190
end time: 1741015717504
Time: 1 ms
--------------------------------------------------
received prefix: 10.0.0.7
start time: 1741015718079
local preference: 192
end time: 1741015718080
Time: 1 ms
--------------------------------------------------
received prefix: 10.0.0.8
start time: 1741015718744
local preference: 190
end time: 1741015718745
Time: 1 ms
--------------------------------------------------
received prefix: 10.0.0.6
start time: 1741015719328
local preference: 192
end time: 1741015719330
Time: 2 ms
--------------------------------------------------
received prefix: 10.0.0.1
start time: 1741015719784
local preference: 191
end time: 1741015719785
Time: 1 ms
--------------------------------------------------
received prefix: 10.0.0.2
start time: 1741015720366
local preference: 191
end time: 1741015720367
Time: 1 ms
--------------------------------------------------
received prefix: 10.0.0.3
start time: 1741015720970
local preference: 189
end time: 1741015720971
Time: 1 ms
--------------------------------------------------
received prefix: 10.0.0.4
start time: 1741015721668
local preference: 186
end time: 1741015721668
Time: 0 ms
--------------------------------------------------
received prefix: 10.0.0.5
start time: 1741015722370
local preference: 190
end time: 1741015722371
Time: 1 ms
--------------------------------------------------
received prefix: 10.0.0.9
start time: 1741015723048
local preference: 192
end time: 1741015723049
Time: 1 ms
--------------------------------------------------
received prefix: 10.0.0.10
start time: 1741015723649
local preference: 192
end time: 1741015723650
Time: 1 ms
--------------------------------------------------
received prefix: 10.0.0.15
start time: 1741015724340
local preference: 190
end time: 1741015724343
Time: 3 ms
--------------------------------------------------
received prefix: 10.0.0.16
start time: 1741015725031
local preference: 193
end time: 1741015725032
Time: 1 ms
--------------------------------------------------
received prefix: 10.0.0.17
start time: 1741015725781
local preference: 191
end time: 1741015725782
Time: 1 ms
--------------------------------------------------
received prefix: 10.0.0.18
start time: 1741015726299
local preference: 193
end time: 1741015726300
Time: 1 ms
--------------------------------------------------
received prefix: 10.0.0.19
start time: 1741015727054
local preference: 192
end time: 1741015727054
Time: 0 ms
--------------------------------------------------
received prefix: 10.0.0.23
start time: 1741015727683
local preference: 192
end time: 1741015727684
Time: 1 ms
--------------------------------------------------
received prefix: 10.0.0.24
start time: 1741015728271
local preference: 192
end time: 1741015728271
Time: 0 ms
--------------------------------------------------
received prefix: 10.0.0.22
start time: 1741015777307
local preference: 191
end time: 1741015777308
Time: 1 ms
--------------------------------------------------
received prefix: 10.0.0.21
start time: 1741015777637
local preference: 192
end time: 1741015777638
Time: 1 ms
--------------------------------------------------
received prefix: 10.0.0.12
start time: 1741015777744
local preference: 192
end time: 1741015777745
Time: 1 ms
--------------------------------------------------
received prefix: 10.0.0.32
start time: 1741015777810
local preference: 192
end time: 1741015777811
Time: 1 ms
--------------------------------------------------
received prefix: 10.0.0.26
start time: 1741015777877
local preference: 188
end time: 1741015777878
Time: 1 ms
--------------------------------------------------
received prefix: 10.0.0.25
start time: 1741015777969
local preference: 188
end time: 1741015777970
Time: 1 ms
--------------------------------------------------
received prefix: 10.0.0.23
start time: 1741015778056
local preference: 194
end time: 1741015778057
Time: 1 ms
--------------------------------------------------
received prefix: 10.0.0.24
start time: 1741015778139
local preference: 194
end time: 1741015778140
Time: 1 ms
--------------------------------------------------
received prefix: 10.0.0.27
start time: 1741015778239
local preference: 188
end time: 1741015778240
Time: 1 ms
--------------------------------------------------
received prefix: 10.0.0.28
start time: 1741015778347
local preference: 189
end time: 1741015778348
Time: 1 ms
--------------------------------------------------
received prefix: 10.0.0.29
start time: 1741015778419
local preference: 190
end time: 1741015778420
Time: 1 ms
--------------------------------------------------
received prefix: 10.0.0.30
start time: 1741015778517
local preference: 192
end time: 1741015778518
Time: 1 ms
--------------------------------------------------
received prefix: 10.0.0.31
start time: 1741015778639
local preference: 192
end time: 1741015778640
Time: 1 ms
--------------------------------------------------
received prefix: 10.0.0.12
start time: 1741015779139
local preference: 192
end time: 1741015779140
Time: 1 ms
--------------------------------------------------
received prefix: 10.0.0.12
start time: 1741015779182
local preference: 192
end time: 1741015779184
Time: 2 ms
--------------------------------------------------
received prefix: 10.0.0.12
start time: 1741015779192
local preference: 192
end time: 1741015779193
Time: 1 ms
--------------------------------------------------
received prefix: 10.0.0.12
start time: 1741015779219
local preference: 192
end time: 1741015779220
Time: 1 ms
--------------------------------------------------
received prefix: 10.0.0.12
start time: 1741015779252
local preference: 192
end time: 1741015779253
Time: 1 ms
--------------------------------------------------
received prefix: 10.0.0.12
start time: 1741015779268
local preference: 192
end time: 1741015779268
Time: 0 ms
--------------------------------------------------
received prefix: 10.0.0.12
start time: 1741015779306
local preference: 192
end time: 1741015779306
Time: 0 ms
--------------------------------------------------
received prefix: 10.0.0.12
start time: 1741015779331
local preference: 192
end time: 1741015779332
Time: 1 ms
--------------------------------------------------
received prefix: 10.0.0.32
start time: 1741015779492
local preference: 191
end time: 1741015779492
Time: 0 ms
--------------------------------------------------
received prefix: 10.0.0.32
start time: 1741015779513
local preference: 191
end time: 1741015779514
Time: 1 ms
--------------------------------------------------
received prefix: 10.0.0.32
start time: 1741015779554
local preference: 191
end time: 1741015779555
Time: 1 ms
--------------------------------------------------
received prefix: 10.0.0.32
start time: 1741015779560
local preference: 191
end time: 1741015779561
Time: 1 ms
--------------------------------------------------
received prefix: 10.0.0.32
start time: 1741015779585
local preference: 191
end time: 1741015779586
Time: 1 ms
--------------------------------------------------
received prefix: 10.0.0.32
start time: 1741015779592
local preference: 191
end time: 1741015779593
Time: 1 ms
--------------------------------------------------
received prefix: 10.0.0.32
start time: 1741015779634
local preference: 191
end time: 1741015779635
Time: 1 ms
--------------------------------------------------
received prefix: 10.0.0.32
start time: 1741015779680
local preference: 191
end time: 1741015779681
Time: 1 ms
--------------------------------------------------
received prefix: 10.0.0.26
start time: 1741015779813
local preference: 188
end time: 1741015779814
Time: 1 ms
--------------------------------------------------
received prefix: 10.0.0.26
start time: 1741015779840
local preference: 188
end time: 1741015779843
Time: 3 ms
--------------------------------------------------
received prefix: 10.0.0.26
start time: 1741015779865
local preference: 188
end time: 1741015779866
Time: 1 ms
--------------------------------------------------
received prefix: 10.0.0.26
start time: 1741015779870
local preference: 188
end time: 1741015779871
Time: 1 ms
--------------------------------------------------
received prefix: 10.0.0.26
start time: 1741015779896
local preference: 188
end time: 1741015779896
Time: 0 ms
--------------------------------------------------
received prefix: 10.0.0.26
start time: 1741015779934
local preference: 188
end time: 1741015779935
Time: 1 ms
--------------------------------------------------
received prefix: 10.0.0.26
start time: 1741015779948
local preference: 188
end time: 1741015779948
Time: 0 ms
--------------------------------------------------
received prefix: 10.0.0.27
start time: 1741015780102
local preference: 188
end time: 1741015780102
Time: 0 ms
--------------------------------------------------
received prefix: 10.0.0.27
start time: 1741015780152
local preference: 188
end time: 1741015780154
Time: 2 ms
--------------------------------------------------
received prefix: 10.0.0.27
start time: 1741015780164
local preference: 188
end time: 1741015780164
Time: 0 ms
--------------------------------------------------
received prefix: 10.0.0.27
start time: 1741015780186
local preference: 188
end time: 1741015780187
Time: 1 ms
--------------------------------------------------
received prefix: 10.0.0.27
start time: 1741015780221
local preference: 188
end time: 1741015780223
Time: 2 ms
--------------------------------------------------
received prefix: 10.0.0.27
start time: 1741015780247
local preference: 188
end time: 1741015780248
Time: 1 ms
--------------------------------------------------
received prefix: 10.0.0.27
start time: 1741015780286
local preference: 188
end time: 1741015780286
Time: 0 ms
--------------------------------------------------
received prefix: 10.0.0.27
start time: 1741015780290
local preference: 188
end time: 1741015780291
Time: 1 ms
--------------------------------------------------
received prefix: 10.0.0.28
start time: 1741015780394
local preference: 189
end time: 1741015780395
Time: 1 ms
--------------------------------------------------
received prefix: 10.0.0.28
start time: 1741015780455
local preference: 189
end time: 1741015780456
Time: 1 ms
--------------------------------------------------
received prefix: 10.0.0.28
start time: 1741015780464
local preference: 189
end time: 1741015780464
Time: 0 ms
--------------------------------------------------
received prefix: 10.0.0.28
start time: 1741015780474
local preference: 189
end time: 1741015780475
Time: 1 ms
--------------------------------------------------
received prefix: 10.0.0.28
start time: 1741015780517
local preference: 189
end time: 1741015780518
Time: 1 ms
--------------------------------------------------
received prefix: 10.0.0.28
start time: 1741015780543
local preference: 189
end time: 1741015780543
Time: 0 ms
--------------------------------------------------
received prefix: 10.0.0.28
start time: 1741015780571
local preference: 189
end time: 1741015780572
Time: 1 ms
--------------------------------------------------
received prefix: 10.0.0.28
start time: 1741015780606
local preference: 189
end time: 1741015780607
Time: 1 ms
--------------------------------------------------
received prefix: 10.0.0.29
start time: 1741015780749
local preference: 190
end time: 1741015780750
Time: 1 ms
--------------------------------------------------
received prefix: 10.0.0.29
start time: 1741015780764
local preference: 190
end time: 1741015780765
Time: 1 ms
--------------------------------------------------
received prefix: 10.0.0.29
start time: 1741015780799
local preference: 190
end time: 1741015780800
Time: 1 ms
--------------------------------------------------
received prefix: 10.0.0.29
start time: 1741015780828
local preference: 190
end time: 1741015780829
Time: 1 ms
--------------------------------------------------
received prefix: 10.0.0.29
start time: 1741015780856
local preference: 190
end time: 1741015780857
Time: 1 ms
--------------------------------------------------
received prefix: 10.0.0.29
start time: 1741015780886
local preference: 189
end time: 1741015780889
Time: 3 ms
--------------------------------------------------
received prefix: 10.0.0.29
start time: 1741015780903
local preference: 190
end time: 1741015780904
Time: 1 ms
--------------------------------------------------
received prefix: 10.0.0.29
start time: 1741015780919
local preference: 190
end time: 1741015780920
Time: 1 ms
--------------------------------------------------
received prefix: 10.0.0.30
start time: 1741015781074
local preference: 191
end time: 1741015781075
Time: 1 ms
--------------------------------------------------
received prefix: 10.0.0.30
start time: 1741015781129
local preference: 191
end time: 1741015781131
Time: 2 ms
--------------------------------------------------
received prefix: 10.0.0.30
start time: 1741015781140
local preference: 191
end time: 1741015781141
Time: 1 ms
--------------------------------------------------
received prefix: 10.0.0.30
start time: 1741015781161
local preference: 191
end time: 1741015781162
Time: 1 ms
--------------------------------------------------
received prefix: 10.0.0.30
start time: 1741015781194
local preference: 191
end time: 1741015781195
Time: 1 ms
--------------------------------------------------
received prefix: 10.0.0.30
start time: 1741015781199
local preference: 191
end time: 1741015781200
Time: 1 ms
--------------------------------------------------
received prefix: 10.0.0.30
start time: 1741015781220
local preference: 191
end time: 1741015781220
Time: 0 ms
--------------------------------------------------
received prefix: 10.0.0.30
start time: 1741015781226
local preference: 191
end time: 1741015781227
Time: 1 ms
--------------------------------------------------
received prefix: 10.0.0.31
start time: 1741015781324
local preference: 191
end time: 1741015781324
Time: 0 ms
--------------------------------------------------
received prefix: 10.0.0.31
start time: 1741015781372
local preference: 191
end time: 1741015781374
Time: 2 ms
--------------------------------------------------
received prefix: 10.0.0.31
start time: 1741015781381
local preference: 191
end time: 1741015781382
Time: 1 ms
--------------------------------------------------
received prefix: 10.0.0.31
start time: 1741015781386
local preference: 191
end time: 1741015781387
Time: 1 ms
--------------------------------------------------
received prefix: 10.0.0.31
start time: 1741015781413
local preference: 191
end time: 1741015781414
Time: 1 ms
--------------------------------------------------
received prefix: 10.0.0.31
start time: 1741015781420
local preference: 191
end time: 1741015781421
Time: 1 ms
--------------------------------------------------
received prefix: 10.0.0.31
start time: 1741015781472
local preference: 191
end time: 1741015781473
Time: 1 ms
--------------------------------------------------
received prefix: 10.0.0.31
start time: 1741015781481
local preference: 191
end time: 1741015781482
Time: 1 ms
--------------------------------------------------
received prefix: 10.0.0.26
start time: 1741015781920
local preference: 189
end time: 1741015781921
Time: 1 ms
--------------------------------------------------
received prefix: 10.0.0.26
start time: 1741015781952
local preference: 189
end time: 1741015781952
Time: 0 ms
--------------------------------------------------
received prefix: 10.0.0.26
start time: 1741015781963
local preference: 189
end time: 1741015781964
Time: 1 ms
--------------------------------------------------
received prefix: 10.0.0.26
start time: 1741015782000
local preference: 189
end time: 1741015782002
Time: 2 ms
--------------------------------------------------
received prefix: 10.0.0.1
start time: 1741015782838
local preference: 192
end time: 1741015782838
Time: 0 ms
--------------------------------------------------
received prefix: 10.0.0.2
start time: 1741015783125
local preference: 192
end time: 1741015783125
Time: 0 ms
--------------------------------------------------
received prefix: 10.0.0.3
start time: 1741015783386
local preference: 191
end time: 1741015783386
Time: 0 ms
--------------------------------------------------
received prefix: 10.0.0.27
start time: 1741015783541
local preference: 188
end time: 1741015783542
Time: 1 ms
--------------------------------------------------
received prefix: 10.0.0.28
start time: 1741015783639
local preference: 185
end time: 1741015783640
Time: 1 ms
--------------------------------------------------
received prefix: 10.0.0.29
start time: 1741015783712
local preference: 189
end time: 1741015783712
Time: 0 ms
--------------------------------------------------
received prefix: 10.0.0.30
start time: 1741015783815
local preference: 192
end time: 1741015783816
Time: 1 ms
--------------------------------------------------
received prefix: 10.0.0.31
start time: 1741015783899
local preference: 191
end time: 1741015783901
Time: 2 ms
--------------------------------------------------
received prefix: 10.0.0.32
start time: 1741015784009
local preference: 191
end time: 1741015784010
Time: 1 ms
--------------------------------------------------
received prefix: 10.0.0.12
start time: 1741015784522
local preference: 191
end time: 1741015784523
Time: 1 ms
--------------------------------------------------
received prefix: 10.0.0.25
start time: 1741015806348
local preference: 188
end time: 1741015806349
Time: 1 ms
--------------------------------------------------
received prefix: 10.0.0.23
start time: 1741015806749
local preference: 193
end time: 1741015806750
Time: 1 ms
--------------------------------------------------
received prefix: 10.0.0.24
start time: 1741015807021
local preference: 194
end time: 1741015807021
Time: 0 ms
--------------------------------------------------
received prefix: 10.0.0.26
start time: 1741015807194
local preference: 187
end time: 1741015807196
Time: 2 ms
--------------------------------------------------
received prefix: 10.0.0.26
start time: 1741015807243
local preference: 187
end time: 1741015807244
Time: 1 ms
--------------------------------------------------
received prefix: 10.0.0.26
start time: 1741015807251
local preference: 187
end time: 1741015807252
Time: 1 ms
--------------------------------------------------
received prefix: 10.0.0.26
start time: 1741015807257
local preference: 187
end time: 1741015807258
Time: 1 ms
--------------------------------------------------
received prefix: 10.0.0.26
start time: 1741015807404
local preference: 187
end time: 1741015807405
Time: 1 ms
--------------------------------------------------
received prefix: 10.0.0.26
start time: 1741015807447
local preference: 187
end time: 1741015807448
Time: 1 ms
--------------------------------------------------
received prefix: 10.0.0.26
start time: 1741015807453
local preference: 187
end time: 1741015807454
Time: 1 ms
--------------------------------------------------
received prefix: 10.0.0.26
start time: 1741015807459
local preference: 187
end time: 1741015807460
Time: 1 ms
--------------------------------------------------
received prefix: 10.0.0.26
start time: 1741015807702
local preference: 187
end time: 1741015807702
Time: 0 ms
--------------------------------------------------
received prefix: 10.0.0.26
start time: 1741015807749
local preference: 187
end time: 1741015807750
Time: 1 ms
--------------------------------------------------
received prefix: 10.0.0.26
start time: 1741015807768
local preference: 187
end time: 1741015807769
Time: 1 ms
--------------------------------------------------
received prefix: 10.0.0.26
start time: 1741015807779
local preference: 187
end time: 1741015807779
Time: 0 ms
--------------------------------------------------
received prefix: 10.0.0.26
start time: 1741015807880
local preference: 187
end time: 1741015807881
Time: 1 ms
--------------------------------------------------
received prefix: 10.0.0.26
start time: 1741015807903
local preference: 187
end time: 1741015807904
Time: 1 ms
--------------------------------------------------
received prefix: 10.0.0.26
start time: 1741015807951
local preference: 187
end time: 1741015807953
Time: 2 ms
--------------------------------------------------
received prefix: 10.0.0.26
start time: 1741015807974
local preference: 187
end time: 1741015807975
Time: 1 ms
--------------------------------------------------
received prefix: 10.0.0.1
start time: 1741015808027
local preference: 193
end time: 1741015808028
Time: 1 ms
--------------------------------------------------
received prefix: 10.0.0.1
start time: 1741015808034
local preference: 193
end time: 1741015808035
Time: 1 ms
--------------------------------------------------
received prefix: 10.0.0.1
start time: 1741015808083
local preference: 193
end time: 1741015808084
Time: 1 ms
--------------------------------------------------
received prefix: 10.0.0.1
start time: 1741015808089
local preference: 193
end time: 1741015808089
Time: 0 ms
--------------------------------------------------
received prefix: 10.0.0.2
start time: 1741015808206
local preference: 193
end time: 1741015808207
Time: 1 ms
--------------------------------------------------
received prefix: 10.0.0.2
start time: 1741015808226
local preference: 193
end time: 1741015808226
Time: 0 ms
--------------------------------------------------
received prefix: 10.0.0.2
start time: 1741015808234
local preference: 193
end time: 1741015808234
Time: 0 ms
--------------------------------------------------
received prefix: 10.0.0.2
start time: 1741015808252
local preference: 193
end time: 1741015808252
Time: 0 ms
--------------------------------------------------
received prefix: 10.0.0.3
start time: 1741015808357
local preference: 191
end time: 1741015808358
Time: 1 ms
--------------------------------------------------
received prefix: 10.0.0.3
start time: 1741015808404
local preference: 191
end time: 1741015808405
Time: 1 ms
--------------------------------------------------
received prefix: 10.0.0.3
start time: 1741015808440
local preference: 191
end time: 1741015808441
Time: 1 ms
--------------------------------------------------
received prefix: 10.0.0.3
start time: 1741015808465
local preference: 191
end time: 1741015808465
Time: 0 ms
--------------------------------------------------
received prefix: 10.0.0.32
start time: 1741015808650
local preference: 192
end time: 1741015808650
Time: 0 ms
--------------------------------------------------
received prefix: 10.0.0.32
start time: 1741015808691
local preference: 192
end time: 1741015808692
Time: 1 ms
--------------------------------------------------
received prefix: 10.0.0.32
start time: 1741015808745
local preference: 192
end time: 1741015808747
Time: 2 ms
--------------------------------------------------
received prefix: 10.0.0.32
start time: 1741015808768
local preference: 192
end time: 1741015808770
Time: 2 ms
--------------------------------------------------
received prefix: 10.0.0.27
start time: 1741015808919
local preference: 189
end time: 1741015808920
Time: 1 ms
--------------------------------------------------
received prefix: 10.0.0.27
start time: 1741015808951
local preference: 189
end time: 1741015808952
Time: 1 ms
--------------------------------------------------
received prefix: 10.0.0.27
start time: 1741015808984
local preference: 189
end time: 1741015808985
Time: 1 ms
--------------------------------------------------
received prefix: 10.0.0.27
start time: 1741015809007
local preference: 189
end time: 1741015809008
Time: 1 ms
--------------------------------------------------
received prefix: 10.0.0.28
start time: 1741015809138
local preference: 190
end time: 1741015809139
Time: 1 ms
--------------------------------------------------
received prefix: 10.0.0.28
start time: 1741015809172
local preference: 190
end time: 1741015809173
Time: 1 ms
--------------------------------------------------
received prefix: 10.0.0.28
start time: 1741015809185
local preference: 190
end time: 1741015809186
Time: 1 ms
--------------------------------------------------
received prefix: 10.0.0.28
start time: 1741015809190
local preference: 190
end time: 1741015809190
Time: 0 ms
--------------------------------------------------
received prefix: 10.0.0.29
start time: 1741015809327
local preference: 190
end time: 1741015809327
Time: 0 ms
--------------------------------------------------
received prefix: 10.0.0.29
start time: 1741015809353
local preference: 190
end time: 1741015809354
Time: 1 ms
--------------------------------------------------
received prefix: 10.0.0.29
start time: 1741015809395
local preference: 190
end time: 1741015809395
Time: 0 ms
--------------------------------------------------
received prefix: 10.0.0.29
start time: 1741015809430
local preference: 190
end time: 1741015809431
Time: 1 ms
--------------------------------------------------
received prefix: 10.0.0.30
start time: 1741015809570
local preference: 192
end time: 1741015809570
Time: 0 ms
--------------------------------------------------
received prefix: 10.0.0.30
start time: 1741015809591
local preference: 192
end time: 1741015809592
Time: 1 ms
--------------------------------------------------
received prefix: 10.0.0.30
start time: 1741015809618
local preference: 192
end time: 1741015809619
Time: 1 ms
--------------------------------------------------
received prefix: 10.0.0.30
start time: 1741015809654
local preference: 192
end time: 1741015809656
Time: 2 ms
--------------------------------------------------
received prefix: 10.0.0.31
start time: 1741015809810
local preference: 192
end time: 1741015809811
Time: 1 ms
--------------------------------------------------
received prefix: 10.0.0.31
start time: 1741015809847
local preference: 192
end time: 1741015809849
Time: 2 ms
--------------------------------------------------
received prefix: 10.0.0.31
start time: 1741015809887
local preference: 192
end time: 1741015809889
Time: 2 ms
--------------------------------------------------
received prefix: 10.0.0.31
start time: 1741015809898
local preference: 192
end time: 1741015809899
Time: 1 ms
--------------------------------------------------
received prefix: 10.0.0.6
start time: 1741015810362
local preference: 193
end time: 1741015810363
Time: 1 ms
--------------------------------------------------
received prefix: 10.0.0.4
start time: 1741015810617
local preference: 187
end time: 1741015810618
Time: 1 ms
--------------------------------------------------
received prefix: 10.0.0.5
start time: 1741015810907
local preference: 191
end time: 1741015810909
Time: 2 ms
--------------------------------------------------
received prefix: 10.0.0.26
start time: 1741015834788
local preference: 188
end time: 1741015834789
Time: 1 ms
--------------------------------------------------
received prefix: 10.0.0.32
start time: 1741015834986
local preference: 190
end time: 1741015834987
Time: 1 ms
--------------------------------------------------
received prefix: 10.0.0.32
start time: 1741015835028
local preference: 190
end time: 1741015835030
Time: 2 ms
--------------------------------------------------
received prefix: 10.0.0.32
start time: 1741015835037
local preference: 190
end time: 1741015835037
Time: 0 ms
--------------------------------------------------
received prefix: 10.0.0.32
start time: 1741015835057
local preference: 190
end time: 1741015835058
Time: 1 ms
--------------------------------------------------
received prefix: 10.0.0.27
start time: 1741015835103
local preference: 187
end time: 1741015835105
Time: 2 ms
--------------------------------------------------
received prefix: 10.0.0.27
start time: 1741015835127
local preference: 187
end time: 1741015835127
Time: 0 ms
--------------------------------------------------
received prefix: 10.0.0.27
start time: 1741015835152
local preference: 187
end time: 1741015835153
Time: 1 ms
--------------------------------------------------
received prefix: 10.0.0.27
start time: 1741015835188
local preference: 187
end time: 1741015835189
Time: 1 ms
--------------------------------------------------
received prefix: 10.0.0.28
start time: 1741015835246
local preference: 188
end time: 1741015835247
Time: 1 ms
--------------------------------------------------
received prefix: 10.0.0.28
start time: 1741015835251
local preference: 188
end time: 1741015835252
Time: 1 ms
--------------------------------------------------
received prefix: 10.0.0.28
start time: 1741015835279
local preference: 188
end time: 1741015835279
Time: 0 ms
--------------------------------------------------
received prefix: 10.0.0.28
start time: 1741015835316
local preference: 188
end time: 1741015835317
Time: 1 ms
--------------------------------------------------
received prefix: 10.0.0.29
start time: 1741015835350
local preference: 189
end time: 1741015835350
Time: 0 ms
--------------------------------------------------
received prefix: 10.0.0.29
start time: 1741015835393
local preference: 188
end time: 1741015835394
Time: 1 ms
--------------------------------------------------
received prefix: 10.0.0.29
start time: 1741015835415
local preference: 188
end time: 1741015835417
Time: 2 ms
--------------------------------------------------
received prefix: 10.0.0.29
start time: 1741015835452
local preference: 189
end time: 1741015835453
Time: 1 ms
--------------------------------------------------
received prefix: 10.0.0.30
start time: 1741015835474
local preference: 190
end time: 1741015835476
Time: 2 ms
--------------------------------------------------
received prefix: 10.0.0.30
start time: 1741015835507
local preference: 190
end time: 1741015835507
Time: 0 ms
--------------------------------------------------
received prefix: 10.0.0.30
start time: 1741015835513
local preference: 190
end time: 1741015835513
Time: 0 ms
--------------------------------------------------
received prefix: 10.0.0.30
start time: 1741015835519
local preference: 190
end time: 1741015835519
Time: 0 ms
--------------------------------------------------
received prefix: 10.0.0.31
start time: 1741015835564
local preference: 190
end time: 1741015835565
Time: 1 ms
--------------------------------------------------
received prefix: 10.0.0.31
start time: 1741015835592
local preference: 190
end time: 1741015835593
Time: 1 ms
--------------------------------------------------
received prefix: 10.0.0.31
start time: 1741015835614
local preference: 190
end time: 1741015835615
Time: 1 ms
--------------------------------------------------
received prefix: 10.0.0.31
start time: 1741015835659
local preference: 190
end time: 1741015835661
Time: 2 ms
--------------------------------------------------
received prefix: 10.0.0.32
start time: 1741015836042
local preference: 190
end time: 1741015836043
Time: 1 ms
--------------------------------------------------
received prefix: 10.0.0.32
start time: 1741015836084
local preference: 190
end time: 1741015836085
Time: 1 ms
--------------------------------------------------
received prefix: 10.0.0.32
start time: 1741015836119
local preference: 190
end time: 1741015836120
Time: 1 ms
--------------------------------------------------
received prefix: 10.0.0.32
start time: 1741015836146
local preference: 190
end time: 1741015836147
Time: 1 ms
--------------------------------------------------
received prefix: 10.0.0.27
start time: 1741015836296
local preference: 187
end time: 1741015836298
Time: 2 ms
--------------------------------------------------
received prefix: 10.0.0.27
start time: 1741015836351
local preference: 187
end time: 1741015836351
Time: 0 ms
--------------------------------------------------
received prefix: 10.0.0.27
start time: 1741015836376
local preference: 187
end time: 1741015836376
Time: 0 ms
--------------------------------------------------
received prefix: 10.0.0.27
start time: 1741015836387
local preference: 187
end time: 1741015836389
Time: 2 ms
--------------------------------------------------
received prefix: 10.0.0.28
start time: 1741015836512
local preference: 188
end time: 1741015836513
Time: 1 ms
--------------------------------------------------
received prefix: 10.0.0.28
start time: 1741015836560
local preference: 188
end time: 1741015836560
Time: 0 ms
--------------------------------------------------
received prefix: 10.0.0.28
start time: 1741015836581
local preference: 188
end time: 1741015836582
Time: 1 ms
--------------------------------------------------
received prefix: 10.0.0.28
start time: 1741015836591
local preference: 188
end time: 1741015836592
Time: 1 ms
--------------------------------------------------
received prefix: 10.0.0.29
start time: 1741015836735
local preference: 189
end time: 1741015836736
Time: 1 ms
--------------------------------------------------
received prefix: 10.0.0.29
start time: 1741015836752
local preference: 188
end time: 1741015836753
Time: 1 ms
--------------------------------------------------
received prefix: 10.0.0.29
start time: 1741015836779
local preference: 188
end time: 1741015836780
Time: 1 ms
--------------------------------------------------
received prefix: 10.0.0.29
start time: 1741015836809
local preference: 189
end time: 1741015836810
Time: 1 ms
--------------------------------------------------
received prefix: 10.0.0.30
start time: 1741015836924
local preference: 190
end time: 1741015836925
Time: 1 ms
--------------------------------------------------
received prefix: 10.0.0.30
start time: 1741015836983
local preference: 190
end time: 1741015836984
Time: 1 ms
--------------------------------------------------
received prefix: 10.0.0.30
start time: 1741015837010
local preference: 190
end time: 1741015837011
Time: 1 ms
--------------------------------------------------
received prefix: 10.0.0.30
start time: 1741015837015
local preference: 190
end time: 1741015837017
Time: 2 ms
--------------------------------------------------
received prefix: 10.0.0.31
start time: 1741015837150
local preference: 190
end time: 1741015837152
Time: 2 ms
--------------------------------------------------
received prefix: 10.0.0.31
start time: 1741015837188
local preference: 190
end time: 1741015837191
Time: 3 ms
--------------------------------------------------
received prefix: 10.0.0.31
start time: 1741015837220
local preference: 190
end time: 1741015837221
Time: 1 ms
--------------------------------------------------
received prefix: 10.0.0.31
start time: 1741015837236
local preference: 190
end time: 1741015837237
Time: 1 ms
--------------------------------------------------
received prefix: 10.0.0.32
start time: 1741015837439
local preference: 190
end time: 1741015837440
Time: 1 ms
--------------------------------------------------
received prefix: 10.0.0.32
start time: 1741015837476
local preference: 190
end time: 1741015837478
Time: 2 ms
--------------------------------------------------
received prefix: 10.0.0.32
start time: 1741015837490
local preference: 190
end time: 1741015837493
Time: 3 ms
--------------------------------------------------
received prefix: 10.0.0.32
start time: 1741015837522
local preference: 190
end time: 1741015837523
Time: 1 ms
--------------------------------------------------
received prefix: 10.0.0.27
start time: 1741015837563
local preference: 187
end time: 1741015837567
Time: 4 ms
--------------------------------------------------
received prefix: 10.0.0.27
start time: 1741015837592
local preference: 187
end time: 1741015837593
Time: 1 ms
--------------------------------------------------
received prefix: 10.0.0.27
start time: 1741015837608
local preference: 187
end time: 1741015837609
Time: 1 ms
--------------------------------------------------
received prefix: 10.0.0.27
start time: 1741015837646
local preference: 187
end time: 1741015837647
Time: 1 ms
--------------------------------------------------
received prefix: 10.0.0.28
start time: 1741015837654
local preference: 188
end time: 1741015837655
Time: 1 ms
--------------------------------------------------
received prefix: 10.0.0.28
start time: 1741015837691
local preference: 188
end time: 1741015837694
Time: 3 ms
--------------------------------------------------
received prefix: 10.0.0.28
start time: 1741015837717
local preference: 188
end time: 1741015837719
Time: 2 ms
--------------------------------------------------
received prefix: 10.0.0.28
start time: 1741015837726
local preference: 188
end time: 1741015837729
Time: 3 ms
--------------------------------------------------
received prefix: 10.0.0.29
start time: 1741015837811
local preference: 189
end time: 1741015837811
Time: 0 ms
--------------------------------------------------
received prefix: 10.0.0.29
start time: 1741015837831
local preference: 189
end time: 1741015837832
Time: 1 ms
--------------------------------------------------
received prefix: 10.0.0.29
start time: 1741015837839
local preference: 188
end time: 1741015837840
Time: 1 ms
--------------------------------------------------
received prefix: 10.0.0.29
start time: 1741015837879
local preference: 189
end time: 1741015837881
Time: 2 ms
--------------------------------------------------
received prefix: 10.0.0.30
start time: 1741015837903
local preference: 190
end time: 1741015837904
Time: 1 ms
--------------------------------------------------
received prefix: 10.0.0.30
start time: 1741015837920
local preference: 190
end time: 1741015837924
Time: 4 ms
--------------------------------------------------
received prefix: 10.0.0.30
start time: 1741015837948
local preference: 190
end time: 1741015837949
Time: 1 ms
--------------------------------------------------
received prefix: 10.0.0.30
start time: 1741015837972
local preference: 190
end time: 1741015837973
Time: 1 ms
--------------------------------------------------
received prefix: 10.0.0.31
start time: 1741015838013
local preference: 190
end time: 1741015838014
Time: 1 ms
--------------------------------------------------
received prefix: 10.0.0.31
start time: 1741015838041
local preference: 190
end time: 1741015838042
Time: 1 ms
--------------------------------------------------
received prefix: 10.0.0.31
start time: 1741015838085
local preference: 190
end time: 1741015838086
Time: 1 ms
--------------------------------------------------
received prefix: 10.0.0.31
start time: 1741015838091
local preference: 190
end time: 1741015838092
Time: 1 ms
--------------------------------------------------
received prefix: 10.0.0.32
start time: 1741015838231
local preference: 190
end time: 1741015838233
Time: 2 ms
--------------------------------------------------
received prefix: 10.0.0.32
start time: 1741015838274
local preference: 190
end time: 1741015838277
Time: 3 ms
--------------------------------------------------
received prefix: 10.0.0.32
start time: 1741015838289
local preference: 190
end time: 1741015838290
Time: 1 ms
--------------------------------------------------
received prefix: 10.0.0.32
start time: 1741015838338
local preference: 190
end time: 1741015838338
Time: 0 ms
--------------------------------------------------
received prefix: 10.0.0.27
start time: 1741015838361
local preference: 187
end time: 1741015838362
Time: 1 ms
--------------------------------------------------
received prefix: 10.0.0.27
start time: 1741015838382
local preference: 187
end time: 1741015838383
Time: 1 ms
--------------------------------------------------
received prefix: 10.0.0.27
start time: 1741015838413
local preference: 187
end time: 1741015838414
Time: 1 ms
--------------------------------------------------
received prefix: 10.0.0.27
start time: 1741015838444
local preference: 187
end time: 1741015838446
Time: 2 ms
--------------------------------------------------
received prefix: 10.0.0.28
start time: 1741015838503
local preference: 188
end time: 1741015838504
Time: 1 ms
--------------------------------------------------
received prefix: 10.0.0.28
start time: 1741015838514
local preference: 188
end time: 1741015838517
Time: 3 ms
--------------------------------------------------
received prefix: 10.0.0.28
start time: 1741015838549
local preference: 188
end time: 1741015838551
Time: 2 ms
--------------------------------------------------
received prefix: 10.0.0.28
start time: 1741015838578
local preference: 188
end time: 1741015838579
Time: 1 ms
--------------------------------------------------
received prefix: 10.0.0.29
start time: 1741015838658
local preference: 189
end time: 1741015838660
Time: 2 ms
--------------------------------------------------
received prefix: 10.0.0.29
start time: 1741015838689
local preference: 189
end time: 1741015838691
Time: 2 ms
--------------------------------------------------
received prefix: 10.0.0.29
start time: 1741015838744
local preference: 188
end time: 1741015838745
Time: 1 ms
--------------------------------------------------
received prefix: 10.0.0.29
start time: 1741015838753
local preference: 189
end time: 1741015838754
Time: 1 ms
--------------------------------------------------
received prefix: 10.0.0.30
start time: 1741015838782
local preference: 190
end time: 1741015838783
Time: 1 ms
--------------------------------------------------
received prefix: 10.0.0.30
start time: 1741015838819
local preference: 190
end time: 1741015838820
Time: 1 ms
--------------------------------------------------
received prefix: 10.0.0.30
start time: 1741015838845
local preference: 190
end time: 1741015838846
Time: 1 ms
--------------------------------------------------
received prefix: 10.0.0.30
start time: 1741015838878
local preference: 190
end time: 1741015838878
Time: 0 ms
--------------------------------------------------
received prefix: 10.0.0.31
start time: 1741015838903
local preference: 190
end time: 1741015838904
Time: 1 ms
--------------------------------------------------
received prefix: 10.0.0.31
start time: 1741015838913
local preference: 190
end time: 1741015838915
Time: 2 ms
--------------------------------------------------
received prefix: 10.0.0.31
start time: 1741015838952
local preference: 190
end time: 1741015838953
Time: 1 ms
--------------------------------------------------
received prefix: 10.0.0.31
start time: 1741015838989
local preference: 190
end time: 1741015838991
Time: 2 ms
--------------------------------------------------
received prefix: 10.0.0.6
start time: 1741015839031
local preference: 194
end time: 1741015839032
Time: 1 ms
--------------------------------------------------
received prefix: 10.0.0.6
start time: 1741015839076
local preference: 194
end time: 1741015839077
Time: 1 ms
--------------------------------------------------
received prefix: 10.0.0.6
start time: 1741015839100
local preference: 194
end time: 1741015839101
Time: 1 ms
--------------------------------------------------
received prefix: 10.0.0.6
start time: 1741015839145
local preference: 194
end time: 1741015839146
Time: 1 ms
--------------------------------------------------
received prefix: 10.0.0.4
start time: 1741015839295
local preference: 188
end time: 1741015839296
Time: 1 ms
--------------------------------------------------
received prefix: 10.0.0.4
start time: 1741015839329
local preference: 188
end time: 1741015839334
Time: 5 ms
--------------------------------------------------
received prefix: 10.0.0.4
start time: 1741015839363
local preference: 187
end time: 1741015839364
Time: 1 ms
--------------------------------------------------
received prefix: 10.0.0.4
start time: 1741015839380
local preference: 187
end time: 1741015839381
Time: 1 ms
--------------------------------------------------
received prefix: 10.0.0.5
start time: 1741015839555
local preference: 192
end time: 1741015839556
Time: 1 ms
--------------------------------------------------
received prefix: 10.0.0.5
start time: 1741015839592
local preference: 192
end time: 1741015839592
Time: 0 ms
--------------------------------------------------
received prefix: 10.0.0.5
start time: 1741015839635
local preference: 192
end time: 1741015839637
Time: 2 ms
--------------------------------------------------
received prefix: 10.0.0.5
start time: 1741015839654
local preference: 192
end time: 1741015839655
Time: 1 ms
--------------------------------------------------
received prefix: 10.0.0.7
start time: 1741015839878
local preference: 193
end time: 1741015839879
Time: 1 ms
--------------------------------------------------
received prefix: 10.0.0.8
start time: 1741015839968
local preference: 191
end time: 1741015839968
Time: 0 ms
--------------------------------------------------
received prefix: 10.0.0.32
start time: 1741015849099
local preference: 191
end time: 1741015849100
Time: 1 ms
--------------------------------------------------
received prefix: 10.0.0.27
start time: 1741015849401
local preference: 188
end time: 1741015849402
Time: 1 ms
--------------------------------------------------
received prefix: 10.0.0.28
start time: 1741015849752
local preference: 189
end time: 1741015849753
Time: 1 ms
--------------------------------------------------
received prefix: 10.0.0.29
start time: 1741015850028
local preference: 190
end time: 1741015850029
Time: 1 ms
--------------------------------------------------
received prefix: 10.0.0.30
start time: 1741015850278
local preference: 191
end time: 1741015850278
Time: 0 ms
--------------------------------------------------
received prefix: 10.0.0.31
start time: 1741015850595
local preference: 191
end time: 1741015850597
Time: 2 ms
--------------------------------------------------
received prefix: 10.0.0.11
start time: 1741015851427
local preference: 191
end time: 1741015851428
Time: 1 ms
--------------------------------------------------
received prefix: 10.0.0.9
start time: 1741015851536
local preference: 193
end time: 1741015851537
Time: 1 ms
--------------------------------------------------
received prefix: 10.0.0.10
start time: 1741015851657
local preference: 193
end time: 1741015851659
Time: 2 ms
--------------------------------------------------
received prefix: 10.0.0.12
start time: 1741015851771
local preference: 192
end time: 1741015851773
Time: 2 ms
--------------------------------------------------
received prefix: 10.0.0.20
start time: 1741017688910
local preference: 188
end time: 1741017688924
Time: 14 ms
--------------------------------------------------
received prefix: 10.0.0.13
start time: 1741017689026
local preference: 190
end time: 1741017689027
Time: 1 ms
--------------------------------------------------
received prefix: 10.0.0.14
start time: 1741017689166
local preference: 189
end time: 1741017689167
Time: 1 ms
--------------------------------------------------
received prefix: 10.0.0.11
start time: 1741017689368
local preference: 188
end time: 1741017689369
Time: 1 ms
--------------------------------------------------
received prefix: 10.0.0.7
start time: 1741017689531
local preference: 190
end time: 1741017689532
Time: 1 ms
--------------------------------------------------
received prefix: 10.0.0.8
start time: 1741017689738
local preference: 188
end time: 1741017689740
Time: 2 ms
--------------------------------------------------
received prefix: 10.0.0.6
start time: 1741017689892
local preference: 191
end time: 1741017689893
Time: 1 ms
--------------------------------------------------
received prefix: 10.0.0.1
start time: 1741017690101
local preference: 189
end time: 1741017690102
Time: 1 ms
--------------------------------------------------
received prefix: 10.0.0.2
start time: 1741017690291
local preference: 189
end time: 1741017690292
Time: 1 ms
--------------------------------------------------
received prefix: 10.0.0.3
start time: 1741017690493
local preference: 187
end time: 1741017690496
Time: 3 ms
--------------------------------------------------
received prefix: 10.0.0.4
start time: 1741017690688
local preference: 182
end time: 1741017690690
Time: 2 ms
--------------------------------------------------
received prefix: 10.0.0.5
start time: 1741017690867
local preference: 188
end time: 1741017690868
Time: 1 ms
--------------------------------------------------
received prefix: 10.0.0.9
start time: 1741017691047
local preference: 191
end time: 1741017691048
Time: 1 ms
--------------------------------------------------
received prefix: 10.0.0.10
start time: 1741017691230
local preference: 190
end time: 1741017691231
Time: 1 ms
--------------------------------------------------
received prefix: 10.0.0.15
start time: 1741017691417
local preference: 188
end time: 1741017691418
Time: 1 ms
--------------------------------------------------
received prefix: 10.0.0.16
start time: 1741017691616
local preference: 190
end time: 1741017691618
Time: 2 ms
--------------------------------------------------
received prefix: 10.0.0.17
start time: 1741017691799
local preference: 189
end time: 1741017691800
Time: 1 ms
--------------------------------------------------
received prefix: 10.0.0.18
start time: 1741017691973
local preference: 191
end time: 1741017691975
Time: 2 ms
--------------------------------------------------
received prefix: 10.0.0.19
start time: 1741017692109
local preference: 191
end time: 1741017692110
Time: 1 ms
--------------------------------------------------
received prefix: 10.0.0.21
start time: 1741017692234
local preference: 189
end time: 1741017692235
Time: 1 ms
--------------------------------------------------
received prefix: 10.0.0.21
start time: 1741017692297
local preference: 189
end time: 1741017692298
Time: 1 ms
--------------------------------------------------
received prefix: 10.0.0.21
start time: 1741017692361
local preference: 189
end time: 1741017692361
Time: 0 ms
--------------------------------------------------
received prefix: 10.0.0.21
start time: 1741017692401
local preference: 189
end time: 1741017692402
Time: 1 ms
--------------------------------------------------
received prefix: 10.0.0.21
start time: 1741017692430
local preference: 189
end time: 1741017692430
Time: 0 ms
--------------------------------------------------
received prefix: 10.0.0.21
start time: 1741017692463
local preference: 189
end time: 1741017692464
Time: 1 ms
--------------------------------------------------
received prefix: 10.0.0.21
start time: 1741017692468
local preference: 189
end time: 1741017692469
Time: 1 ms
--------------------------------------------------
received prefix: 10.0.0.21
start time: 1741017692526
local preference: 189
end time: 1741017692527
Time: 1 ms
--------------------------------------------------
received prefix: 10.0.0.22
start time: 1741017692648
local preference: 188
end time: 1741017692648
Time: 0 ms
--------------------------------------------------
received prefix: 10.0.0.22
start time: 1741017692728
local preference: 188
end time: 1741017692730
Time: 2 ms
--------------------------------------------------
received prefix: 10.0.0.22
start time: 1741017692834
local preference: 187
end time: 1741017692835
Time: 1 ms
--------------------------------------------------
received prefix: 10.0.0.22
start time: 1741017692932
local preference: 187
end time: 1741017692934
Time: 2 ms
--------------------------------------------------
received prefix: 10.0.0.22
start time: 1741017692989
local preference: 187
end time: 1741017692989
Time: 0 ms
--------------------------------------------------
received prefix: 10.0.0.22
start time: 1741017693038
local preference: 187
end time: 1741017693039
Time: 1 ms
--------------------------------------------------
received prefix: 10.0.0.22
start time: 1741017693140
local preference: 188
end time: 1741017693141
Time: 1 ms
--------------------------------------------------
received prefix: 10.0.0.22
start time: 1741017693197
local preference: 188
end time: 1741017693197
Time: 0 ms
--------------------------------------------------
received prefix: 10.0.0.20
start time: 1741017693457
local preference: 188
end time: 1741017693459
Time: 2 ms
--------------------------------------------------
received prefix: 10.0.0.20
start time: 1741017693536
local preference: 187
end time: 1741017693537
Time: 1 ms
--------------------------------------------------
received prefix: 10.0.0.20
start time: 1741017693586
local preference: 187
end time: 1741017693587
Time: 1 ms
--------------------------------------------------
received prefix: 10.0.0.20
start time: 1741017693648
local preference: 187
end time: 1741017693649
Time: 1 ms
--------------------------------------------------
received prefix: 10.0.0.20
start time: 1741017693726
local preference: 187
end time: 1741017693729
Time: 3 ms
--------------------------------------------------
received prefix: 10.0.0.20
start time: 1741017693769
local preference: 187
end time: 1741017693770
Time: 1 ms
--------------------------------------------------
received prefix: 10.0.0.20
start time: 1741017693831
local preference: 188
end time: 1741017693831
Time: 0 ms
--------------------------------------------------
received prefix: 10.0.0.20
start time: 1741017693847
local preference: 187
end time: 1741017693848
Time: 1 ms
--------------------------------------------------
received prefix: 10.0.0.13
start time: 1741017694120
local preference: 190
end time: 1741017694121
Time: 1 ms
--------------------------------------------------
received prefix: 10.0.0.13
start time: 1741017694198
local preference: 190
end time: 1741017694199
Time: 1 ms
--------------------------------------------------
received prefix: 10.0.0.13
start time: 1741017694245
local preference: 189
end time: 1741017694245
Time: 0 ms
--------------------------------------------------
received prefix: 10.0.0.13
start time: 1741017694306
local preference: 189
end time: 1741017694308
Time: 2 ms
--------------------------------------------------
received prefix: 10.0.0.13
start time: 1741017694363
local preference: 189
end time: 1741017694364
Time: 1 ms
--------------------------------------------------
received prefix: 10.0.0.13
start time: 1741017694369
local preference: 189
end time: 1741017694372
Time: 3 ms
--------------------------------------------------
received prefix: 10.0.0.13
start time: 1741017694439
local preference: 190
end time: 1741017694440
Time: 1 ms
--------------------------------------------------
received prefix: 10.0.0.13
start time: 1741017694518
local preference: 190
end time: 1741017694522
Time: 4 ms
--------------------------------------------------
received prefix: 10.0.0.14
start time: 1741017694734
local preference: 188
end time: 1741017694736
Time: 2 ms
--------------------------------------------------
received prefix: 10.0.0.14
start time: 1741017694795
local preference: 188
end time: 1741017694797
Time: 2 ms
--------------------------------------------------
received prefix: 10.0.0.14
start time: 1741017694829
local preference: 188
end time: 1741017694829
Time: 0 ms
--------------------------------------------------
received prefix: 10.0.0.14
start time: 1741017694882
local preference: 188
end time: 1741017694885
Time: 3 ms
--------------------------------------------------
received prefix: 10.0.0.14
start time: 1741017694960
local preference: 188
end time: 1741017694961
Time: 1 ms
--------------------------------------------------
received prefix: 10.0.0.14
start time: 1741017695028
local preference: 188
end time: 1741017695029
Time: 1 ms
--------------------------------------------------
received prefix: 10.0.0.14
start time: 1741017695109
local preference: 188
end time: 1741017695109
Time: 0 ms
--------------------------------------------------
received prefix: 10.0.0.14
start time: 1741017695180
local preference: 188
end time: 1741017695181
Time: 1 ms
--------------------------------------------------
received prefix: 10.0.0.11
start time: 1741017695362
local preference: 188
end time: 1741017695363
Time: 1 ms
--------------------------------------------------
received prefix: 10.0.0.11
start time: 1741017695411
local preference: 188
end time: 1741017695412
Time: 1 ms
--------------------------------------------------
received prefix: 10.0.0.11
start time: 1741017695495
local preference: 188
end time: 1741017695496
Time: 1 ms
--------------------------------------------------
received prefix: 10.0.0.11
start time: 1741017695545
local preference: 188
end time: 1741017695546
Time: 1 ms
--------------------------------------------------
received prefix: 10.0.0.11
start time: 1741017695643
local preference: 188
end time: 1741017695646
Time: 3 ms
--------------------------------------------------
received prefix: 10.0.0.11
start time: 1741017695678
local preference: 187
end time: 1741017695679
Time: 1 ms
--------------------------------------------------
received prefix: 10.0.0.11
start time: 1741017695735
local preference: 188
end time: 1741017695735
Time: 0 ms
--------------------------------------------------
received prefix: 10.0.0.11
start time: 1741017695784
local preference: 188
end time: 1741017695786
Time: 2 ms
--------------------------------------------------
received prefix: 10.0.0.7
start time: 1741017696055
local preference: 190
end time: 1741017696057
Time: 2 ms
--------------------------------------------------
received prefix: 10.0.0.7
start time: 1741017696126
local preference: 190
end time: 1741017696127
Time: 1 ms
--------------------------------------------------
received prefix: 10.0.0.7
start time: 1741017696181
local preference: 190
end time: 1741017696182
Time: 1 ms
--------------------------------------------------
received prefix: 10.0.0.7
start time: 1741017696243
local preference: 190
end time: 1741017696244
Time: 1 ms
--------------------------------------------------
received prefix: 10.0.0.7
start time: 1741017696304
local preference: 190
end time: 1741017696305
Time: 1 ms
--------------------------------------------------
received prefix: 10.0.0.7
start time: 1741017696382
local preference: 190
end time: 1741017696383
Time: 1 ms
--------------------------------------------------
received prefix: 10.0.0.7
start time: 1741017696453
local preference: 190
end time: 1741017696455
Time: 2 ms
--------------------------------------------------
received prefix: 10.0.0.7
start time: 1741017696503
local preference: 190
end time: 1741017696505
Time: 2 ms
--------------------------------------------------
received prefix: 10.0.0.8
start time: 1741017696763
local preference: 188
end time: 1741017696763
Time: 0 ms
--------------------------------------------------
received prefix: 10.0.0.8
start time: 1741017696838
local preference: 188
end time: 1741017696840
Time: 2 ms
--------------------------------------------------
received prefix: 10.0.0.8
start time: 1741017696870
local preference: 187
end time: 1741017696871
Time: 1 ms
--------------------------------------------------
received prefix: 10.0.0.8
start time: 1741017696903
local preference: 187
end time: 1741017696905
Time: 2 ms
--------------------------------------------------
received prefix: 10.0.0.8
start time: 1741017696937
local preference: 187
end time: 1741017696938
Time: 1 ms
--------------------------------------------------
received prefix: 10.0.0.8
start time: 1741017696997
local preference: 187
end time: 1741017696997
Time: 0 ms
--------------------------------------------------
received prefix: 10.0.0.8
start time: 1741017697110
local preference: 188
end time: 1741017697111
Time: 1 ms
--------------------------------------------------
received prefix: 10.0.0.8
start time: 1741017697146
local preference: 188
end time: 1741017697147
Time: 1 ms
--------------------------------------------------
received prefix: 10.0.0.6
start time: 1741017697341
local preference: 190
end time: 1741017697343
Time: 2 ms
--------------------------------------------------
received prefix: 10.0.0.6
start time: 1741017697410
local preference: 190
end time: 1741017697410
Time: 0 ms
--------------------------------------------------
received prefix: 10.0.0.6
start time: 1741017697473
local preference: 190
end time: 1741017697474
Time: 1 ms
--------------------------------------------------
received prefix: 10.0.0.6
start time: 1741017697543
local preference: 190
end time: 1741017697544
Time: 1 ms
--------------------------------------------------
received prefix: 10.0.0.6
start time: 1741017697607
local preference: 190
end time: 1741017697608
Time: 1 ms
--------------------------------------------------
received prefix: 10.0.0.6
start time: 1741017697667
local preference: 190
end time: 1741017697672
Time: 5 ms
--------------------------------------------------
received prefix: 10.0.0.6
start time: 1741017697737
local preference: 190
end time: 1741017697739
Time: 2 ms
--------------------------------------------------
received prefix: 10.0.0.6
start time: 1741017697778
local preference: 190
end time: 1741017697780
Time: 2 ms
--------------------------------------------------
received prefix: 10.0.0.1
start time: 1741017698060
local preference: 189
end time: 1741017698060
Time: 0 ms
--------------------------------------------------
received prefix: 10.0.0.1
start time: 1741017698134
local preference: 189
end time: 1741017698136
Time: 2 ms
--------------------------------------------------
received prefix: 10.0.0.1
start time: 1741017698174
local preference: 189
end time: 1741017698175
Time: 1 ms
--------------------------------------------------
received prefix: 10.0.0.1
start time: 1741017698222
local preference: 188
end time: 1741017698223
Time: 1 ms
--------------------------------------------------
received prefix: 10.0.0.1
start time: 1741017698262
local preference: 188
end time: 1741017698263
Time: 1 ms
--------------------------------------------------
received prefix: 10.0.0.1
start time: 1741017698291
local preference: 188
end time: 1741017698292
Time: 1 ms
--------------------------------------------------
received prefix: 10.0.0.1
start time: 1741017698332
local preference: 189
end time: 1741017698333
Time: 1 ms
--------------------------------------------------
received prefix: 10.0.0.1
start time: 1741017698412
local preference: 189
end time: 1741017698413
Time: 1 ms
--------------------------------------------------
received prefix: 10.0.0.2
start time: 1741017698652
local preference: 189
end time: 1741017698653
Time: 1 ms
--------------------------------------------------
received prefix: 10.0.0.2
start time: 1741017698721
local preference: 189
end time: 1741017698722
Time: 1 ms
--------------------------------------------------
received prefix: 10.0.0.2
start time: 1741017698786
local preference: 189
end time: 1741017698787
Time: 1 ms
--------------------------------------------------
received prefix: 10.0.0.2
start time: 1741017698845
local preference: 189
end time: 1741017698845
Time: 0 ms
--------------------------------------------------
received prefix: 10.0.0.2
start time: 1741017698911
local preference: 189
end time: 1741017698911
Time: 0 ms
--------------------------------------------------
received prefix: 10.0.0.2
start time: 1741017698971
local preference: 188
end time: 1741017698974
Time: 3 ms
--------------------------------------------------
received prefix: 10.0.0.2
start time: 1741017699047
local preference: 189
end time: 1741017699049
Time: 2 ms
--------------------------------------------------
received prefix: 10.0.0.2
start time: 1741017699079
local preference: 189
end time: 1741017699079
Time: 0 ms
--------------------------------------------------
received prefix: 10.0.0.3
start time: 1741017699297
local preference: 187
end time: 1741017699297
Time: 0 ms
--------------------------------------------------
received prefix: 10.0.0.3
start time: 1741017699353
local preference: 187
end time: 1741017699354
Time: 1 ms
--------------------------------------------------
received prefix: 10.0.0.3
start time: 1741017699423
local preference: 187
end time: 1741017699423
Time: 0 ms
--------------------------------------------------
received prefix: 10.0.0.3
start time: 1741017699498
local preference: 187
end time: 1741017699498
Time: 0 ms
--------------------------------------------------
received prefix: 10.0.0.3
start time: 1741017699578
local preference: 187
end time: 1741017699579
Time: 1 ms
--------------------------------------------------
received prefix: 10.0.0.3
start time: 1741017699621
local preference: 187
end time: 1741017699625
Time: 4 ms
--------------------------------------------------
received prefix: 10.0.0.3
start time: 1741017699697
local preference: 187
end time: 1741017699698
Time: 1 ms
--------------------------------------------------
received prefix: 10.0.0.3
start time: 1741017699739
local preference: 187
end time: 1741017699741
Time: 2 ms
--------------------------------------------------
received prefix: 10.0.0.4
start time: 1741017700027
local preference: 182
end time: 1741017700028
Time: 1 ms
--------------------------------------------------
received prefix: 10.0.0.4
start time: 1741017700075
local preference: 182
end time: 1741017700078
Time: 3 ms
--------------------------------------------------
received prefix: 10.0.0.4
start time: 1741017700124
local preference: 182
end time: 1741017700125
Time: 1 ms
--------------------------------------------------
received prefix: 10.0.0.4
start time: 1741017700176
local preference: 182
end time: 1741017700176
Time: 0 ms
--------------------------------------------------
received prefix: 10.0.0.4
start time: 1741017700232
local preference: 182
end time: 1741017700233
Time: 1 ms
--------------------------------------------------
received prefix: 10.0.0.4
start time: 1741017700289
local preference: 182
end time: 1741017700290
Time: 1 ms
--------------------------------------------------
received prefix: 10.0.0.4
start time: 1741017700362
local preference: 182
end time: 1741017700363
Time: 1 ms
--------------------------------------------------
received prefix: 10.0.0.4
start time: 1741017700375
local preference: 182
end time: 1741017700377
Time: 2 ms
--------------------------------------------------
received prefix: 10.0.0.5
start time: 1741017700601
local preference: 188
end time: 1741017700602
Time: 1 ms
--------------------------------------------------
received prefix: 10.0.0.5
start time: 1741017700700
local preference: 188
end time: 1741017700701
Time: 1 ms
--------------------------------------------------
received prefix: 10.0.0.5
start time: 1741017700762
local preference: 188
end time: 1741017700762
Time: 0 ms
--------------------------------------------------
received prefix: 10.0.0.5
start time: 1741017700793
local preference: 188
end time: 1741017700794
Time: 1 ms
--------------------------------------------------
received prefix: 10.0.0.5
start time: 1741017700886
local preference: 188
end time: 1741017700887
Time: 1 ms
--------------------------------------------------
received prefix: 10.0.0.5
start time: 1741017700891
local preference: 188
end time: 1741017700891
Time: 0 ms
--------------------------------------------------
received prefix: 10.0.0.5
start time: 1741017700987
local preference: 188
end time: 1741017700988
Time: 1 ms
--------------------------------------------------
received prefix: 10.0.0.5
start time: 1741017701041
local preference: 188
end time: 1741017701042
Time: 1 ms
--------------------------------------------------
received prefix: 10.0.0.9
start time: 1741017701308
local preference: 190
end time: 1741017701309
Time: 1 ms
--------------------------------------------------
received prefix: 10.0.0.9
start time: 1741017701412
local preference: 190
end time: 1741017701414
Time: 2 ms
--------------------------------------------------
received prefix: 10.0.0.9
start time: 1741017701454
local preference: 190
end time: 1741017701454
Time: 0 ms
--------------------------------------------------
received prefix: 10.0.0.9
start time: 1741017701493
local preference: 190
end time: 1741017701494
Time: 1 ms
--------------------------------------------------
received prefix: 10.0.0.9
start time: 1741017701578
local preference: 190
end time: 1741017701579
Time: 1 ms
--------------------------------------------------
received prefix: 10.0.0.9
start time: 1741017701583
local preference: 190
end time: 1741017701584
Time: 1 ms
--------------------------------------------------
received prefix: 10.0.0.9
start time: 1741017701664
local preference: 190
end time: 1741017701665
Time: 1 ms
--------------------------------------------------
received prefix: 10.0.0.9
start time: 1741017701730
local preference: 190
end time: 1741017701731
Time: 1 ms
--------------------------------------------------
received prefix: 10.0.0.10
start time: 1741017701979
local preference: 190
end time: 1741017701980
Time: 1 ms
--------------------------------------------------
received prefix: 10.0.0.10
start time: 1741017702027
local preference: 190
end time: 1741017702028
Time: 1 ms
--------------------------------------------------
received prefix: 10.0.0.10
start time: 1741017702095
local preference: 190
end time: 1741017702096
Time: 1 ms
--------------------------------------------------
received prefix: 10.0.0.10
start time: 1741017702100
local preference: 189
end time: 1741017702101
Time: 1 ms
--------------------------------------------------
received prefix: 10.0.0.10
start time: 1741017702143
local preference: 189
end time: 1741017702144
Time: 1 ms
--------------------------------------------------
received prefix: 10.0.0.10
start time: 1741017702210
local preference: 189
end time: 1741017702210
Time: 0 ms
--------------------------------------------------
received prefix: 10.0.0.10
start time: 1741017702284
local preference: 190
end time: 1741017702285
Time: 1 ms
--------------------------------------------------
received prefix: 10.0.0.10
start time: 1741017702333
local preference: 190
end time: 1741017702333
Time: 0 ms
--------------------------------------------------
received prefix: 10.0.0.15
start time: 1741017702558
local preference: 188
end time: 1741017702559
Time: 1 ms
--------------------------------------------------
received prefix: 10.0.0.15
start time: 1741017702621
local preference: 188
end time: 1741017702622
Time: 1 ms
--------------------------------------------------
received prefix: 10.0.0.15
start time: 1741017702655
local preference: 188
end time: 1741017702655
Time: 0 ms
--------------------------------------------------
received prefix: 10.0.0.15
start time: 1741017702701
local preference: 188
end time: 1741017702702
Time: 1 ms
--------------------------------------------------
received prefix: 10.0.0.15
start time: 1741017702785
local preference: 188
end time: 1741017702785
Time: 0 ms
--------------------------------------------------
received prefix: 10.0.0.15
start time: 1741017702837
local preference: 187
end time: 1741017702841
Time: 4 ms
--------------------------------------------------
received prefix: 10.0.0.15
start time: 1741017702898
local preference: 188
end time: 1741017702899
Time: 1 ms
--------------------------------------------------
received prefix: 10.0.0.15
start time: 1741017702961
local preference: 188
end time: 1741017702962
Time: 1 ms
--------------------------------------------------
received prefix: 10.0.0.16
start time: 1741017703133
local preference: 191
end time: 1741017703133
Time: 0 ms
--------------------------------------------------
received prefix: 10.0.0.16
start time: 1741017703181
local preference: 191
end time: 1741017703181
Time: 0 ms
--------------------------------------------------
received prefix: 10.0.0.16
start time: 1741017703249
local preference: 191
end time: 1741017703250
Time: 1 ms
--------------------------------------------------
received prefix: 10.0.0.16
start time: 1741017703310
local preference: 191
end time: 1741017703311
Time: 1 ms
--------------------------------------------------
received prefix: 10.0.0.16
start time: 1741017703359
local preference: 190
end time: 1741017703361
Time: 2 ms
--------------------------------------------------
received prefix: 10.0.0.16
start time: 1741017703424
local preference: 190
end time: 1741017703426
Time: 2 ms
--------------------------------------------------
received prefix: 10.0.0.16
start time: 1741017703500
local preference: 191
end time: 1741017703502
Time: 2 ms
--------------------------------------------------
received prefix: 10.0.0.16
start time: 1741017703597
local preference: 191
end time: 1741017703598
Time: 1 ms
--------------------------------------------------
received prefix: 10.0.0.17
start time: 1741017703799
local preference: 189
end time: 1741017703800
Time: 1 ms
--------------------------------------------------
received prefix: 10.0.0.17
start time: 1741017703856
local preference: 189
end time: 1741017703856
Time: 0 ms
--------------------------------------------------
received prefix: 10.0.0.17
start time: 1741017703929
local preference: 188
end time: 1741017703929
Time: 0 ms
--------------------------------------------------
received prefix: 10.0.0.17
start time: 1741017703935
local preference: 188
end time: 1741017703935
Time: 0 ms
--------------------------------------------------
received prefix: 10.0.0.17
start time: 1741017704007
local preference: 188
end time: 1741017704008
Time: 1 ms
--------------------------------------------------
received prefix: 10.0.0.17
start time: 1741017704071
local preference: 188
end time: 1741017704071
Time: 0 ms
--------------------------------------------------
received prefix: 10.0.0.17
start time: 1741017704133
local preference: 189
end time: 1741017704133
Time: 0 ms
--------------------------------------------------
received prefix: 10.0.0.17
start time: 1741017704199
local preference: 189
end time: 1741017704202
Time: 3 ms
--------------------------------------------------
received prefix: 10.0.0.18
start time: 1741017704502
local preference: 191
end time: 1741017704502
Time: 0 ms
--------------------------------------------------
received prefix: 10.0.0.18
start time: 1741017704608
local preference: 191
end time: 1741017704609
Time: 1 ms
--------------------------------------------------
received prefix: 10.0.0.18
start time: 1741017704651
local preference: 191
end time: 1741017704655
Time: 4 ms
--------------------------------------------------
received prefix: 10.0.0.18
start time: 1741017704694
local preference: 191
end time: 1741017704695
Time: 1 ms
--------------------------------------------------
received prefix: 10.0.0.18
start time: 1741017704768
local preference: 191
end time: 1741017704769
Time: 1 ms
--------------------------------------------------
received prefix: 10.0.0.18
start time: 1741017704854
local preference: 190
end time: 1741017704855
Time: 1 ms
--------------------------------------------------
received prefix: 10.0.0.18
start time: 1741017704942
local preference: 191
end time: 1741017704945
Time: 3 ms
--------------------------------------------------
received prefix: 10.0.0.18
start time: 1741017705007
local preference: 191
end time: 1741017705008
Time: 1 ms
--------------------------------------------------
received prefix: 10.0.0.19
start time: 1741017705259
local preference: 191
end time: 1741017705260
Time: 1 ms
--------------------------------------------------
received prefix: 10.0.0.19
start time: 1741017705308
local preference: 190
end time: 1741017705309
Time: 1 ms
--------------------------------------------------
received prefix: 10.0.0.19
start time: 1741017705356
local preference: 190
end time: 1741017705357
Time: 1 ms
--------------------------------------------------
received prefix: 10.0.0.19
start time: 1741017705385
local preference: 190
end time: 1741017705385
Time: 0 ms
--------------------------------------------------
received prefix: 10.0.0.19
start time: 1741017705433
local preference: 190
end time: 1741017705434
Time: 1 ms
--------------------------------------------------
received prefix: 10.0.0.19
start time: 1741017705499
local preference: 190
end time: 1741017705500
Time: 1 ms
--------------------------------------------------
received prefix: 10.0.0.19
start time: 1741017705587
local preference: 191
end time: 1741017705588
Time: 1 ms
--------------------------------------------------
received prefix: 10.0.0.19
start time: 1741017705628
local preference: 190
end time: 1741017705629
Time: 1 ms
--------------------------------------------------
received prefix: 10.0.0.23
start time: 1741017706075
local preference: 190
end time: 1741017706075
Time: 0 ms
--------------------------------------------------
received prefix: 10.0.0.23
start time: 1741017706152
local preference: 190
end time: 1741017706154
Time: 2 ms
--------------------------------------------------
received prefix: 10.0.0.23
start time: 1741017706211
local preference: 190
end time: 1741017706213
Time: 2 ms
--------------------------------------------------
received prefix: 10.0.0.23
start time: 1741017706267
local preference: 190
end time: 1741017706268
Time: 1 ms
--------------------------------------------------
received prefix: 10.0.0.23
start time: 1741017706369
local preference: 189
end time: 1741017706371
Time: 2 ms
--------------------------------------------------
received prefix: 10.0.0.23
start time: 1741017706414
local preference: 189
end time: 1741017706416
Time: 2 ms
--------------------------------------------------
received prefix: 10.0.0.23
start time: 1741017706485
local preference: 190
end time: 1741017706486
Time: 1 ms
--------------------------------------------------
received prefix: 10.0.0.23
start time: 1741017706528
local preference: 190
end time: 1741017706530
Time: 2 ms
--------------------------------------------------
received prefix: 10.0.0.24
start time: 1741017706868
local preference: 190
end time: 1741017706868
Time: 0 ms
--------------------------------------------------
received prefix: 10.0.0.24
start time: 1741017706933
local preference: 190
end time: 1741017706933
Time: 0 ms
--------------------------------------------------
received prefix: 10.0.0.24
start time: 1741017707013
local preference: 190
end time: 1741017707014
Time: 1 ms
--------------------------------------------------
received prefix: 10.0.0.24
start time: 1741017707057
local preference: 190
end time: 1741017707057
Time: 0 ms
--------------------------------------------------
received prefix: 10.0.0.24
start time: 1741017707112
local preference: 189
end time: 1741017707113
Time: 1 ms
--------------------------------------------------
received prefix: 10.0.0.24
start time: 1741017707185
local preference: 189
end time: 1741017707186
Time: 1 ms
--------------------------------------------------
received prefix: 10.0.0.24
start time: 1741017707258
local preference: 190
end time: 1741017707259
Time: 1 ms
--------------------------------------------------
received prefix: 10.0.0.24
start time: 1741017707322
local preference: 190
end time: 1741017707323
Time: 1 ms
--------------------------------------------------
received prefix: 10.0.0.25
start time: 1741017707695
local preference: 182
end time: 1741017707696
Time: 1 ms
--------------------------------------------------
received prefix: 10.0.0.25
start time: 1741017707777
local preference: 182
end time: 1741017707780
Time: 3 ms
--------------------------------------------------
received prefix: 10.0.0.25
start time: 1741017707813
local preference: 182
end time: 1741017707813
Time: 0 ms
--------------------------------------------------
received prefix: 10.0.0.25
start time: 1741017707876
local preference: 182
end time: 1741017707876
Time: 0 ms
--------------------------------------------------
received prefix: 10.0.0.25
start time: 1741017707944
local preference: 182
end time: 1741017707945
Time: 1 ms
--------------------------------------------------
received prefix: 10.0.0.25
start time: 1741017708001
local preference: 182
end time: 1741017708002
Time: 1 ms
--------------------------------------------------
received prefix: 10.0.0.25
start time: 1741017708064
local preference: 182
end time: 1741017708065
Time: 1 ms
--------------------------------------------------
received prefix: 10.0.0.25
start time: 1741017708079
local preference: 182
end time: 1741017708082
Time: 3 ms
--------------------------------------------------
received prefix: 10.0.0.26
start time: 1741017713327
local preference: 184
end time: 1741017713328
Time: 1 ms
--------------------------------------------------
received prefix: 10.0.0.25
start time: 1741017714229
local preference: 182
end time: 1741017714230
Time: 1 ms
--------------------------------------------------
received prefix: 10.0.0.21
start time: 1741017715155
local preference: 188
end time: 1741017715157
Time: 2 ms
--------------------------------------------------
received prefix: 10.0.0.22
start time: 1741017715968
local preference: 186
end time: 1741017715969
Time: 1 ms
--------------------------------------------------
received prefix: 10.0.0.20
start time: 1741017716878
local preference: 186
end time: 1741017716881
Time: 3 ms
--------------------------------------------------
received prefix: 10.0.0.13
start time: 1741017717669
local preference: 188
end time: 1741017717669
Time: 0 ms
--------------------------------------------------
received prefix: 10.0.0.14
start time: 1741017718508
local preference: 187
end time: 1741017718510
Time: 2 ms
--------------------------------------------------
received prefix: 10.0.0.11
start time: 1741017719383
local preference: 186
end time: 1741017719385
Time: 2 ms
--------------------------------------------------
received prefix: 10.0.0.7
start time: 1741017720330
local preference: 189
end time: 1741017720331
Time: 1 ms
--------------------------------------------------
received prefix: 10.0.0.8
start time: 1741017721287
local preference: 186
end time: 1741017721288
Time: 1 ms
--------------------------------------------------
received prefix: 10.0.0.6
start time: 1741017722198
local preference: 189
end time: 1741017722198
Time: 0 ms
--------------------------------------------------
received prefix: 10.0.0.1
start time: 1741017722960
local preference: 187
end time: 1741017722960
Time: 0 ms
--------------------------------------------------
received prefix: 10.0.0.2
start time: 1741017723852
local preference: 187
end time: 1741017723854
Time: 2 ms
--------------------------------------------------
received prefix: 10.0.0.3
start time: 1741017724755
local preference: 186
end time: 1741017724757
Time: 2 ms
--------------------------------------------------
received prefix: 10.0.0.4
start time: 1741017725658
local preference: 180
end time: 1741017725658
Time: 0 ms
--------------------------------------------------
received prefix: 10.0.0.5
start time: 1741017726463
local preference: 187
end time: 1741017726464
Time: 1 ms
--------------------------------------------------
received prefix: 10.0.0.9
start time: 1741017727355
local preference: 189
end time: 1741017727356
Time: 1 ms
--------------------------------------------------
received prefix: 10.0.0.10
start time: 1741017728302
local preference: 188
end time: 1741017728306
Time: 4 ms
--------------------------------------------------
received prefix: 10.0.0.15
start time: 1741017729235
local preference: 186
end time: 1741017729236
Time: 1 ms
--------------------------------------------------
received prefix: 10.0.0.16
start time: 1741017730163
local preference: 189
end time: 1741017730164
Time: 1 ms
--------------------------------------------------
received prefix: 10.0.0.17
start time: 1741017731028
local preference: 187
end time: 1741017731029
Time: 1 ms
--------------------------------------------------
received prefix: 10.0.0.18
start time: 1741017731978
local preference: 189
end time: 1741017731978
Time: 0 ms
--------------------------------------------------
received prefix: 10.0.0.19
start time: 1741017732894
local preference: 189
end time: 1741017732895
Time: 1 ms
--------------------------------------------------
received prefix: 10.0.0.23
start time: 1741017733777
local preference: 188
end time: 1741017733778
Time: 1 ms
--------------------------------------------------
received prefix: 10.0.0.24
start time: 1741017734649
local preference: 188
end time: 1741017734650
Time: 1 ms
--------------------------------------------------
received prefix: 10.0.0.22
start time: 1741017808589
local preference: 188
end time: 1741017808590
Time: 1 ms
--------------------------------------------------
received prefix: 10.0.0.21
start time: 1741017809148
local preference: 189
end time: 1741017809149
Time: 1 ms
--------------------------------------------------
received prefix: 10.0.0.12
start time: 1741017809304
local preference: 189
end time: 1741017809305
Time: 1 ms
--------------------------------------------------
received prefix: 10.0.0.32
start time: 1741017809493
local preference: 188
end time: 1741017809494
Time: 1 ms
--------------------------------------------------
received prefix: 10.0.0.26
start time: 1741017809666
local preference: 184
end time: 1741017809667
Time: 1 ms
--------------------------------------------------
received prefix: 10.0.0.25
start time: 1741017809862
local preference: 184
end time: 1741017809864
Time: 2 ms
--------------------------------------------------
received prefix: 10.0.0.23
start time: 1741017810065
local preference: 190
end time: 1741017810066
Time: 1 ms
--------------------------------------------------
received prefix: 10.0.0.24
start time: 1741017810245
local preference: 190
end time: 1741017810250
Time: 5 ms
--------------------------------------------------
received prefix: 10.0.0.27
start time: 1741017810403
local preference: 184
end time: 1741017810403
Time: 0 ms
--------------------------------------------------
received prefix: 10.0.0.28
start time: 1741017810581
local preference: 185
end time: 1741017810581
Time: 0 ms
--------------------------------------------------
received prefix: 10.0.0.29
start time: 1741017810754
local preference: 186
end time: 1741017810755
Time: 1 ms
--------------------------------------------------
received prefix: 10.0.0.30
start time: 1741017810971
local preference: 188
end time: 1741017810972
Time: 1 ms
--------------------------------------------------
received prefix: 10.0.0.31
start time: 1741017811165
local preference: 188
end time: 1741017811166
Time: 1 ms
--------------------------------------------------
received prefix: 10.0.0.12
start time: 1741017812361
local preference: 189
end time: 1741017812362
Time: 1 ms
--------------------------------------------------
received prefix: 10.0.0.12
start time: 1741017812430
local preference: 189
end time: 1741017812432
Time: 2 ms
--------------------------------------------------
received prefix: 10.0.0.12
start time: 1741017812486
local preference: 189
end time: 1741017812486
Time: 0 ms
--------------------------------------------------
received prefix: 10.0.0.12
start time: 1741017812565
local preference: 189
end time: 1741017812566
Time: 1 ms
--------------------------------------------------
received prefix: 10.0.0.12
start time: 1741017812628
local preference: 189
end time: 1741017812629
Time: 1 ms
--------------------------------------------------
received prefix: 10.0.0.12
start time: 1741017812633
local preference: 189
end time: 1741017812634
Time: 1 ms
--------------------------------------------------
received prefix: 10.0.0.12
start time: 1741017812690
local preference: 189
end time: 1741017812692
Time: 2 ms
--------------------------------------------------
received prefix: 10.0.0.12
start time: 1741017812751
local preference: 189
end time: 1741017812753
Time: 2 ms
--------------------------------------------------
received prefix: 10.0.0.32
start time: 1741017813018
local preference: 188
end time: 1741017813020
Time: 2 ms
--------------------------------------------------
received prefix: 10.0.0.32
start time: 1741017813091
local preference: 188
end time: 1741017813092
Time: 1 ms
--------------------------------------------------
received prefix: 10.0.0.32
start time: 1741017813166
local preference: 187
end time: 1741017813167
Time: 1 ms
--------------------------------------------------
received prefix: 10.0.0.32
start time: 1741017813196
local preference: 187
end time: 1741017813196
Time: 0 ms
--------------------------------------------------
received prefix: 10.0.0.32
start time: 1741017813242
local preference: 187
end time: 1741017813243
Time: 1 ms
--------------------------------------------------
received prefix: 10.0.0.32
start time: 1741017813261
local preference: 187
end time: 1741017813262
Time: 1 ms
--------------------------------------------------
received prefix: 10.0.0.32
start time: 1741017813308
local preference: 188
end time: 1741017813309
Time: 1 ms
--------------------------------------------------
received prefix: 10.0.0.32
start time: 1741017813354
local preference: 188
end time: 1741017813357
Time: 3 ms
--------------------------------------------------
received prefix: 10.0.0.26
start time: 1741017813643
local preference: 183
end time: 1741017813646
Time: 3 ms
--------------------------------------------------
received prefix: 10.0.0.26
start time: 1741017813696
local preference: 183
end time: 1741017813698
Time: 2 ms
--------------------------------------------------
received prefix: 10.0.0.26
start time: 1741017813764
local preference: 183
end time: 1741017813765
Time: 1 ms
--------------------------------------------------
received prefix: 10.0.0.26
start time: 1741017813800
local preference: 183
end time: 1741017813800
Time: 0 ms
--------------------------------------------------
received prefix: 10.0.0.26
start time: 1741017813833
local preference: 183
end time: 1741017813836
Time: 3 ms
--------------------------------------------------
received prefix: 10.0.0.26
start time: 1741017813867
local preference: 183
end time: 1741017813868
Time: 1 ms
--------------------------------------------------
received prefix: 10.0.0.26
start time: 1741017813958
local preference: 183
end time: 1741017813959
Time: 1 ms
--------------------------------------------------
received prefix: 10.0.0.27
start time: 1741017814147
local preference: 184
end time: 1741017814148
Time: 1 ms
--------------------------------------------------
received prefix: 10.0.0.27
start time: 1741017814201
local preference: 184
end time: 1741017814201
Time: 0 ms
--------------------------------------------------
received prefix: 10.0.0.27
start time: 1741017814269
local preference: 184
end time: 1741017814270
Time: 1 ms
--------------------------------------------------
received prefix: 10.0.0.27
start time: 1741017814315
local preference: 183
end time: 1741017814318
Time: 3 ms
--------------------------------------------------
received prefix: 10.0.0.27
start time: 1741017814367
local preference: 183
end time: 1741017814368
Time: 1 ms
--------------------------------------------------
received prefix: 10.0.0.27
start time: 1741017814443
local preference: 183
end time: 1741017814444
Time: 1 ms
--------------------------------------------------
received prefix: 10.0.0.27
start time: 1741017814526
local preference: 184
end time: 1741017814527
Time: 1 ms
--------------------------------------------------
received prefix: 10.0.0.27
start time: 1741017814585
local preference: 184
end time: 1741017814587
Time: 2 ms
--------------------------------------------------
received prefix: 10.0.0.28
start time: 1741017814849
local preference: 185
end time: 1741017814850
Time: 1 ms
--------------------------------------------------
received prefix: 10.0.0.28
start time: 1741017814908
local preference: 185
end time: 1741017814909
Time: 1 ms
--------------------------------------------------
received prefix: 10.0.0.28
start time: 1741017814979
local preference: 185
end time: 1741017814979
Time: 0 ms
--------------------------------------------------
received prefix: 10.0.0.28
start time: 1741017815015
local preference: 184
end time: 1741017815016
Time: 1 ms
--------------------------------------------------
received prefix: 10.0.0.28
start time: 1741017815091
local preference: 184
end time: 1741017815092
Time: 1 ms
--------------------------------------------------
received prefix: 10.0.0.28
start time: 1741017815142
local preference: 184
end time: 1741017815143
Time: 1 ms
--------------------------------------------------
received prefix: 10.0.0.28
start time: 1741017815236
local preference: 185
end time: 1741017815236
Time: 0 ms
--------------------------------------------------
received prefix: 10.0.0.28
start time: 1741017815311
local preference: 185
end time: 1741017815315
Time: 4 ms
--------------------------------------------------
received prefix: 10.0.0.29
start time: 1741017815598
local preference: 186
end time: 1741017815599
Time: 1 ms
--------------------------------------------------
received prefix: 10.0.0.29
start time: 1741017815682
local preference: 186
end time: 1741017815683
Time: 1 ms
--------------------------------------------------
received prefix: 10.0.0.29
start time: 1741017815746
local preference: 186
end time: 1741017815747
Time: 1 ms
--------------------------------------------------
received prefix: 10.0.0.29
start time: 1741017815827
local preference: 186
end time: 1741017815829
Time: 2 ms
--------------------------------------------------
received prefix: 10.0.0.29
start time: 1741017815903
local preference: 186
end time: 1741017815905
Time: 2 ms
--------------------------------------------------
received prefix: 10.0.0.29
start time: 1741017815949
local preference: 186
end time: 1741017815949
Time: 0 ms
--------------------------------------------------
received prefix: 10.0.0.29
start time: 1741017816064
local preference: 186
end time: 1741017816068
Time: 4 ms
--------------------------------------------------
received prefix: 10.0.0.29
start time: 1741017816138
local preference: 186
end time: 1741017816138
Time: 0 ms
--------------------------------------------------
received prefix: 10.0.0.30
start time: 1741017816368
local preference: 188
end time: 1741017816369
Time: 1 ms
--------------------------------------------------
received prefix: 10.0.0.30
start time: 1741017816448
local preference: 188
end time: 1741017816449
Time: 1 ms
--------------------------------------------------
received prefix: 10.0.0.30
start time: 1741017816541
local preference: 187
end time: 1741017816542
Time: 1 ms
--------------------------------------------------
received prefix: 10.0.0.30
start time: 1741017816570
local preference: 187
end time: 1741017816571
Time: 1 ms
--------------------------------------------------
received prefix: 10.0.0.30
start time: 1741017816662
local preference: 187
end time: 1741017816666
Time: 4 ms
--------------------------------------------------
received prefix: 10.0.0.30
start time: 1741017816736
local preference: 187
end time: 1741017816739
Time: 3 ms
--------------------------------------------------
received prefix: 10.0.0.30
start time: 1741017816817
local preference: 188
end time: 1741017816818
Time: 1 ms
--------------------------------------------------
received prefix: 10.0.0.30
start time: 1741017816873
local preference: 188
end time: 1741017816877
Time: 4 ms
--------------------------------------------------
received prefix: 10.0.0.31
start time: 1741017817063
local preference: 188
end time: 1741017817064
Time: 1 ms
--------------------------------------------------
received prefix: 10.0.0.31
start time: 1741017817144
local preference: 188
end time: 1741017817144
Time: 0 ms
--------------------------------------------------
received prefix: 10.0.0.31
start time: 1741017817221
local preference: 187
end time: 1741017817221
Time: 0 ms
--------------------------------------------------
received prefix: 10.0.0.31
start time: 1741017817279
local preference: 187
end time: 1741017817282
Time: 3 ms
--------------------------------------------------
received prefix: 10.0.0.31
start time: 1741017817332
local preference: 187
end time: 1741017817334
Time: 2 ms
--------------------------------------------------
received prefix: 10.0.0.31
start time: 1741017817401
local preference: 187
end time: 1741017817401
Time: 0 ms
--------------------------------------------------
received prefix: 10.0.0.31
start time: 1741017817479
local preference: 188
end time: 1741017817480
Time: 1 ms
--------------------------------------------------
received prefix: 10.0.0.31
start time: 1741017817566
local preference: 188
end time: 1741017817568
Time: 2 ms
--------------------------------------------------
received prefix: 10.0.0.26
start time: 1741017818371
local preference: 184
end time: 1741017818375
Time: 4 ms
--------------------------------------------------
received prefix: 10.0.0.26
start time: 1741017818443
local preference: 184
end time: 1741017818444
Time: 1 ms
--------------------------------------------------
received prefix: 10.0.0.26
start time: 1741017818524
local preference: 184
end time: 1741017818525
Time: 1 ms
--------------------------------------------------
received prefix: 10.0.0.26
start time: 1741017818532
local preference: 184
end time: 1741017818533
Time: 1 ms
--------------------------------------------------
received prefix: 10.0.0.1
start time: 1741017820534
local preference: 189
end time: 1741017820535
Time: 1 ms
--------------------------------------------------
received prefix: 10.0.0.2
start time: 1741017821016
local preference: 189
end time: 1741017821020
Time: 4 ms
--------------------------------------------------
received prefix: 10.0.0.3
start time: 1741017821488
local preference: 187
end time: 1741017821488
Time: 0 ms
--------------------------------------------------
received prefix: 10.0.0.27
start time: 1741017821668
local preference: 184
end time: 1741017821669
Time: 1 ms
--------------------------------------------------
received prefix: 10.0.0.28
start time: 1741017821812
local preference: 180
end time: 1741017821814
Time: 2 ms
--------------------------------------------------
received prefix: 10.0.0.29
start time: 1741017822014
local preference: 186
end time: 1741017822016
Time: 2 ms
--------------------------------------------------
received prefix: 10.0.0.30
start time: 1741017822165
local preference: 189
end time: 1741017822165
Time: 0 ms
--------------------------------------------------
received prefix: 10.0.0.31
start time: 1741017822330
local preference: 188
end time: 1741017822330
Time: 0 ms
--------------------------------------------------
received prefix: 10.0.0.32
start time: 1741017822497
local preference: 188
end time: 1741017822498
Time: 1 ms
--------------------------------------------------
received prefix: 10.0.0.12
start time: 1741017823396
local preference: 187
end time: 1741017823396
Time: 0 ms
--------------------------------------------------
received prefix: 10.0.0.25
start time: 1741017858159
local preference: 184
end time: 1741017858161
Time: 2 ms
--------------------------------------------------
received prefix: 10.0.0.23
start time: 1741017858645
local preference: 190
end time: 1741017858646
Time: 1 ms
--------------------------------------------------
received prefix: 10.0.0.24
start time: 1741017859268
local preference: 190
end time: 1741017859269
Time: 1 ms
--------------------------------------------------
received prefix: 10.0.0.26
start time: 1741017859594
local preference: 182
end time: 1741017859595
Time: 1 ms
--------------------------------------------------
received prefix: 10.0.0.26
start time: 1741017859650
local preference: 182
end time: 1741017859653
Time: 3 ms
--------------------------------------------------
received prefix: 10.0.0.26
start time: 1741017859709
local preference: 182
end time: 1741017859709
Time: 0 ms
--------------------------------------------------
received prefix: 10.0.0.26
start time: 1741017859772
local preference: 182
end time: 1741017859773
Time: 1 ms
--------------------------------------------------
received prefix: 10.0.0.26
start time: 1741017859983
local preference: 182
end time: 1741017859984
Time: 1 ms
--------------------------------------------------
received prefix: 10.0.0.26
start time: 1741017860025
local preference: 182
end time: 1741017860026
Time: 1 ms
--------------------------------------------------
received prefix: 10.0.0.26
start time: 1741017860079
local preference: 182
end time: 1741017860081
Time: 2 ms
--------------------------------------------------
received prefix: 10.0.0.26
start time: 1741017860117
local preference: 182
end time: 1741017860117
Time: 0 ms
--------------------------------------------------
received prefix: 10.0.0.26
start time: 1741017860394
local preference: 182
end time: 1741017860395
Time: 1 ms
--------------------------------------------------
received prefix: 10.0.0.26
start time: 1741017860437
local preference: 182
end time: 1741017860439
Time: 2 ms
--------------------------------------------------
received prefix: 10.0.0.26
start time: 1741017860515
local preference: 182
end time: 1741017860518
Time: 3 ms
--------------------------------------------------
received prefix: 10.0.0.26
start time: 1741017860525
local preference: 182
end time: 1741017860526
Time: 1 ms
--------------------------------------------------
received prefix: 10.0.0.26
start time: 1741017860803
local preference: 182
end time: 1741017860804
Time: 1 ms
--------------------------------------------------
received prefix: 10.0.0.26
start time: 1741017860852
local preference: 182
end time: 1741017860853
Time: 1 ms
--------------------------------------------------
received prefix: 10.0.0.26
start time: 1741017860916
local preference: 182
end time: 1741017860919
Time: 3 ms
--------------------------------------------------
received prefix: 10.0.0.26
start time: 1741017860984
local preference: 182
end time: 1741017860985
Time: 1 ms
--------------------------------------------------
received prefix: 10.0.0.1
start time: 1741017861180
local preference: 190
end time: 1741017861181
Time: 1 ms
--------------------------------------------------
received prefix: 10.0.0.1
start time: 1741017861259
local preference: 190
end time: 1741017861260
Time: 1 ms
--------------------------------------------------
received prefix: 10.0.0.1
start time: 1741017861334
local preference: 189
end time: 1741017861335
Time: 1 ms
--------------------------------------------------
received prefix: 10.0.0.1
start time: 1741017861397
local preference: 189
end time: 1741017861397
Time: 0 ms
--------------------------------------------------
received prefix: 10.0.0.2
start time: 1741017861599
local preference: 190
end time: 1741017861601
Time: 2 ms
--------------------------------------------------
received prefix: 10.0.0.2
start time: 1741017861665
local preference: 190
end time: 1741017861666
Time: 1 ms
--------------------------------------------------
received prefix: 10.0.0.2
start time: 1741017861720
local preference: 189
end time: 1741017861721
Time: 1 ms
--------------------------------------------------
received prefix: 10.0.0.2
start time: 1741017861754
local preference: 189
end time: 1741017861755
Time: 1 ms
--------------------------------------------------
received prefix: 10.0.0.3
start time: 1741017862036
local preference: 188
end time: 1741017862037
Time: 1 ms
--------------------------------------------------
received prefix: 10.0.0.3
start time: 1741017862096
local preference: 188
end time: 1741017862097
Time: 1 ms
--------------------------------------------------
received prefix: 10.0.0.3
start time: 1741017862142
local preference: 188
end time: 1741017862145
Time: 3 ms
--------------------------------------------------
received prefix: 10.0.0.3
start time: 1741017862212
local preference: 187
end time: 1741017862213
Time: 1 ms
--------------------------------------------------
received prefix: 10.0.0.32
start time: 1741017862554
local preference: 188
end time: 1741017862554
Time: 0 ms
--------------------------------------------------
received prefix: 10.0.0.32
start time: 1741017862643
local preference: 188
end time: 1741017862646
Time: 3 ms
--------------------------------------------------
received prefix: 10.0.0.32
start time: 1741017862702
local preference: 188
end time: 1741017862703
Time: 1 ms
--------------------------------------------------
received prefix: 10.0.0.32
start time: 1741017862773
local preference: 188
end time: 1741017862774
Time: 1 ms
--------------------------------------------------
received prefix: 10.0.0.27
start time: 1741017863036
local preference: 185
end time: 1741017863036
Time: 0 ms
--------------------------------------------------
received prefix: 10.0.0.27
start time: 1741017863103
local preference: 185
end time: 1741017863104
Time: 1 ms
--------------------------------------------------
received prefix: 10.0.0.27
start time: 1741017863168
local preference: 184
end time: 1741017863169
Time: 1 ms
--------------------------------------------------
received prefix: 10.0.0.27
start time: 1741017863235
local preference: 184
end time: 1741017863237
Time: 2 ms
--------------------------------------------------
received prefix: 10.0.0.28
start time: 1741017863488
local preference: 186
end time: 1741017863489
Time: 1 ms
--------------------------------------------------
received prefix: 10.0.0.28
start time: 1741017863529
local preference: 186
end time: 1741017863529
Time: 0 ms
--------------------------------------------------
received prefix: 10.0.0.28
start time: 1741017863560
local preference: 185
end time: 1741017863561
Time: 1 ms
--------------------------------------------------
received prefix: 10.0.0.28
start time: 1741017863600
local preference: 185
end time: 1741017863601
Time: 1 ms
--------------------------------------------------
received prefix: 10.0.0.29
start time: 1741017863830
local preference: 187
end time: 1741017863831
Time: 1 ms
--------------------------------------------------
received prefix: 10.0.0.29
start time: 1741017863882
local preference: 187
end time: 1741017863883
Time: 1 ms
--------------------------------------------------
received prefix: 10.0.0.29
start time: 1741017863924
local preference: 187
end time: 1741017863925
Time: 1 ms
--------------------------------------------------
received prefix: 10.0.0.29
start time: 1741017863988
local preference: 187
end time: 1741017863989
Time: 1 ms
--------------------------------------------------
received prefix: 10.0.0.30
start time: 1741017864266
local preference: 188
end time: 1741017864267
Time: 1 ms
--------------------------------------------------
received prefix: 10.0.0.30
start time: 1741017864325
local preference: 188
end time: 1741017864329
Time: 4 ms
--------------------------------------------------
received prefix: 10.0.0.30
start time: 1741017864368
local preference: 188
end time: 1741017864368
Time: 0 ms
--------------------------------------------------
received prefix: 10.0.0.30
start time: 1741017864432
local preference: 188
end time: 1741017864433
Time: 1 ms
--------------------------------------------------
received prefix: 10.0.0.31
start time: 1741017864756
local preference: 188
end time: 1741017864757
Time: 1 ms
--------------------------------------------------
received prefix: 10.0.0.31
start time: 1741017864832
local preference: 188
end time: 1741017864833
Time: 1 ms
--------------------------------------------------
received prefix: 10.0.0.31
start time: 1741017864893
local preference: 188
end time: 1741017864895
Time: 2 ms
--------------------------------------------------
received prefix: 10.0.0.31
start time: 1741017864945
local preference: 188
end time: 1741017864948
Time: 3 ms
--------------------------------------------------
received prefix: 10.0.0.6
start time: 1741017865718
local preference: 190
end time: 1741017865720
Time: 2 ms
--------------------------------------------------
received prefix: 10.0.0.4
start time: 1741017866332
local preference: 182
end time: 1741017866333
Time: 1 ms
--------------------------------------------------
received prefix: 10.0.0.5
start time: 1741017866832
local preference: 188
end time: 1741017866833
Time: 1 ms
--------------------------------------------------
received prefix: 10.0.0.26
start time: 1741017902488
local preference: 183
end time: 1741017902489
Time: 1 ms
--------------------------------------------------
received prefix: 10.0.0.32
start time: 1741017902892
local preference: 186
end time: 1741017902893
Time: 1 ms
--------------------------------------------------
received prefix: 10.0.0.32
start time: 1741017902925
local preference: 186
end time: 1741017902926
Time: 1 ms
--------------------------------------------------
received prefix: 10.0.0.32
start time: 1741017902977
local preference: 186
end time: 1741017902978
Time: 1 ms
--------------------------------------------------
received prefix: 10.0.0.32
start time: 1741017903029
local preference: 186
end time: 1741017903031
Time: 2 ms
--------------------------------------------------
received prefix: 10.0.0.27
start time: 1741017903153
local preference: 182
end time: 1741017903154
Time: 1 ms
--------------------------------------------------
received prefix: 10.0.0.27
start time: 1741017903208
local preference: 182
end time: 1741017903210
Time: 2 ms
--------------------------------------------------
received prefix: 10.0.0.27
start time: 1741017903269
local preference: 182
end time: 1741017903270
Time: 1 ms
--------------------------------------------------
received prefix: 10.0.0.27
start time: 1741017903334
local preference: 182
end time: 1741017903335
Time: 1 ms
--------------------------------------------------
received prefix: 10.0.0.28
start time: 1741017903412
local preference: 183
end time: 1741017903414
Time: 2 ms
--------------------------------------------------
received prefix: 10.0.0.28
start time: 1741017903475
local preference: 183
end time: 1741017903478
Time: 3 ms
--------------------------------------------------
received prefix: 10.0.0.28
start time: 1741017903530
local preference: 183
end time: 1741017903532
Time: 2 ms
--------------------------------------------------
received prefix: 10.0.0.28
start time: 1741017903600
local preference: 183
end time: 1741017903600
Time: 0 ms
--------------------------------------------------
received prefix: 10.0.0.29
start time: 1741017903676
local preference: 185
end time: 1741017903677
Time: 1 ms
--------------------------------------------------
received prefix: 10.0.0.29
start time: 1741017903733
local preference: 184
end time: 1741017903734
Time: 1 ms
--------------------------------------------------
received prefix: 10.0.0.29
start time: 1741017903813
local preference: 184
end time: 1741017903815
Time: 2 ms
--------------------------------------------------
received prefix: 10.0.0.29
start time: 1741017903878
local preference: 185
end time: 1741017903879
Time: 1 ms
--------------------------------------------------
received prefix: 10.0.0.30
start time: 1741017903955
local preference: 186
end time: 1741017903957
Time: 2 ms
--------------------------------------------------
received prefix: 10.0.0.30
start time: 1741017904007
local preference: 186
end time: 1741017904009
Time: 2 ms
--------------------------------------------------
received prefix: 10.0.0.30
start time: 1741017904078
local preference: 186
end time: 1741017904081
Time: 3 ms
--------------------------------------------------
received prefix: 10.0.0.30
start time: 1741017904151
local preference: 186
end time: 1741017904154
Time: 3 ms
--------------------------------------------------
received prefix: 10.0.0.31
start time: 1741017904236
local preference: 186
end time: 1741017904237
Time: 1 ms
--------------------------------------------------
received prefix: 10.0.0.31
start time: 1741017904296
local preference: 186
end time: 1741017904297
Time: 1 ms
--------------------------------------------------
received prefix: 10.0.0.31
start time: 1741017904336
local preference: 186
end time: 1741017904339
Time: 3 ms
--------------------------------------------------
received prefix: 10.0.0.31
start time: 1741017904347
local preference: 186
end time: 1741017904349
Time: 2 ms
--------------------------------------------------
received prefix: 10.0.0.32
start time: 1741017905116
local preference: 186
end time: 1741017905121
Time: 5 ms
--------------------------------------------------
received prefix: 10.0.0.32
start time: 1741017905168
local preference: 186
end time: 1741017905169
Time: 1 ms
--------------------------------------------------
received prefix: 10.0.0.32
start time: 1741017905205
local preference: 186
end time: 1741017905209
Time: 4 ms
--------------------------------------------------
received prefix: 10.0.0.32
start time: 1741017905232
local preference: 186
end time: 1741017905233
Time: 1 ms
--------------------------------------------------
received prefix: 10.0.0.27
start time: 1741017905401
local preference: 182
end time: 1741017905401
Time: 0 ms
--------------------------------------------------
received prefix: 10.0.0.27
start time: 1741017905469
local preference: 182
end time: 1741017905469
Time: 0 ms
--------------------------------------------------
received prefix: 10.0.0.27
start time: 1741017905499
local preference: 182
end time: 1741017905501
Time: 2 ms
--------------------------------------------------
received prefix: 10.0.0.27
start time: 1741017905545
local preference: 182
end time: 1741017905546
Time: 1 ms
--------------------------------------------------
received prefix: 10.0.0.28
start time: 1741017905821
local preference: 183
end time: 1741017905822
Time: 1 ms
--------------------------------------------------
received prefix: 10.0.0.28
start time: 1741017905882
local preference: 183
end time: 1741017905882
Time: 0 ms
--------------------------------------------------
received prefix: 10.0.0.28
start time: 1741017905959
local preference: 183
end time: 1741017905960
Time: 1 ms
--------------------------------------------------
received prefix: 10.0.0.28
start time: 1741017906031
local preference: 183
end time: 1741017906031
Time: 0 ms
--------------------------------------------------
received prefix: 10.0.0.29
start time: 1741017906322
local preference: 185
end time: 1741017906324
Time: 2 ms
--------------------------------------------------
received prefix: 10.0.0.29
start time: 1741017906366
local preference: 184
end time: 1741017906367
Time: 1 ms
--------------------------------------------------
received prefix: 10.0.0.29
start time: 1741017906438
local preference: 184
end time: 1741017906439
Time: 1 ms
--------------------------------------------------
received prefix: 10.0.0.29
start time: 1741017906469
local preference: 185
end time: 1741017906469
Time: 0 ms
--------------------------------------------------
received prefix: 10.0.0.30
start time: 1741017906718
local preference: 186
end time: 1741017906719
Time: 1 ms
--------------------------------------------------
received prefix: 10.0.0.30
start time: 1741017906807
local preference: 186
end time: 1741017906808
Time: 1 ms
--------------------------------------------------
received prefix: 10.0.0.30
start time: 1741017906863
local preference: 186
end time: 1741017906863
Time: 0 ms
--------------------------------------------------
received prefix: 10.0.0.30
start time: 1741017906933
local preference: 186
end time: 1741017906934
Time: 1 ms
--------------------------------------------------
received prefix: 10.0.0.31
start time: 1741017907241
local preference: 186
end time: 1741017907244
Time: 3 ms
--------------------------------------------------
received prefix: 10.0.0.31
start time: 1741017907319
local preference: 186
end time: 1741017907321
Time: 2 ms
--------------------------------------------------
received prefix: 10.0.0.31
start time: 1741017907398
local preference: 186
end time: 1741017907400
Time: 2 ms
--------------------------------------------------
received prefix: 10.0.0.31
start time: 1741017907421
local preference: 186
end time: 1741017907424
Time: 3 ms
--------------------------------------------------
received prefix: 10.0.0.32
start time: 1741017907865
local preference: 186
end time: 1741017907865
Time: 0 ms
--------------------------------------------------
received prefix: 10.0.0.32
start time: 1741017907932
local preference: 186
end time: 1741017907933
Time: 1 ms
--------------------------------------------------
received prefix: 10.0.0.32
start time: 1741017907984
local preference: 186
end time: 1741017907987
Time: 3 ms
--------------------------------------------------
received prefix: 10.0.0.32
start time: 1741017908022
local preference: 186
end time: 1741017908023
Time: 1 ms
--------------------------------------------------
received prefix: 10.0.0.27
start time: 1741017908135
local preference: 182
end time: 1741017908136
Time: 1 ms
--------------------------------------------------
received prefix: 10.0.0.27
start time: 1741017908213
local preference: 182
end time: 1741017908214
Time: 1 ms
--------------------------------------------------
received prefix: 10.0.0.27
start time: 1741017908272
local preference: 182
end time: 1741017908273
Time: 1 ms
--------------------------------------------------
received prefix: 10.0.0.27
start time: 1741017908300
local preference: 182
end time: 1741017908302
Time: 2 ms
--------------------------------------------------
received prefix: 10.0.0.28
start time: 1741017908404
local preference: 183
end time: 1741017908407
Time: 3 ms
--------------------------------------------------
received prefix: 10.0.0.28
start time: 1741017908455
local preference: 183
end time: 1741017908460
Time: 5 ms
--------------------------------------------------
received prefix: 10.0.0.28
start time: 1741017908490
local preference: 183
end time: 1741017908492
Time: 2 ms
--------------------------------------------------
received prefix: 10.0.0.28
start time: 1741017908556
local preference: 183
end time: 1741017908557
Time: 1 ms
--------------------------------------------------
received prefix: 10.0.0.29
start time: 1741017908651
local preference: 185
end time: 1741017908653
Time: 2 ms
--------------------------------------------------
received prefix: 10.0.0.29
start time: 1741017908722
local preference: 185
end time: 1741017908723
Time: 1 ms
--------------------------------------------------
received prefix: 10.0.0.29
start time: 1741017908778
local preference: 184
end time: 1741017908780
Time: 2 ms
--------------------------------------------------
received prefix: 10.0.0.29
start time: 1741017908797
local preference: 185
end time: 1741017908798
Time: 1 ms
--------------------------------------------------
received prefix: 10.0.0.30
start time: 1741017908921
local preference: 186
end time: 1741017908922
Time: 1 ms
--------------------------------------------------
received prefix: 10.0.0.30
start time: 1741017908998
local preference: 186
end time: 1741017908999
Time: 1 ms
--------------------------------------------------
received prefix: 10.0.0.30
start time: 1741017909064
local preference: 186
end time: 1741017909065
Time: 1 ms
--------------------------------------------------
received prefix: 10.0.0.30
start time: 1741017909099
local preference: 186
end time: 1741017909102
Time: 3 ms
--------------------------------------------------
received prefix: 10.0.0.31
start time: 1741017909188
local preference: 186
end time: 1741017909189
Time: 1 ms
--------------------------------------------------
received prefix: 10.0.0.31
start time: 1741017909271
local preference: 186
end time: 1741017909272
Time: 1 ms
--------------------------------------------------
received prefix: 10.0.0.31
start time: 1741017909317
local preference: 186
end time: 1741017909319
Time: 2 ms
--------------------------------------------------
received prefix: 10.0.0.31
start time: 1741017909402
local preference: 186
end time: 1741017909404
Time: 2 ms
--------------------------------------------------
received prefix: 10.0.0.32
start time: 1741017909594
local preference: 186
end time: 1741017909595
Time: 1 ms
--------------------------------------------------
received prefix: 10.0.0.32
start time: 1741017909660
local preference: 186
end time: 1741017909662
Time: 2 ms
--------------------------------------------------
received prefix: 10.0.0.32
start time: 1741017909698
local preference: 186
end time: 1741017909700
Time: 2 ms
--------------------------------------------------
received prefix: 10.0.0.32
start time: 1741017909739
local preference: 186
end time: 1741017909742
Time: 3 ms
--------------------------------------------------
received prefix: 10.0.0.27
start time: 1741017909844
local preference: 182
end time: 1741017909844
Time: 0 ms
--------------------------------------------------
received prefix: 10.0.0.27
start time: 1741017909903
local preference: 182
end time: 1741017909904
Time: 1 ms
--------------------------------------------------
received prefix: 10.0.0.27
start time: 1741017909944
local preference: 182
end time: 1741017909946
Time: 2 ms
--------------------------------------------------
received prefix: 10.0.0.27
start time: 1741017909997
local preference: 182
end time: 1741017909998
Time: 1 ms
--------------------------------------------------
received prefix: 10.0.0.28
start time: 1741017910106
local preference: 183
end time: 1741017910112
Time: 6 ms
--------------------------------------------------
received prefix: 10.0.0.28
start time: 1741017910134
local preference: 183
end time: 1741017910135
Time: 1 ms
--------------------------------------------------
received prefix: 10.0.0.28
start time: 1741017910199
local preference: 183
end time: 1741017910201
Time: 2 ms
--------------------------------------------------
received prefix: 10.0.0.28
start time: 1741017910266
local preference: 183
end time: 1741017910267
Time: 1 ms
--------------------------------------------------
received prefix: 10.0.0.29
start time: 1741017910384
local preference: 185
end time: 1741017910385
Time: 1 ms
--------------------------------------------------
received prefix: 10.0.0.29
start time: 1741017910454
local preference: 185
end time: 1741017910455
Time: 1 ms
--------------------------------------------------
received prefix: 10.0.0.29
start time: 1741017910513
local preference: 184
end time: 1741017910514
Time: 1 ms
--------------------------------------------------
received prefix: 10.0.0.29
start time: 1741017910577
local preference: 185
end time: 1741017910577
Time: 0 ms
--------------------------------------------------
received prefix: 10.0.0.30
start time: 1741017910652
local preference: 186
end time: 1741017910653
Time: 1 ms
--------------------------------------------------
received prefix: 10.0.0.30
start time: 1741017910703
local preference: 186
end time: 1741017910703
Time: 0 ms
--------------------------------------------------
received prefix: 10.0.0.30
start time: 1741017910764
local preference: 186
end time: 1741017910765
Time: 1 ms
--------------------------------------------------
received prefix: 10.0.0.30
start time: 1741017910824
local preference: 186
end time: 1741017910825
Time: 1 ms
--------------------------------------------------
received prefix: 10.0.0.31
start time: 1741017910955
local preference: 186
end time: 1741017910956
Time: 1 ms
--------------------------------------------------
received prefix: 10.0.0.31
start time: 1741017910974
local preference: 186
end time: 1741017910978
Time: 4 ms
--------------------------------------------------
received prefix: 10.0.0.31
start time: 1741017911027
local preference: 186
end time: 1741017911028
Time: 1 ms
--------------------------------------------------
received prefix: 10.0.0.31
start time: 1741017911051
local preference: 186
end time: 1741017911053
Time: 2 ms
--------------------------------------------------
received prefix: 10.0.0.6
start time: 1741017911183
local preference: 191
end time: 1741017911184
Time: 1 ms
--------------------------------------------------
received prefix: 10.0.0.6
start time: 1741017911246
local preference: 191
end time: 1741017911247
Time: 1 ms
--------------------------------------------------
received prefix: 10.0.0.6
start time: 1741017911307
local preference: 191
end time: 1741017911308
Time: 1 ms
--------------------------------------------------
received prefix: 10.0.0.6
start time: 1741017911384
local preference: 191
end time: 1741017911385
Time: 1 ms
--------------------------------------------------
received prefix: 10.0.0.4
start time: 1741017911634
local preference: 183
end time: 1741017911636
Time: 2 ms
--------------------------------------------------
received prefix: 10.0.0.4
start time: 1741017911688
local preference: 183
end time: 1741017911689
Time: 1 ms
--------------------------------------------------
received prefix: 10.0.0.4
start time: 1741017911728
local preference: 182
end time: 1741017911731
Time: 3 ms
--------------------------------------------------
received prefix: 10.0.0.4
start time: 1741017911799
local preference: 182
end time: 1741017911800
Time: 1 ms
--------------------------------------------------
received prefix: 10.0.0.5
start time: 1741017912010
local preference: 189
end time: 1741017912013
Time: 3 ms
--------------------------------------------------
received prefix: 10.0.0.5
start time: 1741017912067
local preference: 189
end time: 1741017912068
Time: 1 ms
--------------------------------------------------
received prefix: 10.0.0.5
start time: 1741017912100
local preference: 189
end time: 1741017912100
Time: 0 ms
--------------------------------------------------
received prefix: 10.0.0.5
start time: 1741017912115
local preference: 189
end time: 1741017912116
Time: 1 ms
--------------------------------------------------
received prefix: 10.0.0.7
start time: 1741017912629
local preference: 190
end time: 1741017912629
Time: 0 ms
--------------------------------------------------
received prefix: 10.0.0.8
start time: 1741017912801
local preference: 188
end time: 1741017912802
Time: 1 ms
--------------------------------------------------
received prefix: 10.0.0.32
start time: 1741017927032
local preference: 188
end time: 1741017927033
Time: 1 ms
--------------------------------------------------
received prefix: 10.0.0.27
start time: 1741017927594
local preference: 184
end time: 1741017927595
Time: 1 ms
--------------------------------------------------
received prefix: 10.0.0.28
start time: 1741017928214
local preference: 185
end time: 1741017928214
Time: 0 ms
--------------------------------------------------
received prefix: 10.0.0.29
start time: 1741017928767
local preference: 186
end time: 1741017928768
Time: 1 ms
--------------------------------------------------
received prefix: 10.0.0.30
start time: 1741017929361
local preference: 188
end time: 1741017929361
Time: 0 ms
--------------------------------------------------
received prefix: 10.0.0.31
start time: 1741017930063
local preference: 188
end time: 1741017930064
Time: 1 ms
--------------------------------------------------
received prefix: 10.0.0.11
start time: 1741017931800
local preference: 188
end time: 1741017931800
Time: 0 ms
--------------------------------------------------
received prefix: 10.0.0.9
start time: 1741017932046
local preference: 190
end time: 1741017932047
Time: 1 ms
--------------------------------------------------
received prefix: 10.0.0.10
start time: 1741017932238
local preference: 190
end time: 1741017932241
Time: 3 ms
--------------------------------------------------
received prefix: 10.0.0.12
start time: 1741017932486
local preference: 189
end time: 1741017932487
Time: 1 ms
--------------------------------------------------
received prefix: 10.0.0.20
start time: 1741054807110
local preference: 112
end time: 1741054807130
Time: 20 ms
--------------------------------------------------
received prefix: 10.0.0.13
start time: 1741054807211
local preference: 110
end time: 1741054807212
Time: 1 ms
--------------------------------------------------
received prefix: 10.0.0.14
start time: 1741054807304
local preference: 111
end time: 1741054807305
Time: 1 ms
--------------------------------------------------
received prefix: 10.0.0.11
start time: 1741054807534
local preference: 112
end time: 1741054807535
Time: 1 ms
--------------------------------------------------
received prefix: 10.0.0.7
start time: 1741054807728
local preference: 110
end time: 1741054807729
Time: 1 ms
--------------------------------------------------
received prefix: 10.0.0.8
start time: 1741054807913
local preference: 112
end time: 1741054807917
Time: 4 ms
--------------------------------------------------
received prefix: 10.0.0.6
start time: 1741054808041
local preference: 109
end time: 1741054808041
Time: 0 ms
--------------------------------------------------
received prefix: 10.0.0.1
start time: 1741054808215
local preference: 111
end time: 1741054808218
Time: 3 ms
--------------------------------------------------
received prefix: 10.0.0.2
start time: 1741054808386
local preference: 111
end time: 1741054808386
Time: 0 ms
--------------------------------------------------
received prefix: 10.0.0.3
start time: 1741054808625
local preference: 113
end time: 1741054808628
Time: 3 ms
--------------------------------------------------
received prefix: 10.0.0.4
start time: 1741054808836
local preference: 118
end time: 1741054808838
Time: 2 ms
--------------------------------------------------
received prefix: 10.0.0.5
start time: 1741054808987
local preference: 112
end time: 1741054808988
Time: 1 ms
--------------------------------------------------
received prefix: 10.0.0.9
start time: 1741054809166
local preference: 109
end time: 1741054809167
Time: 1 ms
--------------------------------------------------
received prefix: 10.0.0.10
start time: 1741054809338
local preference: 110
end time: 1741054809339
Time: 1 ms
--------------------------------------------------
received prefix: 10.0.0.15
start time: 1741054809513
local preference: 112
end time: 1741054809516
Time: 3 ms
--------------------------------------------------
received prefix: 10.0.0.16
start time: 1741054809668
local preference: 110
end time: 1741054809669
Time: 1 ms
--------------------------------------------------
received prefix: 10.0.0.17
start time: 1741054809891
local preference: 111
end time: 1741054809892
Time: 1 ms
--------------------------------------------------
received prefix: 10.0.0.18
start time: 1741054810005
local preference: 109
end time: 1741054810006
Time: 1 ms
--------------------------------------------------
received prefix: 10.0.0.19
start time: 1741054810212
local preference: 109
end time: 1741054810212
Time: 0 ms
--------------------------------------------------
received prefix: 10.0.0.21
start time: 1741054810307
local preference: 111
end time: 1741054810307
Time: 0 ms
--------------------------------------------------
received prefix: 10.0.0.21
start time: 1741054810379
local preference: 111
end time: 1741054810380
Time: 1 ms
--------------------------------------------------
received prefix: 10.0.0.21
start time: 1741054810444
local preference: 111
end time: 1741054810444
Time: 0 ms
--------------------------------------------------
received prefix: 10.0.0.21
start time: 1741054810477
local preference: 111
end time: 1741054810478
Time: 1 ms
--------------------------------------------------
received prefix: 10.0.0.21
start time: 1741054810541
local preference: 111
end time: 1741054810542
Time: 1 ms
--------------------------------------------------
received prefix: 10.0.0.21
start time: 1741054810599
local preference: 111
end time: 1741054810600
Time: 1 ms
--------------------------------------------------
received prefix: 10.0.0.21
start time: 1741054810674
local preference: 111
end time: 1741054810675
Time: 1 ms
--------------------------------------------------
received prefix: 10.0.0.21
start time: 1741054810708
local preference: 111
end time: 1741054810708
Time: 0 ms
--------------------------------------------------
received prefix: 10.0.0.22
start time: 1741054810766
local preference: 112
end time: 1741054810766
Time: 0 ms
--------------------------------------------------
received prefix: 10.0.0.22
start time: 1741054810842
local preference: 112
end time: 1741054810843
Time: 1 ms
--------------------------------------------------
received prefix: 10.0.0.22
start time: 1741054810896
local preference: 113
end time: 1741054810897
Time: 1 ms
--------------------------------------------------
received prefix: 10.0.0.22
start time: 1741054811005
local preference: 113
end time: 1741054811006
Time: 1 ms
--------------------------------------------------
received prefix: 10.0.0.22
start time: 1741054811026
local preference: 113
end time: 1741054811027
Time: 1 ms
--------------------------------------------------
received prefix: 10.0.0.22
start time: 1741054811079
local preference: 113
end time: 1741054811079
Time: 0 ms
--------------------------------------------------
received prefix: 10.0.0.22
start time: 1741054811138
local preference: 112
end time: 1741054811139
Time: 1 ms
--------------------------------------------------
received prefix: 10.0.0.22
start time: 1741054811179
local preference: 112
end time: 1741054811181
Time: 2 ms
--------------------------------------------------
received prefix: 10.0.0.20
start time: 1741054811387
local preference: 112
end time: 1741054811388
Time: 1 ms
--------------------------------------------------
received prefix: 10.0.0.20
start time: 1741054811474
local preference: 113
end time: 1741054811474
Time: 0 ms
--------------------------------------------------
received prefix: 10.0.0.20
start time: 1741054811504
local preference: 113
end time: 1741054811505
Time: 1 ms
--------------------------------------------------
received prefix: 10.0.0.20
start time: 1741054811542
local preference: 113
end time: 1741054811543
Time: 1 ms
--------------------------------------------------
received prefix: 10.0.0.20
start time: 1741054811578
local preference: 113
end time: 1741054811580
Time: 2 ms
--------------------------------------------------
received prefix: 10.0.0.20
start time: 1741054811617
local preference: 113
end time: 1741054811617
Time: 0 ms
--------------------------------------------------
received prefix: 10.0.0.20
start time: 1741054811704
local preference: 112
end time: 1741054811705
Time: 1 ms
--------------------------------------------------
received prefix: 10.0.0.20
start time: 1741054811756
local preference: 113
end time: 1741054811757
Time: 1 ms
--------------------------------------------------
received prefix: 10.0.0.13
start time: 1741054812008
local preference: 110
end time: 1741054812009
Time: 1 ms
--------------------------------------------------
received prefix: 10.0.0.13
start time: 1741054812065
local preference: 110
end time: 1741054812066
Time: 1 ms
--------------------------------------------------
received prefix: 10.0.0.13
start time: 1741054812132
local preference: 111
end time: 1741054812133
Time: 1 ms
--------------------------------------------------
received prefix: 10.0.0.13
start time: 1741054812191
local preference: 111
end time: 1741054812193
Time: 2 ms
--------------------------------------------------
received prefix: 10.0.0.13
start time: 1741054812254
local preference: 111
end time: 1741054812255
Time: 1 ms
--------------------------------------------------
received prefix: 10.0.0.13
start time: 1741054812303
local preference: 111
end time: 1741054812303
Time: 0 ms
--------------------------------------------------
received prefix: 10.0.0.13
start time: 1741054812374
local preference: 110
end time: 1741054812375
Time: 1 ms
--------------------------------------------------
received prefix: 10.0.0.13
start time: 1741054812405
local preference: 110
end time: 1741054812406
Time: 1 ms
--------------------------------------------------
received prefix: 10.0.0.14
start time: 1741054812676
local preference: 112
end time: 1741054812677
Time: 1 ms
--------------------------------------------------
received prefix: 10.0.0.14
start time: 1741054812751
local preference: 112
end time: 1741054812753
Time: 2 ms
--------------------------------------------------
received prefix: 10.0.0.14
start time: 1741054812776
local preference: 112
end time: 1741054812776
Time: 0 ms
--------------------------------------------------
received prefix: 10.0.0.14
start time: 1741054812812
local preference: 112
end time: 1741054812813
Time: 1 ms
--------------------------------------------------
received prefix: 10.0.0.14
start time: 1741054812869
local preference: 112
end time: 1741054812871
Time: 2 ms
--------------------------------------------------
received prefix: 10.0.0.14
start time: 1741054812956
local preference: 112
end time: 1741054812958
Time: 2 ms
--------------------------------------------------
received prefix: 10.0.0.14
start time: 1741054813007
local preference: 112
end time: 1741054813009
Time: 2 ms
--------------------------------------------------
received prefix: 10.0.0.14
start time: 1741054813056
local preference: 112
end time: 1741054813057
Time: 1 ms
--------------------------------------------------
received prefix: 10.0.0.11
start time: 1741054813259
local preference: 112
end time: 1741054813261
Time: 2 ms
--------------------------------------------------
received prefix: 10.0.0.11
start time: 1741054813308
local preference: 112
end time: 1741054813309
Time: 1 ms
--------------------------------------------------
received prefix: 10.0.0.11
start time: 1741054813389
local preference: 112
end time: 1741054813389
Time: 0 ms
--------------------------------------------------
received prefix: 10.0.0.11
start time: 1741054813427
local preference: 112
end time: 1741054813428
Time: 1 ms
--------------------------------------------------
received prefix: 10.0.0.11
start time: 1741054813492
local preference: 112
end time: 1741054813493
Time: 1 ms
--------------------------------------------------
received prefix: 10.0.0.11
start time: 1741054813544
local preference: 113
end time: 1741054813545
Time: 1 ms
--------------------------------------------------
received prefix: 10.0.0.11
start time: 1741054813645
local preference: 112
end time: 1741054813646
Time: 1 ms
--------------------------------------------------
received prefix: 10.0.0.11
start time: 1741054813687
local preference: 112
end time: 1741054813688
Time: 1 ms
--------------------------------------------------
received prefix: 10.0.0.7
start time: 1741054813945
local preference: 110
end time: 1741054813946
Time: 1 ms
--------------------------------------------------
received prefix: 10.0.0.7
start time: 1741054814014
local preference: 110
end time: 1741054814014
Time: 0 ms
--------------------------------------------------
received prefix: 10.0.0.7
start time: 1741054814043
local preference: 110
end time: 1741054814044
Time: 1 ms
--------------------------------------------------
received prefix: 10.0.0.7
start time: 1741054814100
local preference: 110
end time: 1741054814100
Time: 0 ms
--------------------------------------------------
received prefix: 10.0.0.7
start time: 1741054814175
local preference: 110
end time: 1741054814176
Time: 1 ms
--------------------------------------------------
received prefix: 10.0.0.7
start time: 1741054814236
local preference: 110
end time: 1741054814237
Time: 1 ms
--------------------------------------------------
received prefix: 10.0.0.7
start time: 1741054814303
local preference: 110
end time: 1741054814304
Time: 1 ms
--------------------------------------------------
received prefix: 10.0.0.7
start time: 1741054814353
local preference: 110
end time: 1741054814354
Time: 1 ms
--------------------------------------------------
received prefix: 10.0.0.8
start time: 1741054814620
local preference: 112
end time: 1741054814620
Time: 0 ms
--------------------------------------------------
received prefix: 10.0.0.8
start time: 1741054814678
local preference: 112
end time: 1741054814679
Time: 1 ms
--------------------------------------------------
received prefix: 10.0.0.8
start time: 1741054814737
local preference: 113
end time: 1741054814737
Time: 0 ms
--------------------------------------------------
received prefix: 10.0.0.8
start time: 1741054814812
local preference: 113
end time: 1741054814813
Time: 1 ms
--------------------------------------------------
received prefix: 10.0.0.8
start time: 1741054814875
local preference: 113
end time: 1741054814875
Time: 0 ms
--------------------------------------------------
received prefix: 10.0.0.8
start time: 1741054814943
local preference: 113
end time: 1741054814943
Time: 0 ms
--------------------------------------------------
received prefix: 10.0.0.8
start time: 1741054815016
local preference: 112
end time: 1741054815019
Time: 3 ms
--------------------------------------------------
received prefix: 10.0.0.8
start time: 1741054815076
local preference: 112
end time: 1741054815078
Time: 2 ms
--------------------------------------------------
received prefix: 10.0.0.6
start time: 1741054815379
local preference: 110
end time: 1741054815379
Time: 0 ms
--------------------------------------------------
received prefix: 10.0.0.6
start time: 1741054815463
local preference: 110
end time: 1741054815465
Time: 2 ms
--------------------------------------------------
received prefix: 10.0.0.6
start time: 1741054815528
local preference: 110
end time: 1741054815528
Time: 0 ms
--------------------------------------------------
received prefix: 10.0.0.6
start time: 1741054815610
local preference: 110
end time: 1741054815613
Time: 3 ms
--------------------------------------------------
received prefix: 10.0.0.6
start time: 1741054815690
local preference: 110
end time: 1741054815693
Time: 3 ms
--------------------------------------------------
received prefix: 10.0.0.6
start time: 1741054815751
local preference: 110
end time: 1741054815751
Time: 0 ms
--------------------------------------------------
received prefix: 10.0.0.6
start time: 1741054815790
local preference: 110
end time: 1741054815791
Time: 1 ms
--------------------------------------------------
received prefix: 10.0.0.6
start time: 1741054815832
local preference: 110
end time: 1741054815835
Time: 3 ms
--------------------------------------------------
received prefix: 10.0.0.1
start time: 1741054816116
local preference: 111
end time: 1741054816117
Time: 1 ms
--------------------------------------------------
received prefix: 10.0.0.1
start time: 1741054816161
local preference: 111
end time: 1741054816161
Time: 0 ms
--------------------------------------------------
received prefix: 10.0.0.1
start time: 1741054816198
local preference: 111
end time: 1741054816198
Time: 0 ms
--------------------------------------------------
received prefix: 10.0.0.1
start time: 1741054816243
local preference: 112
end time: 1741054816244
Time: 1 ms
--------------------------------------------------
received prefix: 10.0.0.1
start time: 1741054816274
local preference: 112
end time: 1741054816275
Time: 1 ms
--------------------------------------------------
received prefix: 10.0.0.1
start time: 1741054816333
local preference: 112
end time: 1741054816334
Time: 1 ms
--------------------------------------------------
received prefix: 10.0.0.1
start time: 1741054816401
local preference: 111
end time: 1741054816403
Time: 2 ms
--------------------------------------------------
received prefix: 10.0.0.1
start time: 1741054816461
local preference: 111
end time: 1741054816463
Time: 2 ms
--------------------------------------------------
received prefix: 10.0.0.2
start time: 1741054816705
local preference: 111
end time: 1741054816706
Time: 1 ms
--------------------------------------------------
received prefix: 10.0.0.2
start time: 1741054816780
local preference: 111
end time: 1741054816781
Time: 1 ms
--------------------------------------------------
received prefix: 10.0.0.2
start time: 1741054816847
local preference: 111
end time: 1741054816847
Time: 0 ms
--------------------------------------------------
received prefix: 10.0.0.2
start time: 1741054816906
local preference: 111
end time: 1741054816907
Time: 1 ms
--------------------------------------------------
received prefix: 10.0.0.2
start time: 1741054816941
local preference: 111
end time: 1741054816942
Time: 1 ms
--------------------------------------------------
received prefix: 10.0.0.2
start time: 1741054816973
local preference: 112
end time: 1741054816973
Time: 0 ms
--------------------------------------------------
received prefix: 10.0.0.2
start time: 1741054817000
local preference: 111
end time: 1741054817001
Time: 1 ms
--------------------------------------------------
received prefix: 10.0.0.2
start time: 1741054817020
local preference: 111
end time: 1741054817021
Time: 1 ms
--------------------------------------------------
received prefix: 10.0.0.3
start time: 1741054817292
local preference: 113
end time: 1741054817293
Time: 1 ms
--------------------------------------------------
received prefix: 10.0.0.3
start time: 1741054817346
local preference: 113
end time: 1741054817347
Time: 1 ms
--------------------------------------------------
received prefix: 10.0.0.3
start time: 1741054817405
local preference: 113
end time: 1741054817406
Time: 1 ms
--------------------------------------------------
received prefix: 10.0.0.3
start time: 1741054817475
local preference: 113
end time: 1741054817477
Time: 2 ms
--------------------------------------------------
received prefix: 10.0.0.3
start time: 1741054817558
local preference: 113
end time: 1741054817560
Time: 2 ms
--------------------------------------------------
received prefix: 10.0.0.3
start time: 1741054817614
local preference: 113
end time: 1741054817618
Time: 4 ms
--------------------------------------------------
received prefix: 10.0.0.3
start time: 1741054817647
local preference: 113
end time: 1741054817650
Time: 3 ms
--------------------------------------------------
received prefix: 10.0.0.3
start time: 1741054817702
local preference: 113
end time: 1741054817704
Time: 2 ms
--------------------------------------------------
received prefix: 10.0.0.4
start time: 1741054817949
local preference: 118
end time: 1741054817951
Time: 2 ms
--------------------------------------------------
received prefix: 10.0.0.4
start time: 1741054817998
local preference: 118
end time: 1741054817999
Time: 1 ms
--------------------------------------------------
received prefix: 10.0.0.4
start time: 1741054818088
local preference: 118
end time: 1741054818092
Time: 4 ms
--------------------------------------------------
received prefix: 10.0.0.4
start time: 1741054818151
local preference: 118
end time: 1741054818153
Time: 2 ms
--------------------------------------------------
received prefix: 10.0.0.4
start time: 1741054818253
local preference: 118
end time: 1741054818254
Time: 1 ms
--------------------------------------------------
received prefix: 10.0.0.4
start time: 1741054818311
local preference: 118
end time: 1741054818312
Time: 1 ms
--------------------------------------------------
received prefix: 10.0.0.4
start time: 1741054818393
local preference: 118
end time: 1741054818395
Time: 2 ms
--------------------------------------------------
received prefix: 10.0.0.4
start time: 1741054818434
local preference: 118
end time: 1741054818437
Time: 3 ms
--------------------------------------------------
received prefix: 10.0.0.5
start time: 1741054818666
local preference: 112
end time: 1741054818666
Time: 0 ms
--------------------------------------------------
received prefix: 10.0.0.5
start time: 1741054818725
local preference: 112
end time: 1741054818725
Time: 0 ms
--------------------------------------------------
received prefix: 10.0.0.5
start time: 1741054818759
local preference: 112
end time: 1741054818760
Time: 1 ms
--------------------------------------------------
received prefix: 10.0.0.5
start time: 1741054818827
local preference: 112
end time: 1741054818829
Time: 2 ms
--------------------------------------------------
received prefix: 10.0.0.5
start time: 1741054818909
local preference: 112
end time: 1741054818910
Time: 1 ms
--------------------------------------------------
received prefix: 10.0.0.5
start time: 1741054818961
local preference: 112
end time: 1741054818964
Time: 3 ms
--------------------------------------------------
received prefix: 10.0.0.5
start time: 1741054819037
local preference: 112
end time: 1741054819038
Time: 1 ms
--------------------------------------------------
received prefix: 10.0.0.5
start time: 1741054819123
local preference: 112
end time: 1741054819126
Time: 3 ms
--------------------------------------------------
received prefix: 10.0.0.9
start time: 1741054819350
local preference: 110
end time: 1741054819351
Time: 1 ms
--------------------------------------------------
received prefix: 10.0.0.9
start time: 1741054819416
local preference: 110
end time: 1741054819417
Time: 1 ms
--------------------------------------------------
received prefix: 10.0.0.9
start time: 1741054819458
local preference: 110
end time: 1741054819459
Time: 1 ms
--------------------------------------------------
received prefix: 10.0.0.9
start time: 1741054819505
local preference: 110
end time: 1741054819505
Time: 0 ms
--------------------------------------------------
received prefix: 10.0.0.9
start time: 1741054819584
local preference: 110
end time: 1741054819584
Time: 0 ms
--------------------------------------------------
received prefix: 10.0.0.9
start time: 1741054819646
local preference: 110
end time: 1741054819648
Time: 2 ms
--------------------------------------------------
received prefix: 10.0.0.9
start time: 1741054819706
local preference: 110
end time: 1741054819706
Time: 0 ms
--------------------------------------------------
received prefix: 10.0.0.9
start time: 1741054819785
local preference: 110
end time: 1741054819787
Time: 2 ms
--------------------------------------------------
received prefix: 10.0.0.10
start time: 1741054820029
local preference: 110
end time: 1741054820033
Time: 4 ms
--------------------------------------------------
received prefix: 10.0.0.10
start time: 1741054820099
local preference: 110
end time: 1741054820100
Time: 1 ms
--------------------------------------------------
received prefix: 10.0.0.10
start time: 1741054820168
local preference: 110
end time: 1741054820169
Time: 1 ms
--------------------------------------------------
received prefix: 10.0.0.10
start time: 1741054820226
local preference: 111
end time: 1741054820228
Time: 2 ms
--------------------------------------------------
received prefix: 10.0.0.10
start time: 1741054820290
local preference: 111
end time: 1741054820291
Time: 1 ms
--------------------------------------------------
received prefix: 10.0.0.10
start time: 1741054820331
local preference: 111
end time: 1741054820334
Time: 3 ms
--------------------------------------------------
received prefix: 10.0.0.10
start time: 1741054820403
local preference: 110
end time: 1741054820405
Time: 2 ms
--------------------------------------------------
received prefix: 10.0.0.10
start time: 1741054820446
local preference: 110
end time: 1741054820449
Time: 3 ms
--------------------------------------------------
received prefix: 10.0.0.15
start time: 1741054820686
local preference: 112
end time: 1741054820689
Time: 3 ms
--------------------------------------------------
received prefix: 10.0.0.15
start time: 1741054820728
local preference: 112
end time: 1741054820728
Time: 0 ms
--------------------------------------------------
received prefix: 10.0.0.15
start time: 1741054820746
local preference: 112
end time: 1741054820746
Time: 0 ms
--------------------------------------------------
received prefix: 10.0.0.15
start time: 1741054820803
local preference: 112
end time: 1741054820804
Time: 1 ms
--------------------------------------------------
received prefix: 10.0.0.15
start time: 1741054820835
local preference: 112
end time: 1741054820836
Time: 1 ms
--------------------------------------------------
received prefix: 10.0.0.15
start time: 1741054820882
local preference: 113
end time: 1741054820883
Time: 1 ms
--------------------------------------------------
received prefix: 10.0.0.15
start time: 1741054821012
local preference: 112
end time: 1741054821014
Time: 2 ms
--------------------------------------------------
received prefix: 10.0.0.15
start time: 1741054821079
local preference: 112
end time: 1741054821080
Time: 1 ms
--------------------------------------------------
received prefix: 10.0.0.16
start time: 1741054821381
local preference: 109
end time: 1741054821384
Time: 3 ms
--------------------------------------------------
received prefix: 10.0.0.16
start time: 1741054821445
local preference: 109
end time: 1741054821446
Time: 1 ms
--------------------------------------------------
received prefix: 10.0.0.16
start time: 1741054821530
local preference: 109
end time: 1741054821531
Time: 1 ms
--------------------------------------------------
received prefix: 10.0.0.16
start time: 1741054821597
local preference: 109
end time: 1741054821598
Time: 1 ms
--------------------------------------------------
received prefix: 10.0.0.16
start time: 1741054821664
local preference: 110
end time: 1741054821665
Time: 1 ms
--------------------------------------------------
received prefix: 10.0.0.16
start time: 1741054821729
local preference: 110
end time: 1741054821732
Time: 3 ms
--------------------------------------------------
received prefix: 10.0.0.16
start time: 1741054821823
local preference: 109
end time: 1741054821824
Time: 1 ms
--------------------------------------------------
received prefix: 10.0.0.16
start time: 1741054821864
local preference: 109
end time: 1741054821866
Time: 2 ms
--------------------------------------------------
received prefix: 10.0.0.17
start time: 1741054822101
local preference: 111
end time: 1741054822103
Time: 2 ms
--------------------------------------------------
received prefix: 10.0.0.17
start time: 1741054822175
local preference: 111
end time: 1741054822176
Time: 1 ms
--------------------------------------------------
received prefix: 10.0.0.17
start time: 1741054822254
local preference: 112
end time: 1741054822255
Time: 1 ms
--------------------------------------------------
received prefix: 10.0.0.17
start time: 1741054822267
local preference: 112
end time: 1741054822267
Time: 0 ms
--------------------------------------------------
received prefix: 10.0.0.17
start time: 1741054822342
local preference: 112
end time: 1741054822343
Time: 1 ms
--------------------------------------------------
received prefix: 10.0.0.17
start time: 1741054822401
local preference: 112
end time: 1741054822402
Time: 1 ms
--------------------------------------------------
received prefix: 10.0.0.17
start time: 1741054822460
local preference: 111
end time: 1741054822460
Time: 0 ms
--------------------------------------------------
received prefix: 10.0.0.17
start time: 1741054822534
local preference: 111
end time: 1741054822535
Time: 1 ms
--------------------------------------------------
received prefix: 10.0.0.18
start time: 1741054822800
local preference: 109
end time: 1741054822800
Time: 0 ms
--------------------------------------------------
received prefix: 10.0.0.18
start time: 1741054822846
local preference: 109
end time: 1741054822852
Time: 6 ms
--------------------------------------------------
received prefix: 10.0.0.18
start time: 1741054822878
local preference: 109
end time: 1741054822879
Time: 1 ms
--------------------------------------------------
received prefix: 10.0.0.18
start time: 1741054822951
local preference: 109
end time: 1741054822952
Time: 1 ms
--------------------------------------------------
received prefix: 10.0.0.18
start time: 1741054822992
local preference: 109
end time: 1741054822993
Time: 1 ms
--------------------------------------------------
received prefix: 10.0.0.18
start time: 1741054823075
local preference: 110
end time: 1741054823076
Time: 1 ms
--------------------------------------------------
received prefix: 10.0.0.18
start time: 1741054823113
local preference: 109
end time: 1741054823115
Time: 2 ms
--------------------------------------------------
received prefix: 10.0.0.18
start time: 1741054823151
local preference: 109
end time: 1741054823152
Time: 1 ms
--------------------------------------------------
received prefix: 10.0.0.19
start time: 1741054823392
local preference: 109
end time: 1741054823393
Time: 1 ms
--------------------------------------------------
received prefix: 10.0.0.19
start time: 1741054823461
local preference: 110
end time: 1741054823462
Time: 1 ms
--------------------------------------------------
received prefix: 10.0.0.19
start time: 1741054823513
local preference: 110
end time: 1741054823515
Time: 2 ms
--------------------------------------------------
received prefix: 10.0.0.19
start time: 1741054823552
local preference: 110
end time: 1741054823552
Time: 0 ms
--------------------------------------------------
received prefix: 10.0.0.19
start time: 1741054823640
local preference: 110
end time: 1741054823641
Time: 1 ms
--------------------------------------------------
received prefix: 10.0.0.19
start time: 1741054823691
local preference: 110
end time: 1741054823693
Time: 2 ms
--------------------------------------------------
received prefix: 10.0.0.19
start time: 1741054823709
local preference: 109
end time: 1741054823710
Time: 1 ms
--------------------------------------------------
received prefix: 10.0.0.19
start time: 1741054823765
local preference: 110
end time: 1741054823766
Time: 1 ms
--------------------------------------------------
received prefix: 10.0.0.23
start time: 1741054824186
local preference: 110
end time: 1741054824187
Time: 1 ms
--------------------------------------------------
received prefix: 10.0.0.23
start time: 1741054824286
local preference: 110
end time: 1741054824288
Time: 2 ms
--------------------------------------------------
received prefix: 10.0.0.23
start time: 1741054824344
local preference: 110
end time: 1741054824344
Time: 0 ms
--------------------------------------------------
received prefix: 10.0.0.23
start time: 1741054824426
local preference: 110
end time: 1741054824427
Time: 1 ms
--------------------------------------------------
received prefix: 10.0.0.23
start time: 1741054824517
local preference: 111
end time: 1741054824518
Time: 1 ms
--------------------------------------------------
received prefix: 10.0.0.23
start time: 1741054824561
local preference: 111
end time: 1741054824562
Time: 1 ms
--------------------------------------------------
received prefix: 10.0.0.23
start time: 1741054824617
local preference: 110
end time: 1741054824618
Time: 1 ms
--------------------------------------------------
received prefix: 10.0.0.23
start time: 1741054824673
local preference: 110
end time: 1741054824673
Time: 0 ms
--------------------------------------------------
received prefix: 10.0.0.24
start time: 1741054825076
local preference: 110
end time: 1741054825076
Time: 0 ms
--------------------------------------------------
received prefix: 10.0.0.24
start time: 1741054825154
local preference: 110
end time: 1741054825155
Time: 1 ms
--------------------------------------------------
received prefix: 10.0.0.24
start time: 1741054825210
local preference: 110
end time: 1741054825211
Time: 1 ms
--------------------------------------------------
received prefix: 10.0.0.24
start time: 1741054825285
local preference: 110
end time: 1741054825286
Time: 1 ms
--------------------------------------------------
received prefix: 10.0.0.24
start time: 1741054825350
local preference: 111
end time: 1741054825352
Time: 2 ms
--------------------------------------------------
received prefix: 10.0.0.24
start time: 1741054825409
local preference: 111
end time: 1741054825409
Time: 0 ms
--------------------------------------------------
received prefix: 10.0.0.24
start time: 1741054825494
local preference: 110
end time: 1741054825497
Time: 3 ms
--------------------------------------------------
received prefix: 10.0.0.24
start time: 1741054825536
local preference: 110
end time: 1741054825537
Time: 1 ms
--------------------------------------------------
received prefix: 10.0.0.25
start time: 1741054825970
local preference: 118
end time: 1741054825970
Time: 0 ms
--------------------------------------------------
received prefix: 10.0.0.25
start time: 1741054826020
local preference: 118
end time: 1741054826023
Time: 3 ms
--------------------------------------------------
received prefix: 10.0.0.25
start time: 1741054826072
local preference: 118
end time: 1741054826072
Time: 0 ms
--------------------------------------------------
received prefix: 10.0.0.25
start time: 1741054826147
local preference: 118
end time: 1741054826149
Time: 2 ms
--------------------------------------------------
received prefix: 10.0.0.25
start time: 1741054826213
local preference: 118
end time: 1741054826217
Time: 4 ms
--------------------------------------------------
received prefix: 10.0.0.25
start time: 1741054826257
local preference: 118
end time: 1741054826257
Time: 0 ms
--------------------------------------------------
received prefix: 10.0.0.25
start time: 1741054826313
local preference: 118
end time: 1741054826314
Time: 1 ms
--------------------------------------------------
received prefix: 10.0.0.25
start time: 1741054826381
local preference: 118
end time: 1741054826383
Time: 2 ms
--------------------------------------------------
received prefix: 10.0.0.26
start time: 1741054831421
local preference: 116
end time: 1741054831422
Time: 1 ms
--------------------------------------------------
received prefix: 10.0.0.25
start time: 1741054832383
local preference: 118
end time: 1741054832385
Time: 2 ms
--------------------------------------------------
received prefix: 10.0.0.21
start time: 1741054833280
local preference: 112
end time: 1741054833282
Time: 2 ms
--------------------------------------------------
received prefix: 10.0.0.22
start time: 1741054834142
local preference: 114
end time: 1741054834143
Time: 1 ms
--------------------------------------------------
received prefix: 10.0.0.20
start time: 1741054835002
local preference: 114
end time: 1741054835003
Time: 1 ms
--------------------------------------------------
received prefix: 10.0.0.13
start time: 1741054835892
local preference: 112
end time: 1741054835893
Time: 1 ms
--------------------------------------------------
received prefix: 10.0.0.14
start time: 1741054836788
local preference: 113
end time: 1741054836790
Time: 2 ms
--------------------------------------------------
received prefix: 10.0.0.11
start time: 1741054837705
local preference: 114
end time: 1741054837706
Time: 1 ms
--------------------------------------------------
received prefix: 10.0.0.7
start time: 1741054838595
local preference: 111
end time: 1741054838595
Time: 0 ms
--------------------------------------------------
received prefix: 10.0.0.8
start time: 1741054839539
local preference: 114
end time: 1741054839539
Time: 0 ms
--------------------------------------------------
received prefix: 10.0.0.6
start time: 1741054840450
local preference: 111
end time: 1741054840451
Time: 1 ms
--------------------------------------------------
received prefix: 10.0.0.1
start time: 1741054841366
local preference: 113
end time: 1741054841367
Time: 1 ms
--------------------------------------------------
received prefix: 10.0.0.2
start time: 1741054842276
local preference: 113
end time: 1741054842277
Time: 1 ms
--------------------------------------------------
received prefix: 10.0.0.3
start time: 1741054843144
local preference: 114
end time: 1741054843144
Time: 0 ms
--------------------------------------------------
received prefix: 10.0.0.4
start time: 1741054844062
local preference: 120
end time: 1741054844063
Time: 1 ms
--------------------------------------------------
received prefix: 10.0.0.5
start time: 1741054844887
local preference: 113
end time: 1741054844889
Time: 2 ms
--------------------------------------------------
received prefix: 10.0.0.9
start time: 1741054845811
local preference: 111
end time: 1741054845812
Time: 1 ms
--------------------------------------------------
received prefix: 10.0.0.10
start time: 1741054846778
local preference: 112
end time: 1741054846779
Time: 1 ms
--------------------------------------------------
received prefix: 10.0.0.15
start time: 1741054847663
local preference: 114
end time: 1741054847664
Time: 1 ms
--------------------------------------------------
received prefix: 10.0.0.16
start time: 1741054848473
local preference: 111
end time: 1741054848473
Time: 0 ms
--------------------------------------------------
received prefix: 10.0.0.17
start time: 1741054849333
local preference: 113
end time: 1741054849334
Time: 1 ms
--------------------------------------------------
received prefix: 10.0.0.18
start time: 1741054850199
local preference: 111
end time: 1741054850200
Time: 1 ms
--------------------------------------------------
received prefix: 10.0.0.19
start time: 1741054851075
local preference: 111
end time: 1741054851076
Time: 1 ms
--------------------------------------------------
received prefix: 10.0.0.23
start time: 1741054851860
local preference: 112
end time: 1741054851862
Time: 2 ms
--------------------------------------------------
received prefix: 10.0.0.24
start time: 1741054852742
local preference: 112
end time: 1741054852743
Time: 1 ms
--------------------------------------------------
received prefix: 10.0.0.22
start time: 1741054926681
local preference: 112
end time: 1741054926686
Time: 5 ms
--------------------------------------------------
received prefix: 10.0.0.21
start time: 1741054927255
local preference: 111
end time: 1741054927257
Time: 2 ms
--------------------------------------------------
received prefix: 10.0.0.12
start time: 1741054927407
local preference: 111
end time: 1741054927408
Time: 1 ms
--------------------------------------------------
received prefix: 10.0.0.32
start time: 1741054927607
local preference: 112
end time: 1741054927608
Time: 1 ms
--------------------------------------------------
received prefix: 10.0.0.26
start time: 1741054927812
local preference: 116
end time: 1741054927813
Time: 1 ms
--------------------------------------------------
received prefix: 10.0.0.25
start time: 1741054928031
local preference: 116
end time: 1741054928032
Time: 1 ms
--------------------------------------------------
received prefix: 10.0.0.23
start time: 1741054928247
local preference: 110
end time: 1741054928249
Time: 2 ms
--------------------------------------------------
received prefix: 10.0.0.24
start time: 1741054928449
local preference: 110
end time: 1741054928452
Time: 3 ms
--------------------------------------------------
received prefix: 10.0.0.27
start time: 1741054928640
local preference: 116
end time: 1741054928640
Time: 0 ms
--------------------------------------------------
received prefix: 10.0.0.28
start time: 1741054928825
local preference: 115
end time: 1741054928826
Time: 1 ms
--------------------------------------------------
received prefix: 10.0.0.29
start time: 1741054929043
local preference: 114
end time: 1741054929044
Time: 1 ms
--------------------------------------------------
received prefix: 10.0.0.30
start time: 1741054929236
local preference: 112
end time: 1741054929237
Time: 1 ms
--------------------------------------------------
received prefix: 10.0.0.31
start time: 1741054929397
local preference: 112
end time: 1741054929397
Time: 0 ms
--------------------------------------------------
received prefix: 10.0.0.12
start time: 1741054930422
local preference: 111
end time: 1741054930422
Time: 0 ms
--------------------------------------------------
received prefix: 10.0.0.12
start time: 1741054930463
local preference: 111
end time: 1741054930464
Time: 1 ms
--------------------------------------------------
received prefix: 10.0.0.12
start time: 1741054930512
local preference: 111
end time: 1741054930513
Time: 1 ms
--------------------------------------------------
received prefix: 10.0.0.12
start time: 1741054930572
local preference: 111
end time: 1741054930573
Time: 1 ms
--------------------------------------------------
received prefix: 10.0.0.12
start time: 1741054930641
local preference: 111
end time: 1741054930642
Time: 1 ms
--------------------------------------------------
received prefix: 10.0.0.12
start time: 1741054930679
local preference: 111
end time: 1741054930681
Time: 2 ms
--------------------------------------------------
received prefix: 10.0.0.12
start time: 1741054930711
local preference: 111
end time: 1741054930712
Time: 1 ms
--------------------------------------------------
received prefix: 10.0.0.12
start time: 1741054930768
local preference: 111
end time: 1741054930769
Time: 1 ms
--------------------------------------------------
received prefix: 10.0.0.32
start time: 1741054930988
local preference: 112
end time: 1741054930990
Time: 2 ms
--------------------------------------------------
received prefix: 10.0.0.32
start time: 1741054931054
local preference: 112
end time: 1741054931055
Time: 1 ms
--------------------------------------------------
received prefix: 10.0.0.32
start time: 1741054931087
local preference: 113
end time: 1741054931090
Time: 3 ms
--------------------------------------------------
received prefix: 10.0.0.32
start time: 1741054931143
local preference: 113
end time: 1741054931144
Time: 1 ms
--------------------------------------------------
received prefix: 10.0.0.32
start time: 1741054931212
local preference: 113
end time: 1741054931214
Time: 2 ms
--------------------------------------------------
received prefix: 10.0.0.32
start time: 1741054931265
local preference: 113
end time: 1741054931267
Time: 2 ms
--------------------------------------------------
received prefix: 10.0.0.32
start time: 1741054931323
local preference: 112
end time: 1741054931324
Time: 1 ms
--------------------------------------------------
received prefix: 10.0.0.32
start time: 1741054931393
local preference: 112
end time: 1741054931395
Time: 2 ms
--------------------------------------------------
received prefix: 10.0.0.26
start time: 1741054931645
local preference: 117
end time: 1741054931645
Time: 0 ms
--------------------------------------------------
received prefix: 10.0.0.26
start time: 1741054931711
local preference: 117
end time: 1741054931711
Time: 0 ms
--------------------------------------------------
received prefix: 10.0.0.26
start time: 1741054931753
local preference: 117
end time: 1741054931755
Time: 2 ms
--------------------------------------------------
received prefix: 10.0.0.26
start time: 1741054931813
local preference: 117
end time: 1741054931814
Time: 1 ms
--------------------------------------------------
received prefix: 10.0.0.26
start time: 1741054931876
local preference: 117
end time: 1741054931877
Time: 1 ms
--------------------------------------------------
received prefix: 10.0.0.26
start time: 1741054931914
local preference: 117
end time: 1741054931918
Time: 4 ms
--------------------------------------------------
received prefix: 10.0.0.26
start time: 1741054931978
local preference: 117
end time: 1741054931980
Time: 2 ms
--------------------------------------------------
received prefix: 10.0.0.27
start time: 1741054932190
local preference: 116
end time: 1741054932190
Time: 0 ms
--------------------------------------------------
received prefix: 10.0.0.27
start time: 1741054932258
local preference: 116
end time: 1741054932259
Time: 1 ms
--------------------------------------------------
received prefix: 10.0.0.27
start time: 1741054932288
local preference: 116
end time: 1741054932289
Time: 1 ms
--------------------------------------------------
received prefix: 10.0.0.27
start time: 1741054932348
local preference: 117
end time: 1741054932349
Time: 1 ms
--------------------------------------------------
received prefix: 10.0.0.27
start time: 1741054932467
local preference: 117
end time: 1741054932468
Time: 1 ms
--------------------------------------------------
received prefix: 10.0.0.27
start time: 1741054932478
local preference: 117
end time: 1741054932479
Time: 1 ms
--------------------------------------------------
received prefix: 10.0.0.27
start time: 1741054932541
local preference: 116
end time: 1741054932542
Time: 1 ms
--------------------------------------------------
received prefix: 10.0.0.27
start time: 1741054932611
local preference: 116
end time: 1741054932612
Time: 1 ms
--------------------------------------------------
received prefix: 10.0.0.28
start time: 1741054932871
local preference: 115
end time: 1741054932872
Time: 1 ms
--------------------------------------------------
received prefix: 10.0.0.28
start time: 1741054932909
local preference: 115
end time: 1741054932909
Time: 0 ms
--------------------------------------------------
received prefix: 10.0.0.28
start time: 1741054932926
local preference: 115
end time: 1741054932927
Time: 1 ms
--------------------------------------------------
received prefix: 10.0.0.28
start time: 1741054932998
local preference: 116
end time: 1741054933001
Time: 3 ms
--------------------------------------------------
received prefix: 10.0.0.28
start time: 1741054933050
local preference: 116
end time: 1741054933051
Time: 1 ms
--------------------------------------------------
received prefix: 10.0.0.28
start time: 1741054933126
local preference: 116
end time: 1741054933127
Time: 1 ms
--------------------------------------------------
received prefix: 10.0.0.28
start time: 1741054933179
local preference: 115
end time: 1741054933179
Time: 0 ms
--------------------------------------------------
received prefix: 10.0.0.28
start time: 1741054933261
local preference: 115
end time: 1741054933265
Time: 4 ms
--------------------------------------------------
received prefix: 10.0.0.29
start time: 1741054933512
local preference: 114
end time: 1741054933513
Time: 1 ms
--------------------------------------------------
received prefix: 10.0.0.29
start time: 1741054933591
local preference: 114
end time: 1741054933591
Time: 0 ms
--------------------------------------------------
received prefix: 10.0.0.29
start time: 1741054933670
local preference: 114
end time: 1741054933670
Time: 0 ms
--------------------------------------------------
received prefix: 10.0.0.29
start time: 1741054933703
local preference: 114
end time: 1741054933704
Time: 1 ms
--------------------------------------------------
received prefix: 10.0.0.29
start time: 1741054933757
local preference: 114
end time: 1741054933758
Time: 1 ms
--------------------------------------------------
received prefix: 10.0.0.29
start time: 1741054933786
local preference: 114
end time: 1741054933787
Time: 1 ms
--------------------------------------------------
received prefix: 10.0.0.29
start time: 1741054933852
local preference: 114
end time: 1741054933853
Time: 1 ms
--------------------------------------------------
received prefix: 10.0.0.29
start time: 1741054933906
local preference: 114
end time: 1741054933908
Time: 2 ms
--------------------------------------------------
received prefix: 10.0.0.30
start time: 1741054934180
local preference: 112
end time: 1741054934181
Time: 1 ms
--------------------------------------------------
received prefix: 10.0.0.30
start time: 1741054934245
local preference: 112
end time: 1741054934246
Time: 1 ms
--------------------------------------------------
received prefix: 10.0.0.30
start time: 1741054934312
local preference: 113
end time: 1741054934312
Time: 0 ms
--------------------------------------------------
received prefix: 10.0.0.30
start time: 1741054934385
local preference: 113
end time: 1741054934387
Time: 2 ms
--------------------------------------------------
received prefix: 10.0.0.30
start time: 1741054934424
local preference: 113
end time: 1741054934426
Time: 2 ms
--------------------------------------------------
received prefix: 10.0.0.30
start time: 1741054934466
local preference: 113
end time: 1741054934467
Time: 1 ms
--------------------------------------------------
received prefix: 10.0.0.30
start time: 1741054934512
local preference: 112
end time: 1741054934513
Time: 1 ms
--------------------------------------------------
received prefix: 10.0.0.30
start time: 1741054934582
local preference: 112
end time: 1741054934585
Time: 3 ms
--------------------------------------------------
received prefix: 10.0.0.31
start time: 1741054934779
local preference: 112
end time: 1741054934780
Time: 1 ms
--------------------------------------------------
received prefix: 10.0.0.31
start time: 1741054934887
local preference: 112
end time: 1741054934889
Time: 2 ms
--------------------------------------------------
received prefix: 10.0.0.31
start time: 1741054934966
local preference: 113
end time: 1741054934967
Time: 1 ms
--------------------------------------------------
received prefix: 10.0.0.31
start time: 1741054935002
local preference: 113
end time: 1741054935003
Time: 1 ms
--------------------------------------------------
received prefix: 10.0.0.31
start time: 1741054935047
local preference: 113
end time: 1741054935048
Time: 1 ms
--------------------------------------------------
received prefix: 10.0.0.31
start time: 1741054935125
local preference: 113
end time: 1741054935127
Time: 2 ms
--------------------------------------------------
received prefix: 10.0.0.31
start time: 1741054935174
local preference: 112
end time: 1741054935175
Time: 1 ms
--------------------------------------------------
received prefix: 10.0.0.31
start time: 1741054935246
local preference: 112
end time: 1741054935249
Time: 3 ms
--------------------------------------------------
received prefix: 10.0.0.26
start time: 1741054935942
local preference: 116
end time: 1741054935943
Time: 1 ms
--------------------------------------------------
received prefix: 10.0.0.26
start time: 1741054935997
local preference: 116
end time: 1741054935998
Time: 1 ms
--------------------------------------------------
received prefix: 10.0.0.26
start time: 1741054936043
local preference: 116
end time: 1741054936043
Time: 0 ms
--------------------------------------------------
received prefix: 10.0.0.26
start time: 1741054936112
local preference: 116
end time: 1741054936116
Time: 4 ms
--------------------------------------------------
received prefix: 10.0.0.1
start time: 1741054938096
local preference: 111
end time: 1741054938098
Time: 2 ms
--------------------------------------------------
received prefix: 10.0.0.2
start time: 1741054938563
local preference: 111
end time: 1741054938564
Time: 1 ms
--------------------------------------------------
received prefix: 10.0.0.3
start time: 1741054939062
local preference: 113
end time: 1741054939063
Time: 1 ms
--------------------------------------------------
received prefix: 10.0.0.27
start time: 1741054939293
local preference: 116
end time: 1741054939294
Time: 1 ms
--------------------------------------------------
received prefix: 10.0.0.28
start time: 1741054939469
local preference: 120
end time: 1741054939470
Time: 1 ms
--------------------------------------------------
received prefix: 10.0.0.29
start time: 1741054939641
local preference: 114
end time: 1741054939642
Time: 1 ms
--------------------------------------------------
received prefix: 10.0.0.30
start time: 1741054939809
local preference: 111
end time: 1741054939809
Time: 0 ms
--------------------------------------------------
received prefix: 10.0.0.31
start time: 1741054939948
local preference: 112
end time: 1741054939949
Time: 1 ms
--------------------------------------------------
received prefix: 10.0.0.32
start time: 1741054940147
local preference: 112
end time: 1741054940147
Time: 0 ms
--------------------------------------------------
received prefix: 10.0.0.12
start time: 1741054940936
local preference: 113
end time: 1741054940937
Time: 1 ms
--------------------------------------------------
received prefix: 10.0.0.25
start time: 1741054972466
local preference: 116
end time: 1741054972469
Time: 3 ms
--------------------------------------------------
received prefix: 10.0.0.23
start time: 1741054973014
local preference: 110
end time: 1741054973014
Time: 0 ms
--------------------------------------------------
received prefix: 10.0.0.24
start time: 1741054973589
local preference: 110
end time: 1741054973590
Time: 1 ms
--------------------------------------------------
received prefix: 10.0.0.20
start time: 1741055358437
local preference: 204
end time: 1741055358456
Time: 19 ms
--------------------------------------------------
received prefix: 10.0.0.13
start time: 1741055358535
local preference: 215
end time: 1741055358536
Time: 1 ms
--------------------------------------------------
received prefix: 10.0.0.14
start time: 1741055358640
local preference: 209
end time: 1741055358641
Time: 1 ms
--------------------------------------------------
received prefix: 10.0.0.11
start time: 1741055358773
local preference: 207
end time: 1741055358775
Time: 2 ms
--------------------------------------------------
received prefix: 10.0.0.7
start time: 1741055358944
local preference: 210
end time: 1741055358945
Time: 1 ms
--------------------------------------------------
received prefix: 10.0.0.8
start time: 1741055359146
local preference: 208
end time: 1741055359147
Time: 1 ms
--------------------------------------------------
received prefix: 10.0.0.6
start time: 1741055359291
local preference: 212
end time: 1741055359292
Time: 1 ms
--------------------------------------------------
received prefix: 10.0.0.1
start time: 1741055359485
local preference: 211
end time: 1741055359487
Time: 2 ms
--------------------------------------------------
received prefix: 10.0.0.2
start time: 1741055359679
local preference: 214
end time: 1741055359679
Time: 0 ms
--------------------------------------------------
received prefix: 10.0.0.3
start time: 1741055359815
local preference: 199
end time: 1741055359815
Time: 0 ms
--------------------------------------------------
received prefix: 10.0.0.4
start time: 1741055360004
local preference: 178
end time: 1741055360005
Time: 1 ms
--------------------------------------------------
received prefix: 10.0.0.5
start time: 1741055360181
local preference: 207
end time: 1741055360181
Time: 0 ms
--------------------------------------------------
received prefix: 10.0.0.9
start time: 1741055360382
local preference: 210
end time: 1741055360382
Time: 0 ms
--------------------------------------------------
received prefix: 10.0.0.10
start time: 1741055360569
local preference: 215
end time: 1741055360569
Time: 0 ms
--------------------------------------------------
received prefix: 10.0.0.15
start time: 1741055360742
local preference: 207
end time: 1741055360743
Time: 1 ms
--------------------------------------------------
received prefix: 10.0.0.16
start time: 1741055360987
local preference: 153
end time: 1741055360988
Time: 1 ms
--------------------------------------------------
received prefix: 10.0.0.17
start time: 1741055361106
local preference: 210
end time: 1741055361109
Time: 3 ms
--------------------------------------------------
received prefix: 10.0.0.18
start time: 1741055361333
local preference: 201
end time: 1741055361334
Time: 1 ms
--------------------------------------------------
received prefix: 10.0.0.19
start time: 1741055361554
local preference: 217
end time: 1741055361556
Time: 2 ms
--------------------------------------------------
received prefix: 10.0.0.21
start time: 1741055361668
local preference: 213
end time: 1741055361669
Time: 1 ms
--------------------------------------------------
received prefix: 10.0.0.21
start time: 1741055361748
local preference: 213
end time: 1741055361749
Time: 1 ms
--------------------------------------------------
received prefix: 10.0.0.21
start time: 1741055361826
local preference: 213
end time: 1741055361830
Time: 4 ms
--------------------------------------------------
received prefix: 10.0.0.21
start time: 1741055361890
local preference: 213
end time: 1741055361893
Time: 3 ms
--------------------------------------------------
received prefix: 10.0.0.21
start time: 1741055361936
local preference: 212
end time: 1741055361936
Time: 0 ms
--------------------------------------------------
received prefix: 10.0.0.21
start time: 1741055361968
local preference: 212
end time: 1741055361968
Time: 0 ms
--------------------------------------------------
received prefix: 10.0.0.21
start time: 1741055361979
local preference: 213
end time: 1741055361979
Time: 0 ms
--------------------------------------------------
received prefix: 10.0.0.21
start time: 1741055362031
local preference: 213
end time: 1741055362031
Time: 0 ms
--------------------------------------------------
received prefix: 10.0.0.22
start time: 1741055362113
local preference: 207
end time: 1741055362113
Time: 0 ms
--------------------------------------------------
received prefix: 10.0.0.22
start time: 1741055362138
local preference: 207
end time: 1741055362139
Time: 1 ms
--------------------------------------------------
received prefix: 10.0.0.22
start time: 1741055362181
local preference: 206
end time: 1741055362182
Time: 1 ms
--------------------------------------------------
received prefix: 10.0.0.22
start time: 1741055362212
local preference: 206
end time: 1741055362216
Time: 4 ms
--------------------------------------------------
received prefix: 10.0.0.22
start time: 1741055362247
local preference: 206
end time: 1741055362247
Time: 0 ms
--------------------------------------------------
received prefix: 10.0.0.22
start time: 1741055362298
local preference: 206
end time: 1741055362300
Time: 2 ms
--------------------------------------------------
received prefix: 10.0.0.22
start time: 1741055362346
local preference: 207
end time: 1741055362348
Time: 2 ms
--------------------------------------------------
received prefix: 10.0.0.22
start time: 1741055362390
local preference: 207
end time: 1741055362391
Time: 1 ms
--------------------------------------------------
received prefix: 10.0.0.20
start time: 1741055362666
local preference: 204
end time: 1741055362667
Time: 1 ms
--------------------------------------------------
received prefix: 10.0.0.20
start time: 1741055362713
local preference: 204
end time: 1741055362714
Time: 1 ms
--------------------------------------------------
received prefix: 10.0.0.20
start time: 1741055362758
local preference: 203
end time: 1741055362759
Time: 1 ms
--------------------------------------------------
received prefix: 10.0.0.20
start time: 1741055362828
local preference: 203
end time: 1741055362829
Time: 1 ms
--------------------------------------------------
received prefix: 10.0.0.20
start time: 1741055362847
local preference: 203
end time: 1741055362848
Time: 1 ms
--------------------------------------------------
received prefix: 10.0.0.20
start time: 1741055362883
local preference: 203
end time: 1741055362883
Time: 0 ms
--------------------------------------------------
received prefix: 10.0.0.20
start time: 1741055362928
local preference: 204
end time: 1741055362929
Time: 1 ms
--------------------------------------------------
received prefix: 10.0.0.20
start time: 1741055362941
local preference: 204
end time: 1741055362941
Time: 0 ms
--------------------------------------------------
received prefix: 10.0.0.13
start time: 1741055363075
local preference: 215
end time: 1741055363076
Time: 1 ms
--------------------------------------------------
received prefix: 10.0.0.13
start time: 1741055363132
local preference: 215
end time: 1741055363134
Time: 2 ms
--------------------------------------------------
received prefix: 10.0.0.13
start time: 1741055363227
local preference: 215
end time: 1741055363228
Time: 1 ms
--------------------------------------------------
received prefix: 10.0.0.13
start time: 1741055363277
local preference: 214
end time: 1741055363278
Time: 1 ms
--------------------------------------------------
received prefix: 10.0.0.13
start time: 1741055363317
local preference: 214
end time: 1741055363318
Time: 1 ms
--------------------------------------------------
received prefix: 10.0.0.13
start time: 1741055363379
local preference: 214
end time: 1741055363380
Time: 1 ms
--------------------------------------------------
received prefix: 10.0.0.13
start time: 1741055363415
local preference: 215
end time: 1741055363416
Time: 1 ms
--------------------------------------------------
received prefix: 10.0.0.13
start time: 1741055363475
local preference: 215
end time: 1741055363476
Time: 1 ms
--------------------------------------------------
received prefix: 10.0.0.14
start time: 1741055363735
local preference: 208
end time: 1741055363738
Time: 3 ms
--------------------------------------------------
received prefix: 10.0.0.14
start time: 1741055363806
local preference: 208
end time: 1741055363807
Time: 1 ms
--------------------------------------------------
received prefix: 10.0.0.14
start time: 1741055363896
local preference: 207
end time: 1741055363898
Time: 2 ms
--------------------------------------------------
received prefix: 10.0.0.14
start time: 1741055363927
local preference: 207
end time: 1741055363928
Time: 1 ms
--------------------------------------------------
received prefix: 10.0.0.14
start time: 1741055364007
local preference: 207
end time: 1741055364007
Time: 0 ms
--------------------------------------------------
received prefix: 10.0.0.14
start time: 1741055364040
local preference: 207
end time: 1741055364041
Time: 1 ms
--------------------------------------------------
received prefix: 10.0.0.14
start time: 1741055364103
local preference: 208
end time: 1741055364104
Time: 1 ms
--------------------------------------------------
received prefix: 10.0.0.14
start time: 1741055364115
local preference: 208
end time: 1741055364116
Time: 1 ms
--------------------------------------------------
received prefix: 10.0.0.11
start time: 1741055364383
local preference: 206
end time: 1741055364385
Time: 2 ms
--------------------------------------------------
received prefix: 10.0.0.11
start time: 1741055364449
local preference: 206
end time: 1741055364450
Time: 1 ms
--------------------------------------------------
received prefix: 10.0.0.11
start time: 1741055364543
local preference: 205
end time: 1741055364544
Time: 1 ms
--------------------------------------------------
received prefix: 10.0.0.11
start time: 1741055364592
local preference: 205
end time: 1741055364595
Time: 3 ms
--------------------------------------------------
received prefix: 10.0.0.11
start time: 1741055364649
local preference: 205
end time: 1741055364650
Time: 1 ms
--------------------------------------------------
received prefix: 10.0.0.11
start time: 1741055364702
local preference: 205
end time: 1741055364703
Time: 1 ms
--------------------------------------------------
received prefix: 10.0.0.11
start time: 1741055364776
local preference: 206
end time: 1741055364777
Time: 1 ms
--------------------------------------------------
received prefix: 10.0.0.11
start time: 1741055364831
local preference: 206
end time: 1741055364832
Time: 1 ms
--------------------------------------------------
received prefix: 10.0.0.7
start time: 1741055365112
local preference: 210
end time: 1741055365113
Time: 1 ms
--------------------------------------------------
received prefix: 10.0.0.7
start time: 1741055365161
local preference: 211
end time: 1741055365162
Time: 1 ms
--------------------------------------------------
received prefix: 10.0.0.7
start time: 1741055365178
local preference: 211
end time: 1741055365178
Time: 0 ms
--------------------------------------------------
received prefix: 10.0.0.7
start time: 1741055365235
local preference: 212
end time: 1741055365236
Time: 1 ms
--------------------------------------------------
received prefix: 10.0.0.7
start time: 1741055365300
local preference: 211
end time: 1741055365301
Time: 1 ms
--------------------------------------------------
received prefix: 10.0.0.7
start time: 1741055365370
local preference: 212
end time: 1741055365371
Time: 1 ms
--------------------------------------------------
received prefix: 10.0.0.7
start time: 1741055365426
local preference: 210
end time: 1741055365427
Time: 1 ms
--------------------------------------------------
received prefix: 10.0.0.7
start time: 1741055365472
local preference: 211
end time: 1741055365473
Time: 1 ms
--------------------------------------------------
received prefix: 10.0.0.8
start time: 1741055365676
local preference: 207
end time: 1741055365677
Time: 1 ms
--------------------------------------------------
received prefix: 10.0.0.8
start time: 1741055365750
local preference: 207
end time: 1741055365755
Time: 5 ms
--------------------------------------------------
received prefix: 10.0.0.8
start time: 1741055365792
local preference: 206
end time: 1741055365795
Time: 3 ms
--------------------------------------------------
received prefix: 10.0.0.8
start time: 1741055365838
local preference: 206
end time: 1741055365839
Time: 1 ms
--------------------------------------------------
received prefix: 10.0.0.8
start time: 1741055365882
local preference: 206
end time: 1741055365883
Time: 1 ms
--------------------------------------------------
received prefix: 10.0.0.8
start time: 1741055365931
local preference: 206
end time: 1741055365935
Time: 4 ms
--------------------------------------------------
received prefix: 10.0.0.8
start time: 1741055366004
local preference: 207
end time: 1741055366006
Time: 2 ms
--------------------------------------------------
received prefix: 10.0.0.8
start time: 1741055366050
local preference: 207
end time: 1741055366051
Time: 1 ms
--------------------------------------------------
received prefix: 10.0.0.6
start time: 1741055366263
local preference: 213
end time: 1741055366264
Time: 1 ms
--------------------------------------------------
received prefix: 10.0.0.6
start time: 1741055366341
local preference: 214
end time: 1741055366343
Time: 2 ms
--------------------------------------------------
received prefix: 10.0.0.6
start time: 1741055366375
local preference: 214
end time: 1741055366375
Time: 0 ms
--------------------------------------------------
received prefix: 10.0.0.6
start time: 1741055366410
local preference: 215
end time: 1741055366411
Time: 1 ms
--------------------------------------------------
received prefix: 10.0.0.6
start time: 1741055366453
local preference: 214
end time: 1741055366454
Time: 1 ms
--------------------------------------------------
received prefix: 10.0.0.6
start time: 1741055366532
local preference: 215
end time: 1741055366533
Time: 1 ms
--------------------------------------------------
received prefix: 10.0.0.6
start time: 1741055366564
local preference: 213
end time: 1741055366565
Time: 1 ms
--------------------------------------------------
received prefix: 10.0.0.6
start time: 1741055366578
local preference: 214
end time: 1741055366583
Time: 5 ms
--------------------------------------------------
received prefix: 10.0.0.1
start time: 1741055366826
local preference: 210
end time: 1741055366827
Time: 1 ms
--------------------------------------------------
received prefix: 10.0.0.1
start time: 1741055366894
local preference: 210
end time: 1741055366895
Time: 1 ms
--------------------------------------------------
received prefix: 10.0.0.1
start time: 1741055366938
local preference: 210
end time: 1741055366939
Time: 1 ms
--------------------------------------------------
received prefix: 10.0.0.1
start time: 1741055367017
local preference: 209
end time: 1741055367019
Time: 2 ms
--------------------------------------------------
received prefix: 10.0.0.1
start time: 1741055367066
local preference: 209
end time: 1741055367067
Time: 1 ms
--------------------------------------------------
received prefix: 10.0.0.1
start time: 1741055367074
local preference: 209
end time: 1741055367074
Time: 0 ms
--------------------------------------------------
received prefix: 10.0.0.1
start time: 1741055367104
local preference: 210
end time: 1741055367105
Time: 1 ms
--------------------------------------------------
received prefix: 10.0.0.1
start time: 1741055367145
local preference: 210
end time: 1741055367147
Time: 2 ms
--------------------------------------------------
received prefix: 10.0.0.2
start time: 1741055367349
local preference: 214
end time: 1741055367352
Time: 3 ms
--------------------------------------------------
received prefix: 10.0.0.2
start time: 1741055367394
local preference: 213
end time: 1741055367394
Time: 0 ms
--------------------------------------------------
received prefix: 10.0.0.2
start time: 1741055367460
local preference: 213
end time: 1741055367460
Time: 0 ms
--------------------------------------------------
received prefix: 10.0.0.2
start time: 1741055367536
local preference: 213
end time: 1741055367537
Time: 1 ms
--------------------------------------------------
received prefix: 10.0.0.2
start time: 1741055367587
local preference: 213
end time: 1741055367590
Time: 3 ms
--------------------------------------------------
received prefix: 10.0.0.2
start time: 1741055367653
local preference: 212
end time: 1741055367656
Time: 3 ms
--------------------------------------------------
received prefix: 10.0.0.2
start time: 1741055367712
local preference: 214
end time: 1741055367713
Time: 1 ms
--------------------------------------------------
received prefix: 10.0.0.2
start time: 1741055367754
local preference: 213
end time: 1741055367757
Time: 3 ms
--------------------------------------------------
received prefix: 10.0.0.3
start time: 1741055368023
local preference: 199
end time: 1741055368024
Time: 1 ms
--------------------------------------------------
received prefix: 10.0.0.3
start time: 1741055368098
local preference: 198
end time: 1741055368100
Time: 2 ms
--------------------------------------------------
received prefix: 10.0.0.3
start time: 1741055368114
local preference: 198
end time: 1741055368114
Time: 0 ms
--------------------------------------------------
received prefix: 10.0.0.3
start time: 1741055368183
local preference: 198
end time: 1741055368184
Time: 1 ms
--------------------------------------------------
received prefix: 10.0.0.3
start time: 1741055368259
local preference: 198
end time: 1741055368260
Time: 1 ms
--------------------------------------------------
received prefix: 10.0.0.3
start time: 1741055368318
local preference: 197
end time: 1741055368320
Time: 2 ms
--------------------------------------------------
received prefix: 10.0.0.3
start time: 1741055368337
local preference: 199
end time: 1741055368338
Time: 1 ms
--------------------------------------------------
received prefix: 10.0.0.3
start time: 1741055368378
local preference: 198
end time: 1741055368378
Time: 0 ms
--------------------------------------------------
received prefix: 10.0.0.4
start time: 1741055368541
local preference: 177
end time: 1741055368542
Time: 1 ms
--------------------------------------------------
received prefix: 10.0.0.4
start time: 1741055368610
local preference: 177
end time: 1741055368611
Time: 1 ms
--------------------------------------------------
received prefix: 10.0.0.4
start time: 1741055368681
local preference: 176
end time: 1741055368682
Time: 1 ms
--------------------------------------------------
received prefix: 10.0.0.4
start time: 1741055368734
local preference: 176
end time: 1741055368734
Time: 0 ms
--------------------------------------------------
received prefix: 10.0.0.4
start time: 1741055368783
local preference: 176
end time: 1741055368784
Time: 1 ms
--------------------------------------------------
received prefix: 10.0.0.4
start time: 1741055368838
local preference: 176
end time: 1741055368839
Time: 1 ms
--------------------------------------------------
received prefix: 10.0.0.4
start time: 1741055368878
local preference: 177
end time: 1741055368878
Time: 0 ms
--------------------------------------------------
received prefix: 10.0.0.4
start time: 1741055368882
local preference: 177
end time: 1741055368883
Time: 1 ms
--------------------------------------------------
received prefix: 10.0.0.5
start time: 1741055369112
local preference: 206
end time: 1741055369113
Time: 1 ms
--------------------------------------------------
received prefix: 10.0.0.5
start time: 1741055369218
local preference: 206
end time: 1741055369220
Time: 2 ms
--------------------------------------------------
received prefix: 10.0.0.5
start time: 1741055369277
local preference: 205
end time: 1741055369278
Time: 1 ms
--------------------------------------------------
received prefix: 10.0.0.5
start time: 1741055369282
local preference: 205
end time: 1741055369283
Time: 1 ms
--------------------------------------------------
received prefix: 10.0.0.5
start time: 1741055369333
local preference: 205
end time: 1741055369334
Time: 1 ms
--------------------------------------------------
received prefix: 10.0.0.5
start time: 1741055369379
local preference: 205
end time: 1741055369379
Time: 0 ms
--------------------------------------------------
received prefix: 10.0.0.5
start time: 1741055369415
local preference: 206
end time: 1741055369416
Time: 1 ms
--------------------------------------------------
received prefix: 10.0.0.5
start time: 1741055369471
local preference: 206
end time: 1741055369472
Time: 1 ms
--------------------------------------------------
received prefix: 10.0.0.9
start time: 1741055369650
local preference: 210
end time: 1741055369651
Time: 1 ms
--------------------------------------------------
received prefix: 10.0.0.9
start time: 1741055369763
local preference: 211
end time: 1741055369764
Time: 1 ms
--------------------------------------------------
received prefix: 10.0.0.9
start time: 1741055369840
local preference: 211
end time: 1741055369841
Time: 1 ms
--------------------------------------------------
received prefix: 10.0.0.9
start time: 1741055369877
local preference: 212
end time: 1741055369877
Time: 0 ms
--------------------------------------------------
received prefix: 10.0.0.9
start time: 1741055369912
local preference: 211
end time: 1741055369913
Time: 1 ms
--------------------------------------------------
received prefix: 10.0.0.9
start time: 1741055369964
local preference: 212
end time: 1741055369965
Time: 1 ms
--------------------------------------------------
received prefix: 10.0.0.9
start time: 1741055370027
local preference: 210
end time: 1741055370028
Time: 1 ms
--------------------------------------------------
received prefix: 10.0.0.9
start time: 1741055370069
local preference: 211
end time: 1741055370071
Time: 2 ms
--------------------------------------------------
received prefix: 10.0.0.10
start time: 1741055370309
local preference: 215
end time: 1741055370310
Time: 1 ms
--------------------------------------------------
received prefix: 10.0.0.10
start time: 1741055370342
local preference: 215
end time: 1741055370343
Time: 1 ms
--------------------------------------------------
received prefix: 10.0.0.10
start time: 1741055370405
local preference: 215
end time: 1741055370406
Time: 1 ms
--------------------------------------------------
received prefix: 10.0.0.10
start time: 1741055370472
local preference: 216
end time: 1741055370473
Time: 1 ms
--------------------------------------------------
received prefix: 10.0.0.10
start time: 1741055370516
local preference: 215
end time: 1741055370516
Time: 0 ms
--------------------------------------------------
received prefix: 10.0.0.10
start time: 1741055370583
local preference: 215
end time: 1741055370583
Time: 0 ms
--------------------------------------------------
received prefix: 10.0.0.10
start time: 1741055370655
local preference: 215
end time: 1741055370656
Time: 1 ms
--------------------------------------------------
received prefix: 10.0.0.10
start time: 1741055370711
local preference: 215
end time: 1741055370712
Time: 1 ms
--------------------------------------------------
received prefix: 10.0.0.15
start time: 1741055370870
local preference: 207
end time: 1741055370871
Time: 1 ms
--------------------------------------------------
received prefix: 10.0.0.15
start time: 1741055370937
local preference: 206
end time: 1741055370939
Time: 2 ms
--------------------------------------------------
received prefix: 10.0.0.15
start time: 1741055370996
local preference: 206
end time: 1741055370997
Time: 1 ms
--------------------------------------------------
received prefix: 10.0.0.15
start time: 1741055371074
local preference: 206
end time: 1741055371075
Time: 1 ms
--------------------------------------------------
received prefix: 10.0.0.15
start time: 1741055371162
local preference: 206
end time: 1741055371163
Time: 1 ms
--------------------------------------------------
received prefix: 10.0.0.15
start time: 1741055371212
local preference: 205
end time: 1741055371213
Time: 1 ms
--------------------------------------------------
received prefix: 10.0.0.15
start time: 1741055371293
local preference: 207
end time: 1741055371296
Time: 3 ms
--------------------------------------------------
received prefix: 10.0.0.15
start time: 1741055371305
local preference: 206
end time: 1741055371307
Time: 2 ms
--------------------------------------------------
received prefix: 10.0.0.16
start time: 1741055371541
local preference: 150
end time: 1741055371542
Time: 1 ms
--------------------------------------------------
received prefix: 10.0.0.16
start time: 1741055371584
local preference: 151
end time: 1741055371585
Time: 1 ms
--------------------------------------------------
received prefix: 10.0.0.16
start time: 1741055371659
local preference: 151
end time: 1741055371659
Time: 0 ms
--------------------------------------------------
received prefix: 10.0.0.16
start time: 1741055371722
local preference: 152
end time: 1741055371724
Time: 2 ms
--------------------------------------------------
received prefix: 10.0.0.16
start time: 1741055371740
local preference: 152
end time: 1741055371741
Time: 1 ms
--------------------------------------------------
received prefix: 10.0.0.16
start time: 1741055371786
local preference: 152
end time: 1741055371787
Time: 1 ms
--------------------------------------------------
received prefix: 10.0.0.16
start time: 1741055371800
local preference: 150
end time: 1741055371801
Time: 1 ms
--------------------------------------------------
received prefix: 10.0.0.16
start time: 1741055371843
local preference: 151
end time: 1741055371843
Time: 0 ms
--------------------------------------------------
received prefix: 10.0.0.17
start time: 1741055372037
local preference: 211
end time: 1741055372038
Time: 1 ms
--------------------------------------------------
received prefix: 10.0.0.17
start time: 1741055372084
local preference: 210
end time: 1741055372086
Time: 2 ms
--------------------------------------------------
received prefix: 10.0.0.17
start time: 1741055372142
local preference: 210
end time: 1741055372143
Time: 1 ms
--------------------------------------------------
received prefix: 10.0.0.17
start time: 1741055372226
local preference: 210
end time: 1741055372227
Time: 1 ms
--------------------------------------------------
received prefix: 10.0.0.17
start time: 1741055372271
local preference: 210
end time: 1741055372272
Time: 1 ms
--------------------------------------------------
received prefix: 10.0.0.17
start time: 1741055372304
local preference: 209
end time: 1741055372305
Time: 1 ms
--------------------------------------------------
received prefix: 10.0.0.17
start time: 1741055372347
local preference: 211
end time: 1741055372349
Time: 2 ms
--------------------------------------------------
received prefix: 10.0.0.17
start time: 1741055372403
local preference: 210
end time: 1741055372404
Time: 1 ms
--------------------------------------------------
received prefix: 10.0.0.18
start time: 1741055372577
local preference: 201
end time: 1741055372578
Time: 1 ms
--------------------------------------------------
received prefix: 10.0.0.18
start time: 1741055372602
local preference: 202
end time: 1741055372605
Time: 3 ms
--------------------------------------------------
received prefix: 10.0.0.18
start time: 1741055372691
local preference: 202
end time: 1741055372691
Time: 0 ms
--------------------------------------------------
received prefix: 10.0.0.18
start time: 1741055372759
local preference: 203
end time: 1741055372760
Time: 1 ms
--------------------------------------------------
received prefix: 10.0.0.18
start time: 1741055372782
local preference: 202
end time: 1741055372783
Time: 1 ms
--------------------------------------------------
received prefix: 10.0.0.18
start time: 1741055372830
local preference: 203
end time: 1741055372831
Time: 1 ms
--------------------------------------------------
received prefix: 10.0.0.18
start time: 1741055372878
local preference: 201
end time: 1741055372879
Time: 1 ms
--------------------------------------------------
received prefix: 10.0.0.18
start time: 1741055372924
local preference: 202
end time: 1741055372925
Time: 1 ms
--------------------------------------------------
received prefix: 10.0.0.19
start time: 1741055373179
local preference: 217
end time: 1741055373180
Time: 1 ms
--------------------------------------------------
received prefix: 10.0.0.19
start time: 1741055373243
local preference: 217
end time: 1741055373245
Time: 2 ms
--------------------------------------------------
received prefix: 10.0.0.19
start time: 1741055373314
local preference: 217
end time: 1741055373314
Time: 0 ms
--------------------------------------------------
received prefix: 10.0.0.19
start time: 1741055373396
local preference: 217
end time: 1741055373397
Time: 1 ms
--------------------------------------------------
received prefix: 10.0.0.19
start time: 1741055373481
local preference: 217
end time: 1741055373482
Time: 1 ms
--------------------------------------------------
received prefix: 10.0.0.19
start time: 1741055373535
local preference: 217
end time: 1741055373536
Time: 1 ms
--------------------------------------------------
received prefix: 10.0.0.19
start time: 1741055373600
local preference: 217
end time: 1741055373601
Time: 1 ms
--------------------------------------------------
received prefix: 10.0.0.19
start time: 1741055373634
local preference: 217
end time: 1741055373636
Time: 2 ms
--------------------------------------------------
received prefix: 10.0.0.23
start time: 1741055374036
local preference: 189
end time: 1741055374037
Time: 1 ms
--------------------------------------------------
received prefix: 10.0.0.23
start time: 1741055374107
local preference: 189
end time: 1741055374107
Time: 0 ms
--------------------------------------------------
received prefix: 10.0.0.23
start time: 1741055374201
local preference: 190
end time: 1741055374202
Time: 1 ms
--------------------------------------------------
received prefix: 10.0.0.23
start time: 1741055374247
local preference: 190
end time: 1741055374247
Time: 0 ms
--------------------------------------------------
received prefix: 10.0.0.23
start time: 1741055374282
local preference: 191
end time: 1741055374283
Time: 1 ms
--------------------------------------------------
received prefix: 10.0.0.23
start time: 1741055374339
local preference: 191
end time: 1741055374339
Time: 0 ms
--------------------------------------------------
received prefix: 10.0.0.23
start time: 1741055374381
local preference: 190
end time: 1741055374382
Time: 1 ms
--------------------------------------------------
received prefix: 10.0.0.23
start time: 1741055374430
local preference: 190
end time: 1741055374431
Time: 1 ms
--------------------------------------------------
received prefix: 10.0.0.24
start time: 1741055374717
local preference: 184
end time: 1741055374718
Time: 1 ms
--------------------------------------------------
received prefix: 10.0.0.24
start time: 1741055374744
local preference: 184
end time: 1741055374745
Time: 1 ms
--------------------------------------------------
received prefix: 10.0.0.24
start time: 1741055374794
local preference: 185
end time: 1741055374794
Time: 0 ms
--------------------------------------------------
received prefix: 10.0.0.24
start time: 1741055374827
local preference: 185
end time: 1741055374830
Time: 3 ms
--------------------------------------------------
received prefix: 10.0.0.24
start time: 1741055374883
local preference: 186
end time: 1741055374886
Time: 3 ms
--------------------------------------------------
received prefix: 10.0.0.24
start time: 1741055374916
local preference: 186
end time: 1741055374920
Time: 4 ms
--------------------------------------------------
received prefix: 10.0.0.24
start time: 1741055374947
local preference: 185
end time: 1741055374947
Time: 0 ms
--------------------------------------------------
received prefix: 10.0.0.24
start time: 1741055374988
local preference: 185
end time: 1741055374989
Time: 1 ms
--------------------------------------------------
received prefix: 10.0.0.25
start time: 1741055375285
local preference: 177
end time: 1741055375287
Time: 2 ms
--------------------------------------------------
received prefix: 10.0.0.25
start time: 1741055375315
local preference: 177
end time: 1741055375316
Time: 1 ms
--------------------------------------------------
received prefix: 10.0.0.25
start time: 1741055375372
local preference: 176
end time: 1741055375373
Time: 1 ms
--------------------------------------------------
received prefix: 10.0.0.25
start time: 1741055375412
local preference: 176
end time: 1741055375416
Time: 4 ms
--------------------------------------------------
received prefix: 10.0.0.25
start time: 1741055375482
local preference: 176
end time: 1741055375484
Time: 2 ms
--------------------------------------------------
received prefix: 10.0.0.25
start time: 1741055375507
local preference: 176
end time: 1741055375507
Time: 0 ms
--------------------------------------------------
received prefix: 10.0.0.25
start time: 1741055375548
local preference: 176
end time: 1741055375550
Time: 2 ms
--------------------------------------------------
received prefix: 10.0.0.25
start time: 1741055375580
local preference: 176
end time: 1741055375581
Time: 1 ms
--------------------------------------------------
received prefix: 10.0.0.26
start time: 1741055380883
local preference: 192
end time: 1741055380886
Time: 3 ms
--------------------------------------------------
received prefix: 10.0.0.25
start time: 1741055381963
local preference: 176
end time: 1741055381963
Time: 0 ms
--------------------------------------------------
received prefix: 10.0.0.21
start time: 1741055382948
local preference: 205
end time: 1741055382949
Time: 1 ms
--------------------------------------------------
received prefix: 10.0.0.22
start time: 1741055383894
local preference: 199
end time: 1741055383897
Time: 3 ms
--------------------------------------------------
received prefix: 10.0.0.20
start time: 1741055384888
local preference: 195
end time: 1741055384889
Time: 1 ms
--------------------------------------------------
received prefix: 10.0.0.13
start time: 1741055385891
local preference: 207
end time: 1741055385892
Time: 1 ms
--------------------------------------------------
received prefix: 10.0.0.14
start time: 1741055386830
local preference: 200
end time: 1741055386833
Time: 3 ms
--------------------------------------------------
received prefix: 10.0.0.11
start time: 1741055387661
local preference: 198
end time: 1741055387662
Time: 1 ms
--------------------------------------------------
received prefix: 10.0.0.7
start time: 1741055388644
local preference: 212
end time: 1741055388645
Time: 1 ms
--------------------------------------------------
received prefix: 10.0.0.8
start time: 1741055389538
local preference: 199
end time: 1741055389541
Time: 3 ms
--------------------------------------------------
received prefix: 10.0.0.6
start time: 1741055390476
local preference: 212
end time: 1741055390476
Time: 0 ms
--------------------------------------------------
received prefix: 10.0.0.1
start time: 1741055391404
local preference: 202
end time: 1741055391405
Time: 1 ms
--------------------------------------------------
received prefix: 10.0.0.2
start time: 1741055392289
local preference: 205
end time: 1741055392290
Time: 1 ms
--------------------------------------------------
received prefix: 10.0.0.3
start time: 1741055393182
local preference: 190
end time: 1741055393183
Time: 1 ms
--------------------------------------------------
received prefix: 10.0.0.4
start time: 1741055394123
local preference: 169
end time: 1741055394125
Time: 2 ms
--------------------------------------------------
received prefix: 10.0.0.5
start time: 1741055394946
local preference: 198
end time: 1741055394946
Time: 0 ms
--------------------------------------------------
received prefix: 10.0.0.9
start time: 1741055395914
local preference: 212
end time: 1741055395916
Time: 2 ms
--------------------------------------------------
received prefix: 10.0.0.10
start time: 1741055396799
local preference: 210
end time: 1741055396799
Time: 0 ms
--------------------------------------------------
received prefix: 10.0.0.15
start time: 1741055397751
local preference: 198
end time: 1741055397752
Time: 1 ms
--------------------------------------------------
received prefix: 10.0.0.16
start time: 1741055398823
local preference: 182
end time: 1741055398824
Time: 1 ms
--------------------------------------------------
received prefix: 10.0.0.17
start time: 1741055399792
local preference: 202
end time: 1741055399793
Time: 1 ms
--------------------------------------------------
received prefix: 10.0.0.18
start time: 1741055400810
local preference: 215
end time: 1741055400811
Time: 1 ms
--------------------------------------------------
received prefix: 10.0.0.19
start time: 1741055401714
local preference: 211
end time: 1741055401715
Time: 1 ms
--------------------------------------------------
received prefix: 10.0.0.23
start time: 1741055402723
local preference: 214
end time: 1741055402724
Time: 1 ms
--------------------------------------------------
received prefix: 10.0.0.24
start time: 1741055403704
local preference: 213
end time: 1741055403708
Time: 4 ms
--------------------------------------------------
received prefix: 10.0.0.22
start time: 1741055485948
local preference: 207
end time: 1741055485950
Time: 2 ms
--------------------------------------------------
received prefix: 10.0.0.21
start time: 1741055486534
local preference: 213
end time: 1741055486534
Time: 0 ms
--------------------------------------------------
received prefix: 10.0.0.12
start time: 1741055486740
local preference: 214
end time: 1741055486741
Time: 1 ms
--------------------------------------------------
received prefix: 10.0.0.32
start time: 1741055486896
local preference: 208
end time: 1741055486898
Time: 2 ms
--------------------------------------------------
received prefix: 10.0.0.26
start time: 1741055487064
local preference: 186
end time: 1741055487065
Time: 1 ms
--------------------------------------------------
received prefix: 10.0.0.25
start time: 1741055487232
local preference: 185
end time: 1741055487233
Time: 1 ms
--------------------------------------------------
received prefix: 10.0.0.23
start time: 1741055487393
local preference: 188
end time: 1741055487394
Time: 1 ms
--------------------------------------------------
received prefix: 10.0.0.24
start time: 1741055487575
local preference: 183
end time: 1741055487576
Time: 1 ms
--------------------------------------------------
received prefix: 10.0.0.27
start time: 1741055487731
local preference: 187
end time: 1741055487735
Time: 4 ms
--------------------------------------------------
received prefix: 10.0.0.28
start time: 1741055487916
local preference: 194
end time: 1741055487916
Time: 0 ms
--------------------------------------------------
received prefix: 10.0.0.29
start time: 1741055488120
local preference: 194
end time: 1741055488122
Time: 2 ms
--------------------------------------------------
received prefix: 10.0.0.30
start time: 1741055488276
local preference: 208
end time: 1741055488277
Time: 1 ms
--------------------------------------------------
received prefix: 10.0.0.31
start time: 1741055488511
local preference: 208
end time: 1741055488511
Time: 0 ms
--------------------------------------------------
received prefix: 10.0.0.12
start time: 1741055489477
local preference: 213
end time: 1741055489479
Time: 2 ms
--------------------------------------------------
received prefix: 10.0.0.12
start time: 1741055489554
local preference: 213
end time: 1741055489555
Time: 1 ms
--------------------------------------------------
received prefix: 10.0.0.12
start time: 1741055489593
local preference: 212
end time: 1741055489594
Time: 1 ms
--------------------------------------------------
received prefix: 10.0.0.12
start time: 1741055489652
local preference: 212
end time: 1741055489654
Time: 2 ms
--------------------------------------------------
received prefix: 10.0.0.12
start time: 1741055489679
local preference: 212
end time: 1741055489681
Time: 2 ms
--------------------------------------------------
received prefix: 10.0.0.12
start time: 1741055489730
local preference: 212
end time: 1741055489730
Time: 0 ms
--------------------------------------------------
received prefix: 10.0.0.12
start time: 1741055489746
local preference: 213
end time: 1741055489747
Time: 1 ms
--------------------------------------------------
received prefix: 10.0.0.12
start time: 1741055489750
local preference: 213
end time: 1741055489752
Time: 2 ms
--------------------------------------------------
received prefix: 10.0.0.32
start time: 1741055489956
local preference: 207
end time: 1741055489957
Time: 1 ms
--------------------------------------------------
received prefix: 10.0.0.32
start time: 1741055490043
local preference: 207
end time: 1741055490044
Time: 1 ms
--------------------------------------------------
received prefix: 10.0.0.32
start time: 1741055490123
local preference: 206
end time: 1741055490125
Time: 2 ms
--------------------------------------------------
received prefix: 10.0.0.32
start time: 1741055490157
local preference: 206
end time: 1741055490160
Time: 3 ms
--------------------------------------------------
received prefix: 10.0.0.32
start time: 1741055490190
local preference: 206
end time: 1741055490192
Time: 2 ms
--------------------------------------------------
received prefix: 10.0.0.32
start time: 1741055490240
local preference: 206
end time: 1741055490243
Time: 3 ms
--------------------------------------------------
received prefix: 10.0.0.32
start time: 1741055490304
local preference: 207
end time: 1741055490304
Time: 0 ms
--------------------------------------------------
received prefix: 10.0.0.32
start time: 1741055490324
local preference: 207
end time: 1741055490326
Time: 2 ms
--------------------------------------------------
received prefix: 10.0.0.26
start time: 1741055490559
local preference: 186
end time: 1741055490560
Time: 1 ms
--------------------------------------------------
received prefix: 10.0.0.26
start time: 1741055490590
local preference: 185
end time: 1741055490591
Time: 1 ms
--------------------------------------------------
received prefix: 10.0.0.26
start time: 1741055490671
local preference: 185
end time: 1741055490674
Time: 3 ms
--------------------------------------------------
received prefix: 10.0.0.26
start time: 1741055490726
local preference: 184
end time: 1741055490727
Time: 1 ms
--------------------------------------------------
received prefix: 10.0.0.26
start time: 1741055490760
local preference: 184
end time: 1741055490760
Time: 0 ms
--------------------------------------------------
received prefix: 10.0.0.26
start time: 1741055490805
local preference: 184
end time: 1741055490806
Time: 1 ms
--------------------------------------------------
received prefix: 10.0.0.26
start time: 1741055490872
local preference: 185
end time: 1741055490873
Time: 1 ms
--------------------------------------------------
received prefix: 10.0.0.27
start time: 1741055491076
local preference: 186
end time: 1741055491077
Time: 1 ms
--------------------------------------------------
received prefix: 10.0.0.27
start time: 1741055491138
local preference: 186
end time: 1741055491142
Time: 4 ms
--------------------------------------------------
received prefix: 10.0.0.27
start time: 1741055491204
local preference: 186
end time: 1741055491205
Time: 1 ms
--------------------------------------------------
received prefix: 10.0.0.27
start time: 1741055491273
local preference: 185
end time: 1741055491274
Time: 1 ms
--------------------------------------------------
received prefix: 10.0.0.27
start time: 1741055491336
local preference: 185
end time: 1741055491337
Time: 1 ms
--------------------------------------------------
received prefix: 10.0.0.27
start time: 1741055491405
local preference: 185
end time: 1741055491407
Time: 2 ms
--------------------------------------------------
received prefix: 10.0.0.27
start time: 1741055491455
local preference: 186
end time: 1741055491459
Time: 4 ms
--------------------------------------------------
received prefix: 10.0.0.27
start time: 1741055491533
local preference: 186
end time: 1741055491534
Time: 1 ms
--------------------------------------------------
received prefix: 10.0.0.28
start time: 1741055491726
local preference: 193
end time: 1741055491726
Time: 0 ms
--------------------------------------------------
received prefix: 10.0.0.28
start time: 1741055491832
local preference: 193
end time: 1741055491835
Time: 3 ms
--------------------------------------------------
received prefix: 10.0.0.28
start time: 1741055491863
local preference: 192
end time: 1741055491863
Time: 0 ms
--------------------------------------------------
received prefix: 10.0.0.28
start time: 1741055491914
local preference: 192
end time: 1741055491915
Time: 1 ms
--------------------------------------------------
received prefix: 10.0.0.28
start time: 1741055491971
local preference: 192
end time: 1741055491973
Time: 2 ms
--------------------------------------------------
received prefix: 10.0.0.28
start time: 1741055491989
local preference: 192
end time: 1741055491990
Time: 1 ms
--------------------------------------------------
received prefix: 10.0.0.28
start time: 1741055492038
local preference: 193
end time: 1741055492039
Time: 1 ms
--------------------------------------------------
received prefix: 10.0.0.28
start time: 1741055492102
local preference: 193
end time: 1741055492102
Time: 0 ms
--------------------------------------------------
received prefix: 10.0.0.29
start time: 1741055492326
local preference: 194
end time: 1741055492326
Time: 0 ms
--------------------------------------------------
received prefix: 10.0.0.29
start time: 1741055492391
local preference: 193
end time: 1741055492391
Time: 0 ms
--------------------------------------------------
received prefix: 10.0.0.29
start time: 1741055492455
local preference: 193
end time: 1741055492456
Time: 1 ms
--------------------------------------------------
received prefix: 10.0.0.29
start time: 1741055492503
local preference: 193
end time: 1741055492504
Time: 1 ms
--------------------------------------------------
received prefix: 10.0.0.29
start time: 1741055492569
local preference: 193
end time: 1741055492570
Time: 1 ms
--------------------------------------------------
received prefix: 10.0.0.29
start time: 1741055492601
local preference: 192
end time: 1741055492603
Time: 2 ms
--------------------------------------------------
received prefix: 10.0.0.29
start time: 1741055492656
local preference: 194
end time: 1741055492660
Time: 4 ms
--------------------------------------------------
received prefix: 10.0.0.29
start time: 1741055492699
local preference: 193
end time: 1741055492700
Time: 1 ms
--------------------------------------------------
received prefix: 10.0.0.30
start time: 1741055492924
local preference: 207
end time: 1741055492926
Time: 2 ms
--------------------------------------------------
received prefix: 10.0.0.30
start time: 1741055492997
local preference: 207
end time: 1741055493000
Time: 3 ms
--------------------------------------------------
received prefix: 10.0.0.30
start time: 1741055493073
local preference: 206
end time: 1741055493074
Time: 1 ms
--------------------------------------------------
received prefix: 10.0.0.30
start time: 1741055493126
local preference: 206
end time: 1741055493130
Time: 4 ms
--------------------------------------------------
received prefix: 10.0.0.30
start time: 1741055493160
local preference: 206
end time: 1741055493162
Time: 2 ms
--------------------------------------------------
received prefix: 10.0.0.30
start time: 1741055493215
local preference: 206
end time: 1741055493215
Time: 0 ms
--------------------------------------------------
received prefix: 10.0.0.30
start time: 1741055493252
local preference: 207
end time: 1741055493255
Time: 3 ms
--------------------------------------------------
received prefix: 10.0.0.30
start time: 1741055493311
local preference: 207
end time: 1741055493312
Time: 1 ms
--------------------------------------------------
received prefix: 10.0.0.31
start time: 1741055493531
local preference: 207
end time: 1741055493532
Time: 1 ms
--------------------------------------------------
received prefix: 10.0.0.31
start time: 1741055493595
local preference: 207
end time: 1741055493596
Time: 1 ms
--------------------------------------------------
received prefix: 10.0.0.31
start time: 1741055493682
local preference: 206
end time: 1741055493683
Time: 1 ms
--------------------------------------------------
received prefix: 10.0.0.31
start time: 1741055493755
local preference: 206
end time: 1741055493757
Time: 2 ms
--------------------------------------------------
received prefix: 10.0.0.31
start time: 1741055493807
local preference: 206
end time: 1741055493808
Time: 1 ms
--------------------------------------------------
received prefix: 10.0.0.31
start time: 1741055493856
local preference: 206
end time: 1741055493856
Time: 0 ms
--------------------------------------------------
received prefix: 10.0.0.31
start time: 1741055493912
local preference: 207
end time: 1741055493913
Time: 1 ms
--------------------------------------------------
received prefix: 10.0.0.31
start time: 1741055493942
local preference: 207
end time: 1741055493943
Time: 1 ms
--------------------------------------------------
received prefix: 10.0.0.26
start time: 1741055494510
local preference: 192
end time: 1741055494511
Time: 1 ms
--------------------------------------------------
received prefix: 10.0.0.26
start time: 1741055494565
local preference: 192
end time: 1741055494566
Time: 1 ms
--------------------------------------------------
received prefix: 10.0.0.26
start time: 1741055494605
local preference: 191
end time: 1741055494606
Time: 1 ms
--------------------------------------------------
received prefix: 10.0.0.26
start time: 1741055494642
local preference: 191
end time: 1741055494642
Time: 0 ms
--------------------------------------------------
received prefix: 10.0.0.1
start time: 1741055496697
local preference: 210
end time: 1741055496697
Time: 0 ms
--------------------------------------------------
received prefix: 10.0.0.2
start time: 1741055497199
local preference: 213
end time: 1741055497200
Time: 1 ms
--------------------------------------------------
received prefix: 10.0.0.3
start time: 1741055497732
local preference: 198
end time: 1741055497735
Time: 3 ms
--------------------------------------------------
received prefix: 10.0.0.27
start time: 1741055497946
local preference: 186
end time: 1741055497946
Time: 0 ms
--------------------------------------------------
received prefix: 10.0.0.28
start time: 1741055498139
local preference: 166
end time: 1741055498140
Time: 1 ms
--------------------------------------------------
received prefix: 10.0.0.29
start time: 1741055498362
local preference: 192
end time: 1741055498364
Time: 2 ms
--------------------------------------------------
received prefix: 10.0.0.30
start time: 1741055498538
local preference: 214
end time: 1741055498542
Time: 4 ms
--------------------------------------------------
received prefix: 10.0.0.31
start time: 1741055498706
local preference: 207
end time: 1741055498707
Time: 1 ms
--------------------------------------------------
received prefix: 10.0.0.32
start time: 1741055498867
local preference: 207
end time: 1741055498868
Time: 1 ms
--------------------------------------------------
received prefix: 10.0.0.12
start time: 1741055499767
local preference: 205
end time: 1741055499769
Time: 2 ms
--------------------------------------------------
received prefix: 10.0.0.25
start time: 1741055531432
local preference: 185
end time: 1741055531437
Time: 5 ms
--------------------------------------------------
received prefix: 10.0.0.23
start time: 1741055532034
local preference: 190
end time: 1741055532035
Time: 1 ms
--------------------------------------------------
received prefix: 10.0.0.24
start time: 1741055532621
local preference: 185
end time: 1741055532622
Time: 1 ms
--------------------------------------------------
received prefix: 10.0.0.26
start time: 1741055532914
local preference: 177
end time: 1741055532914
Time: 0 ms
--------------------------------------------------
received prefix: 10.0.0.26
start time: 1741055532989
local preference: 176
end time: 1741055532992
Time: 3 ms
--------------------------------------------------
received prefix: 10.0.0.26
start time: 1741055533036
local preference: 176
end time: 1741055533036
Time: 0 ms
--------------------------------------------------
received prefix: 10.0.0.26
start time: 1741055533071
local preference: 177
end time: 1741055533072
Time: 1 ms
--------------------------------------------------
received prefix: 10.0.0.26
start time: 1741055533292
local preference: 177
end time: 1741055533294
Time: 2 ms
--------------------------------------------------
received prefix: 10.0.0.26
start time: 1741055533356
local preference: 176
end time: 1741055533359
Time: 3 ms
--------------------------------------------------
received prefix: 10.0.0.26
start time: 1741055533410
local preference: 176
end time: 1741055533411
Time: 1 ms
--------------------------------------------------
received prefix: 10.0.0.26
start time: 1741055533446
local preference: 177
end time: 1741055533447
Time: 1 ms
--------------------------------------------------
received prefix: 10.0.0.26
start time: 1741055533807
local preference: 177
end time: 1741055533808
Time: 1 ms
--------------------------------------------------
received prefix: 10.0.0.26
start time: 1741055533870
local preference: 177
end time: 1741055533870
Time: 0 ms
--------------------------------------------------
received prefix: 10.0.0.26
start time: 1741055533916
local preference: 176
end time: 1741055533917
Time: 1 ms
--------------------------------------------------
received prefix: 10.0.0.26
start time: 1741055533937
local preference: 177
end time: 1741055533938
Time: 1 ms
--------------------------------------------------
received prefix: 10.0.0.26
start time: 1741055534126
local preference: 177
end time: 1741055534127
Time: 1 ms
--------------------------------------------------
received prefix: 10.0.0.26
start time: 1741055534172
local preference: 177
end time: 1741055534173
Time: 1 ms
--------------------------------------------------
received prefix: 10.0.0.26
start time: 1741055534213
local preference: 176
end time: 1741055534214
Time: 1 ms
--------------------------------------------------
received prefix: 10.0.0.26
start time: 1741055534249
local preference: 177
end time: 1741055534250
Time: 1 ms
--------------------------------------------------
received prefix: 10.0.0.1
start time: 1741055534379
local preference: 216
end time: 1741055534379
Time: 0 ms
--------------------------------------------------
received prefix: 10.0.0.1
start time: 1741055534440
local preference: 216
end time: 1741055534441
Time: 1 ms
--------------------------------------------------
received prefix: 10.0.0.1
start time: 1741055534478
local preference: 216
end time: 1741055534480
Time: 2 ms
--------------------------------------------------
received prefix: 10.0.0.1
start time: 1741055534533
local preference: 216
end time: 1741055534534
Time: 1 ms
--------------------------------------------------
received prefix: 10.0.0.2
start time: 1741055534752
local preference: 205
end time: 1741055534753
Time: 1 ms
--------------------------------------------------
received prefix: 10.0.0.2
start time: 1741055534843
local preference: 205
end time: 1741055534843
Time: 0 ms
--------------------------------------------------
received prefix: 10.0.0.2
start time: 1741055534903
local preference: 206
end time: 1741055534903
Time: 0 ms
--------------------------------------------------
received prefix: 10.0.0.2
start time: 1741055534915
local preference: 206
end time: 1741055534922
Time: 7 ms
--------------------------------------------------
received prefix: 10.0.0.3
start time: 1741055535154
local preference: 205
end time: 1741055535159
Time: 5 ms
--------------------------------------------------
received prefix: 10.0.0.3
start time: 1741055535228
local preference: 205
end time: 1741055535228
Time: 0 ms
--------------------------------------------------
received prefix: 10.0.0.3
start time: 1741055535282
local preference: 204
end time: 1741055535283
Time: 1 ms
--------------------------------------------------
received prefix: 10.0.0.3
start time: 1741055535338
local preference: 204
end time: 1741055535339
Time: 1 ms
--------------------------------------------------
received prefix: 10.0.0.32
start time: 1741055535629
local preference: 214
end time: 1741055535630
Time: 1 ms
--------------------------------------------------
received prefix: 10.0.0.32
start time: 1741055535683
local preference: 214
end time: 1741055535684
Time: 1 ms
--------------------------------------------------
received prefix: 10.0.0.32
start time: 1741055535738
local preference: 213
end time: 1741055535740
Time: 2 ms
--------------------------------------------------
received prefix: 10.0.0.32
start time: 1741055535771
local preference: 213
end time: 1741055535772
Time: 1 ms
--------------------------------------------------
received prefix: 10.0.0.27
start time: 1741055536045
local preference: 193
end time: 1741055536046
Time: 1 ms
--------------------------------------------------
received prefix: 10.0.0.27
start time: 1741055536068
local preference: 193
end time: 1741055536069
Time: 1 ms
--------------------------------------------------
received prefix: 10.0.0.27
start time: 1741055536141
local preference: 192
end time: 1741055536141
Time: 0 ms
--------------------------------------------------
received prefix: 10.0.0.27
start time: 1741055536202
local preference: 192
end time: 1741055536204
Time: 2 ms
--------------------------------------------------
received prefix: 10.0.0.28
start time: 1741055536443
local preference: 199
end time: 1741055536444
Time: 1 ms
--------------------------------------------------
received prefix: 10.0.0.28
start time: 1741055536480
local preference: 199
end time: 1741055536481
Time: 1 ms
--------------------------------------------------
received prefix: 10.0.0.28
start time: 1741055536514
local preference: 199
end time: 1741055536519
Time: 5 ms
--------------------------------------------------
received prefix: 10.0.0.28
start time: 1741055536566
local preference: 198
end time: 1741055536569
Time: 3 ms
--------------------------------------------------
received prefix: 10.0.0.29
start time: 1741055536806
local preference: 200
end time: 1741055536807
Time: 1 ms
--------------------------------------------------
received prefix: 10.0.0.29
start time: 1741055536869
local preference: 200
end time: 1741055536869
Time: 0 ms
--------------------------------------------------
received prefix: 10.0.0.29
start time: 1741055536925
local preference: 199
end time: 1741055536926
Time: 1 ms
--------------------------------------------------
received prefix: 10.0.0.29
start time: 1741055536963
local preference: 199
end time: 1741055536965
Time: 2 ms
--------------------------------------------------
received prefix: 10.0.0.30
start time: 1741055537213
local preference: 214
end time: 1741055537216
Time: 3 ms
--------------------------------------------------
received prefix: 10.0.0.30
start time: 1741055537274
local preference: 214
end time: 1741055537275
Time: 1 ms
--------------------------------------------------
received prefix: 10.0.0.30
start time: 1741055537337
local preference: 213
end time: 1741055537339
Time: 2 ms
--------------------------------------------------
received prefix: 10.0.0.30
start time: 1741055537379
local preference: 213
end time: 1741055537380
Time: 1 ms
--------------------------------------------------
received prefix: 10.0.0.31
start time: 1741055537574
local preference: 214
end time: 1741055537576
Time: 2 ms
--------------------------------------------------
received prefix: 10.0.0.31
start time: 1741055537656
local preference: 214
end time: 1741055537657
Time: 1 ms
--------------------------------------------------
received prefix: 10.0.0.31
start time: 1741055537719
local preference: 213
end time: 1741055537722
Time: 3 ms
--------------------------------------------------
received prefix: 10.0.0.31
start time: 1741055537758
local preference: 213
end time: 1741055537761
Time: 3 ms
--------------------------------------------------
received prefix: 10.0.0.6
start time: 1741055538437
local preference: 214
end time: 1741055538438
Time: 1 ms
--------------------------------------------------
received prefix: 10.0.0.4
start time: 1741055538968
local preference: 177
end time: 1741055538969
Time: 1 ms
--------------------------------------------------
received prefix: 10.0.0.5
start time: 1741055539469
local preference: 206
end time: 1741055539469
Time: 0 ms
--------------------------------------------------
received prefix: 10.0.0.26
start time: 1741055574247
local preference: 185
end time: 1741055574248
Time: 1 ms
--------------------------------------------------
received prefix: 10.0.0.32
start time: 1741055574622
local preference: 199
end time: 1741055574625
Time: 3 ms
--------------------------------------------------
received prefix: 10.0.0.32
start time: 1741055574675
local preference: 198
end time: 1741055574676
Time: 1 ms
--------------------------------------------------
received prefix: 10.0.0.32
start time: 1741055574726
local preference: 198
end time: 1741055574728
Time: 2 ms
--------------------------------------------------
received prefix: 10.0.0.32
start time: 1741055574751
local preference: 199
end time: 1741055574754
Time: 3 ms
--------------------------------------------------
received prefix: 10.0.0.27
start time: 1741055574856
local preference: 178
end time: 1741055574858
Time: 2 ms
--------------------------------------------------
received prefix: 10.0.0.27
start time: 1741055574906
local preference: 177
end time: 1741055574906
Time: 0 ms
--------------------------------------------------
received prefix: 10.0.0.27
start time: 1741055574940
local preference: 177
end time: 1741055574941
Time: 1 ms
--------------------------------------------------
received prefix: 10.0.0.27
start time: 1741055574977
local preference: 178
end time: 1741055574978
Time: 1 ms
--------------------------------------------------
received prefix: 10.0.0.28
start time: 1741055575059
local preference: 185
end time: 1741055575062
Time: 3 ms
--------------------------------------------------
received prefix: 10.0.0.28
start time: 1741055575139
local preference: 184
end time: 1741055575140
Time: 1 ms
--------------------------------------------------
received prefix: 10.0.0.28
start time: 1741055575157
local preference: 184
end time: 1741055575158
Time: 1 ms
--------------------------------------------------
received prefix: 10.0.0.28
start time: 1741055575209
local preference: 185
end time: 1741055575210
Time: 1 ms
--------------------------------------------------
received prefix: 10.0.0.29
start time: 1741055575284
local preference: 185
end time: 1741055575286
Time: 2 ms
--------------------------------------------------
received prefix: 10.0.0.29
start time: 1741055575314
local preference: 184
end time: 1741055575314
Time: 0 ms
--------------------------------------------------
received prefix: 10.0.0.29
start time: 1741055575357
local preference: 184
end time: 1741055575359
Time: 2 ms
--------------------------------------------------
received prefix: 10.0.0.29
start time: 1741055575390
local preference: 185
end time: 1741055575390
Time: 0 ms
--------------------------------------------------
received prefix: 10.0.0.30
start time: 1741055575470
local preference: 199
end time: 1741055575471
Time: 1 ms
--------------------------------------------------
received prefix: 10.0.0.30
start time: 1741055575481
local preference: 198
end time: 1741055575481
Time: 0 ms
--------------------------------------------------
received prefix: 10.0.0.30
start time: 1741055575516
local preference: 198
end time: 1741055575516
Time: 0 ms
--------------------------------------------------
received prefix: 10.0.0.30
start time: 1741055575551
local preference: 199
end time: 1741055575553
Time: 2 ms
--------------------------------------------------
received prefix: 10.0.0.31
start time: 1741055575618
local preference: 199
end time: 1741055575621
Time: 3 ms
--------------------------------------------------
received prefix: 10.0.0.31
start time: 1741055575644
local preference: 198
end time: 1741055575645
Time: 1 ms
--------------------------------------------------
received prefix: 10.0.0.31
start time: 1741055575699
local preference: 198
end time: 1741055575700
Time: 1 ms
--------------------------------------------------
received prefix: 10.0.0.31
start time: 1741055575746
local preference: 199
end time: 1741055575750
Time: 4 ms
--------------------------------------------------
received prefix: 10.0.0.32
start time: 1741055576315
local preference: 199
end time: 1741055576316
Time: 1 ms
--------------------------------------------------
received prefix: 10.0.0.32
start time: 1741055576398
local preference: 198
end time: 1741055576403
Time: 5 ms
--------------------------------------------------
received prefix: 10.0.0.32
start time: 1741055576413
local preference: 198
end time: 1741055576414
Time: 1 ms
--------------------------------------------------
received prefix: 10.0.0.32
start time: 1741055576474
local preference: 199
end time: 1741055576474
Time: 0 ms
--------------------------------------------------
received prefix: 10.0.0.27
start time: 1741055576710
local preference: 178
end time: 1741055576712
Time: 2 ms
--------------------------------------------------
received prefix: 10.0.0.27
start time: 1741055576792
local preference: 177
end time: 1741055576794
Time: 2 ms
--------------------------------------------------
received prefix: 10.0.0.27
start time: 1741055576833
local preference: 177
end time: 1741055576833
Time: 0 ms
--------------------------------------------------
received prefix: 10.0.0.27
start time: 1741055576896
local preference: 178
end time: 1741055576898
Time: 2 ms
--------------------------------------------------
received prefix: 10.0.0.28
start time: 1741055577104
local preference: 185
end time: 1741055577106
Time: 2 ms
--------------------------------------------------
received prefix: 10.0.0.28
start time: 1741055577155
local preference: 184
end time: 1741055577156
Time: 1 ms
--------------------------------------------------
received prefix: 10.0.0.28
start time: 1741055577216
local preference: 184
end time: 1741055577217
Time: 1 ms
--------------------------------------------------
received prefix: 10.0.0.28
start time: 1741055577261
local preference: 185
end time: 1741055577262
Time: 1 ms
--------------------------------------------------
received prefix: 10.0.0.29
start time: 1741055577471
local preference: 185
end time: 1741055577471
Time: 0 ms
--------------------------------------------------
received prefix: 10.0.0.29
start time: 1741055577544
local preference: 184
end time: 1741055577545
Time: 1 ms
--------------------------------------------------
received prefix: 10.0.0.29
start time: 1741055577590
local preference: 184
end time: 1741055577593
Time: 3 ms
--------------------------------------------------
received prefix: 10.0.0.29
start time: 1741055577633
local preference: 185
end time: 1741055577635
Time: 2 ms
--------------------------------------------------
received prefix: 10.0.0.30
start time: 1741055577859
local preference: 199
end time: 1741055577860
Time: 1 ms
--------------------------------------------------
received prefix: 10.0.0.30
start time: 1741055577921
local preference: 198
end time: 1741055577921
Time: 0 ms
--------------------------------------------------
received prefix: 10.0.0.30
start time: 1741055577974
local preference: 198
end time: 1741055577975
Time: 1 ms
--------------------------------------------------
received prefix: 10.0.0.30
start time: 1741055578009
local preference: 199
end time: 1741055578010
Time: 1 ms
--------------------------------------------------
received prefix: 10.0.0.31
start time: 1741055578231
local preference: 199
end time: 1741055578231
Time: 0 ms
--------------------------------------------------
received prefix: 10.0.0.31
start time: 1741055578291
local preference: 198
end time: 1741055578293
Time: 2 ms
--------------------------------------------------
received prefix: 10.0.0.31
start time: 1741055578357
local preference: 198
end time: 1741055578360
Time: 3 ms
--------------------------------------------------
received prefix: 10.0.0.31
start time: 1741055578395
local preference: 199
end time: 1741055578396
Time: 1 ms
--------------------------------------------------
received prefix: 10.0.0.32
start time: 1741055578716
local preference: 199
end time: 1741055578717
Time: 1 ms
--------------------------------------------------
received prefix: 10.0.0.32
start time: 1741055578760
local preference: 199
end time: 1741055578760
Time: 0 ms
--------------------------------------------------
received prefix: 10.0.0.32
start time: 1741055578812
local preference: 198
end time: 1741055578813
Time: 1 ms
--------------------------------------------------
received prefix: 10.0.0.32
start time: 1741055578849
local preference: 199
end time: 1741055578849
Time: 0 ms
--------------------------------------------------
received prefix: 10.0.0.27
start time: 1741055578899
local preference: 178
end time: 1741055578899
Time: 0 ms
--------------------------------------------------
received prefix: 10.0.0.27
start time: 1741055578948
local preference: 178
end time: 1741055578949
Time: 1 ms
--------------------------------------------------
received prefix: 10.0.0.27
start time: 1741055578979
local preference: 177
end time: 1741055578979
Time: 0 ms
--------------------------------------------------
received prefix: 10.0.0.27
start time: 1741055578982
local preference: 178
end time: 1741055578982
Time: 0 ms
--------------------------------------------------
received prefix: 10.0.0.28
start time: 1741055579073
local preference: 185
end time: 1741055579074
Time: 1 ms
--------------------------------------------------
received prefix: 10.0.0.28
start time: 1741055579109
local preference: 185
end time: 1741055579110
Time: 1 ms
--------------------------------------------------
received prefix: 10.0.0.28
start time: 1741055579145
local preference: 184
end time: 1741055579146
Time: 1 ms
--------------------------------------------------
received prefix: 10.0.0.28
start time: 1741055579150
local preference: 185
end time: 1741055579154
Time: 4 ms
--------------------------------------------------
received prefix: 10.0.0.29
start time: 1741055579236
local preference: 185
end time: 1741055579237
Time: 1 ms
--------------------------------------------------
received prefix: 10.0.0.29
start time: 1741055579282
local preference: 185
end time: 1741055579286
Time: 4 ms
--------------------------------------------------
received prefix: 10.0.0.29
start time: 1741055579317
local preference: 184
end time: 1741055579317
Time: 0 ms
--------------------------------------------------
received prefix: 10.0.0.29
start time: 1741055579344
local preference: 185
end time: 1741055579345
Time: 1 ms
--------------------------------------------------
received prefix: 10.0.0.30
start time: 1741055579425
local preference: 199
end time: 1741055579428
Time: 3 ms
--------------------------------------------------
received prefix: 10.0.0.30
start time: 1741055579457
local preference: 199
end time: 1741055579459
Time: 2 ms
--------------------------------------------------
received prefix: 10.0.0.30
start time: 1741055579507
local preference: 198
end time: 1741055579508
Time: 1 ms
--------------------------------------------------
received prefix: 10.0.0.30
start time: 1741055579548
local preference: 199
end time: 1741055579549
Time: 1 ms
--------------------------------------------------
received prefix: 10.0.0.31
start time: 1741055579584
local preference: 199
end time: 1741055579584
Time: 0 ms
--------------------------------------------------
received prefix: 10.0.0.31
start time: 1741055579630
local preference: 199
end time: 1741055579630
Time: 0 ms
--------------------------------------------------
received prefix: 10.0.0.31
start time: 1741055579663
local preference: 198
end time: 1741055579664
Time: 1 ms
--------------------------------------------------
received prefix: 10.0.0.31
start time: 1741055579703
local preference: 199
end time: 1741055579704
Time: 1 ms
--------------------------------------------------
received prefix: 10.0.0.32
start time: 1741055579815
local preference: 199
end time: 1741055579818
Time: 3 ms
--------------------------------------------------
received prefix: 10.0.0.32
start time: 1741055579869
local preference: 199
end time: 1741055579870
Time: 1 ms
--------------------------------------------------
received prefix: 10.0.0.32
start time: 1741055579905
local preference: 198
end time: 1741055579905
Time: 0 ms
--------------------------------------------------
received prefix: 10.0.0.32
start time: 1741055579938
local preference: 199
end time: 1741055579938
Time: 0 ms
--------------------------------------------------
received prefix: 10.0.0.27
start time: 1741055579984
local preference: 178
end time: 1741055579986
Time: 2 ms
--------------------------------------------------
received prefix: 10.0.0.27
start time: 1741055580016
local preference: 178
end time: 1741055580017
Time: 1 ms
--------------------------------------------------
received prefix: 10.0.0.27
start time: 1741055580065
local preference: 177
end time: 1741055580067
Time: 2 ms
--------------------------------------------------
received prefix: 10.0.0.27
start time: 1741055580118
local preference: 178
end time: 1741055580121
Time: 3 ms
--------------------------------------------------
received prefix: 10.0.0.28
start time: 1741055580175
local preference: 185
end time: 1741055580176
Time: 1 ms
--------------------------------------------------
received prefix: 10.0.0.28
start time: 1741055580241
local preference: 185
end time: 1741055580243
Time: 2 ms
--------------------------------------------------
received prefix: 10.0.0.28
start time: 1741055580299
local preference: 184
end time: 1741055580300
Time: 1 ms
--------------------------------------------------
received prefix: 10.0.0.28
start time: 1741055580307
local preference: 185
end time: 1741055580308
Time: 1 ms
--------------------------------------------------
received prefix: 10.0.0.29
start time: 1741055580349
local preference: 185
end time: 1741055580350
Time: 1 ms
--------------------------------------------------
received prefix: 10.0.0.29
start time: 1741055580404
local preference: 185
end time: 1741055580405
Time: 1 ms
--------------------------------------------------
received prefix: 10.0.0.29
start time: 1741055580420
local preference: 184
end time: 1741055580425
Time: 5 ms
--------------------------------------------------
received prefix: 10.0.0.29
start time: 1741055580451
local preference: 185
end time: 1741055580451
Time: 0 ms
--------------------------------------------------
received prefix: 10.0.0.30
start time: 1741055580541
local preference: 199
end time: 1741055580542
Time: 1 ms
--------------------------------------------------
received prefix: 10.0.0.30
start time: 1741055580596
local preference: 199
end time: 1741055580597
Time: 1 ms
--------------------------------------------------
received prefix: 10.0.0.30
start time: 1741055580618
local preference: 198
end time: 1741055580623
Time: 5 ms
--------------------------------------------------
received prefix: 10.0.0.30
start time: 1741055580649
local preference: 199
end time: 1741055580649
Time: 0 ms
--------------------------------------------------
received prefix: 10.0.0.31
start time: 1741055580724
local preference: 199
end time: 1741055580727
Time: 3 ms
--------------------------------------------------
received prefix: 10.0.0.31
start time: 1741055580755
local preference: 199
end time: 1741055580759
Time: 4 ms
--------------------------------------------------
received prefix: 10.0.0.31
start time: 1741055580810
local preference: 198
end time: 1741055580811
Time: 1 ms
--------------------------------------------------
received prefix: 10.0.0.31
start time: 1741055580849
local preference: 199
end time: 1741055580850
Time: 1 ms
--------------------------------------------------
received prefix: 10.0.0.6
start time: 1741055580940
local preference: 185
end time: 1741055580940
Time: 0 ms
--------------------------------------------------
received prefix: 10.0.0.6
start time: 1741055580983
local preference: 185
end time: 1741055580984
Time: 1 ms
--------------------------------------------------
received prefix: 10.0.0.6
start time: 1741055581031
local preference: 186
end time: 1741055581032
Time: 1 ms
--------------------------------------------------
received prefix: 10.0.0.6
start time: 1741055581060
local preference: 186
end time: 1741055581061
Time: 1 ms
--------------------------------------------------
received prefix: 10.0.0.4
start time: 1741055581352
local preference: 183
end time: 1741055581353
Time: 1 ms
--------------------------------------------------
received prefix: 10.0.0.4
start time: 1741055581414
local preference: 183
end time: 1741055581416
Time: 2 ms
--------------------------------------------------
received prefix: 10.0.0.4
start time: 1741055581470
local preference: 183
end time: 1741055581471
Time: 1 ms
--------------------------------------------------
received prefix: 10.0.0.4
start time: 1741055581508
local preference: 182
end time: 1741055581509
Time: 1 ms
--------------------------------------------------
received prefix: 10.0.0.5
start time: 1741055581766
local preference: 213
end time: 1741055581767
Time: 1 ms
--------------------------------------------------
received prefix: 10.0.0.5
start time: 1741055581837
local preference: 212
end time: 1741055581838
Time: 1 ms
--------------------------------------------------
received prefix: 10.0.0.5
start time: 1741055581885
local preference: 212
end time: 1741055581888
Time: 3 ms
--------------------------------------------------
received prefix: 10.0.0.5
start time: 1741055581931
local preference: 211
end time: 1741055581932
Time: 1 ms
--------------------------------------------------
received prefix: 10.0.0.7
start time: 1741055582365
local preference: 211
end time: 1741055582366
Time: 1 ms
--------------------------------------------------
received prefix: 10.0.0.8
start time: 1741055582551
local preference: 207
end time: 1741055582555
Time: 4 ms
--------------------------------------------------
received prefix: 10.0.0.32
start time: 1741055597469
local preference: 207
end time: 1741055597471
Time: 2 ms
--------------------------------------------------
received prefix: 10.0.0.27
start time: 1741055598064
local preference: 186
end time: 1741055598066
Time: 2 ms
--------------------------------------------------
received prefix: 10.0.0.28
start time: 1741055598700
local preference: 193
end time: 1741055598701
Time: 1 ms
--------------------------------------------------
received prefix: 10.0.0.29
start time: 1741055599349
local preference: 193
end time: 1741055599354
Time: 5 ms
--------------------------------------------------
received prefix: 10.0.0.30
start time: 1741055599893
local preference: 207
end time: 1741055599897
Time: 4 ms
--------------------------------------------------
received prefix: 10.0.0.31
start time: 1741055600482
local preference: 207
end time: 1741055600482
Time: 0 ms
--------------------------------------------------
received prefix: 10.0.0.11
start time: 1741055601737
local preference: 206
end time: 1741055601738
Time: 1 ms
--------------------------------------------------
received prefix: 10.0.0.9
start time: 1741055601971
local preference: 211
end time: 1741055601972
Time: 1 ms
--------------------------------------------------
received prefix: 10.0.0.10
start time: 1741055602199
local preference: 215
end time: 1741055602200
Time: 1 ms
--------------------------------------------------
received prefix: 10.0.0.12
start time: 1741055602465
local preference: 213
end time: 1741055602468
Time: 3 ms
--------------------------------------------------
received prefix: 10.0.0.13
start time: 1741055612416
local preference: 215
end time: 1741055612416
Time: 0 ms
--------------------------------------------------
received prefix: 10.0.0.19
start time: 1741055621766
local preference: 217
end time: 1741055621767
Time: 1 ms
--------------------------------------------------
received prefix: 10.0.0.20
start time: 1741056030644
local preference: 202
end time: 1741056030657
Time: 13 ms
--------------------------------------------------
received prefix: 10.0.0.13
start time: 1741056030747
local preference: 213
end time: 1741056030752
Time: 5 ms
--------------------------------------------------
received prefix: 10.0.0.14
start time: 1741056030887
local preference: 207
end time: 1741056030887
Time: 0 ms
--------------------------------------------------
received prefix: 10.0.0.11
start time: 1741056031073
local preference: 205
end time: 1741056031074
Time: 1 ms
--------------------------------------------------
received prefix: 10.0.0.7
start time: 1741056031238
local preference: 211
end time: 1741056031240
Time: 2 ms
--------------------------------------------------
received prefix: 10.0.0.8
start time: 1741056031379
local preference: 206
end time: 1741056031380
Time: 1 ms
--------------------------------------------------
received prefix: 10.0.0.6
start time: 1741056031572
local preference: 214
end time: 1741056031573
Time: 1 ms
--------------------------------------------------
received prefix: 10.0.0.1
start time: 1741056031760
local preference: 210
end time: 1741056031763
Time: 3 ms
--------------------------------------------------
received prefix: 10.0.0.2
start time: 1741056031915
local preference: 213
end time: 1741056031916
Time: 1 ms
--------------------------------------------------
received prefix: 10.0.0.3
start time: 1741056032075
local preference: 198
end time: 1741056032076
Time: 1 ms
--------------------------------------------------
received prefix: 10.0.0.4
start time: 1741056032258
local preference: 176
end time: 1741056032263
Time: 5 ms
--------------------------------------------------
received prefix: 10.0.0.5
start time: 1741056032447
local preference: 205
end time: 1741056032448
Time: 1 ms
--------------------------------------------------
received prefix: 10.0.0.9
start time: 1741056032645
local preference: 211
end time: 1741056032646
Time: 1 ms
--------------------------------------------------
received prefix: 10.0.0.10
start time: 1741056032847
local preference: 215
end time: 1741056032848
Time: 1 ms
--------------------------------------------------
received prefix: 10.0.0.15
start time: 1741056033075
local preference: 205
end time: 1741056033076
Time: 1 ms
--------------------------------------------------
received prefix: 10.0.0.16
start time: 1741056033287
local preference: 155
end time: 1741056033288
Time: 1 ms
--------------------------------------------------
received prefix: 10.0.0.17
start time: 1741056033445
local preference: 209
end time: 1741056033446
Time: 1 ms
--------------------------------------------------
received prefix: 10.0.0.18
start time: 1741056033635
local preference: 203
end time: 1741056033639
Time: 4 ms
--------------------------------------------------
received prefix: 10.0.0.19
start time: 1741056033829
local preference: 217
end time: 1741056033830
Time: 1 ms
--------------------------------------------------
received prefix: 10.0.0.21
start time: 1741056033937
local preference: 212
end time: 1741056033938
Time: 1 ms
--------------------------------------------------
received prefix: 10.0.0.21
start time: 1741056033992
local preference: 212
end time: 1741056033993
Time: 1 ms
--------------------------------------------------
received prefix: 10.0.0.21
start time: 1741056034024
local preference: 211
end time: 1741056034025
Time: 1 ms
--------------------------------------------------
received prefix: 10.0.0.21
start time: 1741056034086
local preference: 211
end time: 1741056034087
Time: 1 ms
--------------------------------------------------
received prefix: 10.0.0.21
start time: 1741056034187
local preference: 211
end time: 1741056034189
Time: 2 ms
--------------------------------------------------
received prefix: 10.0.0.21
start time: 1741056034218
local preference: 211
end time: 1741056034220
Time: 2 ms
--------------------------------------------------
received prefix: 10.0.0.21
start time: 1741056034303
local preference: 212
end time: 1741056034304
Time: 1 ms
--------------------------------------------------
received prefix: 10.0.0.21
start time: 1741056034347
local preference: 212
end time: 1741056034349
Time: 2 ms
--------------------------------------------------
received prefix: 10.0.0.22
start time: 1741056034446
local preference: 205
end time: 1741056034447
Time: 1 ms
--------------------------------------------------
received prefix: 10.0.0.22
start time: 1741056034480
local preference: 205
end time: 1741056034482
Time: 2 ms
--------------------------------------------------
received prefix: 10.0.0.22
start time: 1741056034546
local preference: 205
end time: 1741056034547
Time: 1 ms
--------------------------------------------------
received prefix: 10.0.0.22
start time: 1741056034621
local preference: 205
end time: 1741056034622
Time: 1 ms
--------------------------------------------------
received prefix: 10.0.0.22
start time: 1741056034638
local preference: 204
end time: 1741056034638
Time: 0 ms
--------------------------------------------------
received prefix: 10.0.0.22
start time: 1741056034698
local preference: 204
end time: 1741056034700
Time: 2 ms
--------------------------------------------------
received prefix: 10.0.0.22
start time: 1741056034757
local preference: 205
end time: 1741056034760
Time: 3 ms
--------------------------------------------------
received prefix: 10.0.0.22
start time: 1741056034817
local preference: 205
end time: 1741056034818
Time: 1 ms
--------------------------------------------------
received prefix: 10.0.0.20
start time: 1741056035071
local preference: 202
end time: 1741056035072
Time: 1 ms
--------------------------------------------------
received prefix: 10.0.0.20
start time: 1741056035142
local preference: 202
end time: 1741056035143
Time: 1 ms
--------------------------------------------------
received prefix: 10.0.0.20
start time: 1741056035212
local preference: 202
end time: 1741056035213
Time: 1 ms
--------------------------------------------------
received prefix: 10.0.0.20
start time: 1741056035267
local preference: 201
end time: 1741056035268
Time: 1 ms
--------------------------------------------------
received prefix: 10.0.0.20
start time: 1741056035375
local preference: 201
end time: 1741056035375
Time: 0 ms
--------------------------------------------------
received prefix: 10.0.0.20
start time: 1741056035429
local preference: 201
end time: 1741056035430
Time: 1 ms
--------------------------------------------------
received prefix: 10.0.0.20
start time: 1741056035460
local preference: 202
end time: 1741056035464
Time: 4 ms
--------------------------------------------------
received prefix: 10.0.0.20
start time: 1741056035516
local preference: 202
end time: 1741056035517
Time: 1 ms
--------------------------------------------------
received prefix: 10.0.0.13
start time: 1741056035736
local preference: 214
end time: 1741056035737
Time: 1 ms
--------------------------------------------------
received prefix: 10.0.0.13
start time: 1741056035789
local preference: 213
end time: 1741056035791
Time: 2 ms
--------------------------------------------------
received prefix: 10.0.0.13
start time: 1741056035863
local preference: 213
end time: 1741056035864
Time: 1 ms
--------------------------------------------------
received prefix: 10.0.0.13
start time: 1741056035947
local preference: 213
end time: 1741056035948
Time: 1 ms
--------------------------------------------------
received prefix: 10.0.0.13
start time: 1741056035987
local preference: 213
end time: 1741056035993
Time: 6 ms
--------------------------------------------------
received prefix: 10.0.0.13
start time: 1741056036051
local preference: 212
end time: 1741056036053
Time: 2 ms
--------------------------------------------------
received prefix: 10.0.0.13
start time: 1741056036111
local preference: 214
end time: 1741056036112
Time: 1 ms
--------------------------------------------------
received prefix: 10.0.0.13
start time: 1741056036162
local preference: 213
end time: 1741056036163
Time: 1 ms
--------------------------------------------------
received prefix: 10.0.0.14
start time: 1741056036418
local preference: 207
end time: 1741056036419
Time: 1 ms
--------------------------------------------------
received prefix: 10.0.0.14
start time: 1741056036462
local preference: 206
end time: 1741056036464
Time: 2 ms
--------------------------------------------------
received prefix: 10.0.0.14
start time: 1741056036522
local preference: 206
end time: 1741056036523
Time: 1 ms
--------------------------------------------------
received prefix: 10.0.0.14
start time: 1741056036583
local preference: 206
end time: 1741056036585
Time: 2 ms
--------------------------------------------------
received prefix: 10.0.0.14
start time: 1741056036634
local preference: 206
end time: 1741056036635
Time: 1 ms
--------------------------------------------------
received prefix: 10.0.0.14
start time: 1741056036680
local preference: 205
end time: 1741056036681
Time: 1 ms
--------------------------------------------------
received prefix: 10.0.0.14
start time: 1741056036743
local preference: 207
end time: 1741056036745
Time: 2 ms
--------------------------------------------------
received prefix: 10.0.0.14
start time: 1741056036834
local preference: 206
end time: 1741056036836
Time: 2 ms
--------------------------------------------------
received prefix: 10.0.0.11
start time: 1741056037062
local preference: 205
end time: 1741056037066
Time: 4 ms
--------------------------------------------------
received prefix: 10.0.0.11
start time: 1741056037087
local preference: 204
end time: 1741056037088
Time: 1 ms
--------------------------------------------------
received prefix: 10.0.0.11
start time: 1741056037173
local preference: 204
end time: 1741056037174
Time: 1 ms
--------------------------------------------------
received prefix: 10.0.0.11
start time: 1741056037209
local preference: 204
end time: 1741056037210
Time: 1 ms
--------------------------------------------------
received prefix: 10.0.0.11
start time: 1741056037264
local preference: 204
end time: 1741056037265
Time: 1 ms
--------------------------------------------------
received prefix: 10.0.0.11
start time: 1741056037322
local preference: 203
end time: 1741056037326
Time: 4 ms
--------------------------------------------------
received prefix: 10.0.0.11
start time: 1741056037396
local preference: 205
end time: 1741056037397
Time: 1 ms
--------------------------------------------------
received prefix: 10.0.0.11
start time: 1741056037436
local preference: 204
end time: 1741056037437
Time: 1 ms
--------------------------------------------------
received prefix: 10.0.0.7
start time: 1741056037704
local preference: 211
end time: 1741056037705
Time: 1 ms
--------------------------------------------------
received prefix: 10.0.0.7
start time: 1741056037762
local preference: 212
end time: 1741056037763
Time: 1 ms
--------------------------------------------------
received prefix: 10.0.0.7
start time: 1741056037815
local preference: 212
end time: 1741056037816
Time: 1 ms
--------------------------------------------------
received prefix: 10.0.0.7
start time: 1741056037821
local preference: 213
end time: 1741056037822
Time: 1 ms
--------------------------------------------------
received prefix: 10.0.0.7
start time: 1741056037913
local preference: 212
end time: 1741056037915
Time: 2 ms
--------------------------------------------------
received prefix: 10.0.0.7
start time: 1741056037967
local preference: 213
end time: 1741056037972
Time: 5 ms
--------------------------------------------------
received prefix: 10.0.0.7
start time: 1741056038022
local preference: 211
end time: 1741056038026
Time: 4 ms
--------------------------------------------------
received prefix: 10.0.0.7
start time: 1741056038080
local preference: 212
end time: 1741056038080
Time: 0 ms
--------------------------------------------------
received prefix: 10.0.0.8
start time: 1741056038319
local preference: 206
end time: 1741056038320
Time: 1 ms
--------------------------------------------------
received prefix: 10.0.0.8
start time: 1741056038389
local preference: 205
end time: 1741056038392
Time: 3 ms
--------------------------------------------------
received prefix: 10.0.0.8
start time: 1741056038470
local preference: 205
end time: 1741056038470
Time: 0 ms
--------------------------------------------------
received prefix: 10.0.0.8
start time: 1741056038532
local preference: 205
end time: 1741056038535
Time: 3 ms
--------------------------------------------------
received prefix: 10.0.0.8
start time: 1741056038590
local preference: 205
end time: 1741056038594
Time: 4 ms
--------------------------------------------------
received prefix: 10.0.0.8
start time: 1741056038621
local preference: 204
end time: 1741056038626
Time: 5 ms
--------------------------------------------------
received prefix: 10.0.0.8
start time: 1741056038692
local preference: 206
end time: 1741056038696
Time: 4 ms
--------------------------------------------------
received prefix: 10.0.0.8
start time: 1741056038752
local preference: 205
end time: 1741056038753
Time: 1 ms
--------------------------------------------------
received prefix: 10.0.0.6
start time: 1741056038945
local preference: 214
end time: 1741056038946
Time: 1 ms
--------------------------------------------------
received prefix: 10.0.0.6
start time: 1741056039031
local preference: 215
end time: 1741056039031
Time: 0 ms
--------------------------------------------------
received prefix: 10.0.0.6
start time: 1741056039082
local preference: 215
end time: 1741056039083
Time: 1 ms
--------------------------------------------------
received prefix: 10.0.0.6
start time: 1741056039154
local preference: 215
end time: 1741056039159
Time: 5 ms
--------------------------------------------------
received prefix: 10.0.0.6
start time: 1741056039185
local preference: 215
end time: 1741056039186
Time: 1 ms
--------------------------------------------------
received prefix: 10.0.0.6
start time: 1741056039249
local preference: 215
end time: 1741056039251
Time: 2 ms
--------------------------------------------------
received prefix: 10.0.0.6
start time: 1741056039300
local preference: 214
end time: 1741056039301
Time: 1 ms
--------------------------------------------------
received prefix: 10.0.0.6
start time: 1741056039343
local preference: 215
end time: 1741056039344
Time: 1 ms
--------------------------------------------------
received prefix: 10.0.0.1
start time: 1741056039545
local preference: 209
end time: 1741056039546
Time: 1 ms
--------------------------------------------------
received prefix: 10.0.0.1
start time: 1741056039617
local preference: 209
end time: 1741056039619
Time: 2 ms
--------------------------------------------------
received prefix: 10.0.0.1
start time: 1741056039706
local preference: 208
end time: 1741056039707
Time: 1 ms
--------------------------------------------------
received prefix: 10.0.0.1
start time: 1741056039766
local preference: 208
end time: 1741056039768
Time: 2 ms
--------------------------------------------------
received prefix: 10.0.0.1
start time: 1741056039816
local preference: 208
end time: 1741056039818
Time: 2 ms
--------------------------------------------------
received prefix: 10.0.0.1
start time: 1741056039869
local preference: 208
end time: 1741056039870
Time: 1 ms
--------------------------------------------------
received prefix: 10.0.0.1
start time: 1741056039932
local preference: 209
end time: 1741056039934
Time: 2 ms
--------------------------------------------------
received prefix: 10.0.0.1
start time: 1741056039980
local preference: 209
end time: 1741056039981
Time: 1 ms
--------------------------------------------------
received prefix: 10.0.0.2
start time: 1741056040245
local preference: 212
end time: 1741056040246
Time: 1 ms
--------------------------------------------------
received prefix: 10.0.0.2
start time: 1741056040322
local preference: 212
end time: 1741056040323
Time: 1 ms
--------------------------------------------------
received prefix: 10.0.0.2
start time: 1741056040394
local preference: 211
end time: 1741056040397
Time: 3 ms
--------------------------------------------------
received prefix: 10.0.0.2
start time: 1741056040440
local preference: 211
end time: 1741056040441
Time: 1 ms
--------------------------------------------------
received prefix: 10.0.0.2
start time: 1741056040499
local preference: 211
end time: 1741056040500
Time: 1 ms
--------------------------------------------------
received prefix: 10.0.0.2
start time: 1741056040572
local preference: 211
end time: 1741056040572
Time: 0 ms
--------------------------------------------------
received prefix: 10.0.0.2
start time: 1741056040644
local preference: 212
end time: 1741056040644
Time: 0 ms
--------------------------------------------------
received prefix: 10.0.0.2
start time: 1741056040656
local preference: 212
end time: 1741056040658
Time: 2 ms
--------------------------------------------------
received prefix: 10.0.0.3
start time: 1741056040928
local preference: 197
end time: 1741056040928
Time: 0 ms
--------------------------------------------------
received prefix: 10.0.0.3
start time: 1741056040987
local preference: 197
end time: 1741056040991
Time: 4 ms
--------------------------------------------------
received prefix: 10.0.0.3
start time: 1741056041050
local preference: 197
end time: 1741056041051
Time: 1 ms
--------------------------------------------------
received prefix: 10.0.0.3
start time: 1741056041061
local preference: 196
end time: 1741056041061
Time: 0 ms
--------------------------------------------------
received prefix: 10.0.0.3
start time: 1741056041099
local preference: 196
end time: 1741056041104
Time: 5 ms
--------------------------------------------------
received prefix: 10.0.0.3
start time: 1741056041128
local preference: 196
end time: 1741056041129
Time: 1 ms
--------------------------------------------------
received prefix: 10.0.0.3
start time: 1741056041191
local preference: 197
end time: 1741056041191
Time: 0 ms
--------------------------------------------------
received prefix: 10.0.0.3
start time: 1741056041249
local preference: 197
end time: 1741056041250
Time: 1 ms
--------------------------------------------------
received prefix: 10.0.0.4
start time: 1741056041452
local preference: 176
end time: 1741056041453
Time: 1 ms
--------------------------------------------------
received prefix: 10.0.0.4
start time: 1741056041546
local preference: 175
end time: 1741056041547
Time: 1 ms
--------------------------------------------------
received prefix: 10.0.0.4
start time: 1741056041583
local preference: 175
end time: 1741056041585
Time: 2 ms
--------------------------------------------------
received prefix: 10.0.0.4
start time: 1741056041627
local preference: 174
end time: 1741056041628
Time: 1 ms
--------------------------------------------------
received prefix: 10.0.0.4
start time: 1741056041688
local preference: 174
end time: 1741056041689
Time: 1 ms
--------------------------------------------------
received prefix: 10.0.0.4
start time: 1741056041763
local preference: 174
end time: 1741056041766
Time: 3 ms
--------------------------------------------------
received prefix: 10.0.0.4
start time: 1741056041837
local preference: 175
end time: 1741056041838
Time: 1 ms
--------------------------------------------------
received prefix: 10.0.0.4
start time: 1741056041858
local preference: 175
end time: 1741056041862
Time: 4 ms
--------------------------------------------------
received prefix: 10.0.0.5
start time: 1741056042130
local preference: 205
end time: 1741056042132
Time: 2 ms
--------------------------------------------------
received prefix: 10.0.0.5
start time: 1741056042197
local preference: 204
end time: 1741056042199
Time: 2 ms
--------------------------------------------------
received prefix: 10.0.0.5
start time: 1741056042276
local preference: 204
end time: 1741056042276
Time: 0 ms
--------------------------------------------------
received prefix: 10.0.0.5
start time: 1741056042356
local preference: 204
end time: 1741056042359
Time: 3 ms
--------------------------------------------------
received prefix: 10.0.0.5
start time: 1741056042385
local preference: 204
end time: 1741056042387
Time: 2 ms
--------------------------------------------------
received prefix: 10.0.0.5
start time: 1741056042432
local preference: 203
end time: 1741056042433
Time: 1 ms
--------------------------------------------------
received prefix: 10.0.0.5
start time: 1741056042501
local preference: 205
end time: 1741056042501
Time: 0 ms
--------------------------------------------------
received prefix: 10.0.0.5
start time: 1741056042560
local preference: 204
end time: 1741056042561
Time: 1 ms
--------------------------------------------------
received prefix: 10.0.0.9
start time: 1741056042793
local preference: 211
end time: 1741056042794
Time: 1 ms
--------------------------------------------------
received prefix: 10.0.0.9
start time: 1741056042868
local preference: 212
end time: 1741056042868
Time: 0 ms
--------------------------------------------------
received prefix: 10.0.0.9
start time: 1741056042943
local preference: 213
end time: 1741056042943
Time: 0 ms
--------------------------------------------------
received prefix: 10.0.0.9
start time: 1741056042983
local preference: 213
end time: 1741056042984
Time: 1 ms
--------------------------------------------------
received prefix: 10.0.0.9
start time: 1741056043037
local preference: 213
end time: 1741056043038
Time: 1 ms
--------------------------------------------------
received prefix: 10.0.0.9
start time: 1741056043079
local preference: 214
end time: 1741056043080
Time: 1 ms
--------------------------------------------------
received prefix: 10.0.0.9
start time: 1741056043147
local preference: 211
end time: 1741056043147
Time: 0 ms
--------------------------------------------------
received prefix: 10.0.0.9
start time: 1741056043220
local preference: 212
end time: 1741056043221
Time: 1 ms
--------------------------------------------------
received prefix: 10.0.0.10
start time: 1741056043424
local preference: 215
end time: 1741056043425
Time: 1 ms
--------------------------------------------------
received prefix: 10.0.0.10
start time: 1741056043493
local preference: 215
end time: 1741056043496
Time: 3 ms
--------------------------------------------------
received prefix: 10.0.0.10
start time: 1741056043568
local preference: 215
end time: 1741056043569
Time: 1 ms
--------------------------------------------------
received prefix: 10.0.0.10
start time: 1741056043618
local preference: 215
end time: 1741056043619
Time: 1 ms
--------------------------------------------------
received prefix: 10.0.0.10
start time: 1741056043685
local preference: 215
end time: 1741056043685
Time: 0 ms
--------------------------------------------------
received prefix: 10.0.0.10
start time: 1741056043722
local preference: 215
end time: 1741056043725
Time: 3 ms
--------------------------------------------------
received prefix: 10.0.0.10
start time: 1741056043780
local preference: 215
end time: 1741056043781
Time: 1 ms
--------------------------------------------------
received prefix: 10.0.0.10
start time: 1741056043844
local preference: 215
end time: 1741056043845
Time: 1 ms
--------------------------------------------------
received prefix: 10.0.0.15
start time: 1741056044073
local preference: 205
end time: 1741056044073
Time: 0 ms
--------------------------------------------------
received prefix: 10.0.0.15
start time: 1741056044132
local preference: 205
end time: 1741056044135
Time: 3 ms
--------------------------------------------------
received prefix: 10.0.0.15
start time: 1741056044213
local preference: 205
end time: 1741056044213
Time: 0 ms
--------------------------------------------------
received prefix: 10.0.0.15
start time: 1741056044276
local preference: 204
end time: 1741056044276
Time: 0 ms
--------------------------------------------------
received prefix: 10.0.0.15
start time: 1741056044330
local preference: 204
end time: 1741056044331
Time: 1 ms
--------------------------------------------------
received prefix: 10.0.0.15
start time: 1741056044372
local preference: 204
end time: 1741056044372
Time: 0 ms
--------------------------------------------------
received prefix: 10.0.0.15
start time: 1741056044429
local preference: 205
end time: 1741056044430
Time: 1 ms
--------------------------------------------------
received prefix: 10.0.0.15
start time: 1741056044538
local preference: 205
end time: 1741056044539
Time: 1 ms
--------------------------------------------------
received prefix: 10.0.0.16
start time: 1741056044735
local preference: 152
end time: 1741056044738
Time: 3 ms
--------------------------------------------------
received prefix: 10.0.0.16
start time: 1741056044790
local preference: 153
end time: 1741056044793
Time: 3 ms
--------------------------------------------------
received prefix: 10.0.0.16
start time: 1741056044844
local preference: 153
end time: 1741056044845
Time: 1 ms
--------------------------------------------------
received prefix: 10.0.0.16
start time: 1741056044896
local preference: 154
end time: 1741056044898
Time: 2 ms
--------------------------------------------------
received prefix: 10.0.0.16
start time: 1741056044947
local preference: 153
end time: 1741056044948
Time: 1 ms
--------------------------------------------------
received prefix: 10.0.0.16
start time: 1741056045006
local preference: 154
end time: 1741056045008
Time: 2 ms
--------------------------------------------------
received prefix: 10.0.0.16
start time: 1741056045019
local preference: 152
end time: 1741056045020
Time: 1 ms
--------------------------------------------------
received prefix: 10.0.0.16
start time: 1741056045079
local preference: 153
end time: 1741056045081
Time: 2 ms
--------------------------------------------------
received prefix: 10.0.0.17
start time: 1741056045326
local preference: 209
end time: 1741056045327
Time: 1 ms
--------------------------------------------------
received prefix: 10.0.0.17
start time: 1741056045383
local preference: 209
end time: 1741056045384
Time: 1 ms
--------------------------------------------------
received prefix: 10.0.0.17
start time: 1741056045446
local preference: 209
end time: 1741056045446
Time: 0 ms
--------------------------------------------------
received prefix: 10.0.0.17
start time: 1741056045523
local preference: 208
end time: 1741056045526
Time: 3 ms
--------------------------------------------------
received prefix: 10.0.0.17
start time: 1741056045559
local preference: 208
end time: 1741056045559
Time: 0 ms
--------------------------------------------------
received prefix: 10.0.0.17
start time: 1741056045589
local preference: 208
end time: 1741056045591
Time: 2 ms
--------------------------------------------------
received prefix: 10.0.0.17
start time: 1741056045673
local preference: 209
end time: 1741056045676
Time: 3 ms
--------------------------------------------------
received prefix: 10.0.0.17
start time: 1741056045743
local preference: 209
end time: 1741056045744
Time: 1 ms
--------------------------------------------------
received prefix: 10.0.0.18
start time: 1741056045993
local preference: 202
end time: 1741056045994
Time: 1 ms
--------------------------------------------------
received prefix: 10.0.0.18
start time: 1741056046042
local preference: 203
end time: 1741056046043
Time: 1 ms
--------------------------------------------------
received prefix: 10.0.0.18
start time: 1741056046115
local preference: 204
end time: 1741056046116
Time: 1 ms
--------------------------------------------------
received prefix: 10.0.0.18
start time: 1741056046165
local preference: 204
end time: 1741056046166
Time: 1 ms
--------------------------------------------------
received prefix: 10.0.0.18
start time: 1741056046238
local preference: 204
end time: 1741056046239
Time: 1 ms
--------------------------------------------------
received prefix: 10.0.0.18
start time: 1741056046308
local preference: 205
end time: 1741056046309
Time: 1 ms
--------------------------------------------------
received prefix: 10.0.0.18
start time: 1741056046362
local preference: 202
end time: 1741056046364
Time: 2 ms
--------------------------------------------------
received prefix: 10.0.0.18
start time: 1741056046419
local preference: 203
end time: 1741056046421
Time: 2 ms
--------------------------------------------------
received prefix: 10.0.0.19
start time: 1741056046668
local preference: 217
end time: 1741056046669
Time: 1 ms
--------------------------------------------------
received prefix: 10.0.0.19
start time: 1741056046697
local preference: 217
end time: 1741056046698
Time: 1 ms
--------------------------------------------------
received prefix: 10.0.0.19
start time: 1741056046748
local preference: 216
end time: 1741056046750
Time: 2 ms
--------------------------------------------------
received prefix: 10.0.0.19
start time: 1741056046836
local preference: 216
end time: 1741056046839
Time: 3 ms
--------------------------------------------------
received prefix: 10.0.0.19
start time: 1741056046884
local preference: 216
end time: 1741056046885
Time: 1 ms
--------------------------------------------------
received prefix: 10.0.0.19
start time: 1741056046950
local preference: 216
end time: 1741056046952
Time: 2 ms
--------------------------------------------------
received prefix: 10.0.0.19
start time: 1741056046989
local preference: 217
end time: 1741056046991
Time: 2 ms
--------------------------------------------------
received prefix: 10.0.0.19
start time: 1741056047035
local preference: 217
end time: 1741056047040
Time: 5 ms
--------------------------------------------------
received prefix: 10.0.0.23
start time: 1741056047445
local preference: 191
end time: 1741056047446
Time: 1 ms
--------------------------------------------------
received prefix: 10.0.0.23
start time: 1741056047502
local preference: 191
end time: 1741056047504
Time: 2 ms
--------------------------------------------------
received prefix: 10.0.0.23
start time: 1741056047523
local preference: 191
end time: 1741056047526
Time: 3 ms
--------------------------------------------------
received prefix: 10.0.0.23
start time: 1741056047549
local preference: 191
end time: 1741056047550
Time: 1 ms
--------------------------------------------------
received prefix: 10.0.0.23
start time: 1741056047603
local preference: 192
end time: 1741056047606
Time: 3 ms
--------------------------------------------------
received prefix: 10.0.0.23
start time: 1741056047613
local preference: 192
end time: 1741056047613
Time: 0 ms
--------------------------------------------------
received prefix: 10.0.0.23
start time: 1741056047665
local preference: 191
end time: 1741056047666
Time: 1 ms
--------------------------------------------------
received prefix: 10.0.0.23
start time: 1741056047733
local preference: 191
end time: 1741056047735
Time: 2 ms
--------------------------------------------------
received prefix: 10.0.0.24
start time: 1741056048085
local preference: 186
end time: 1741056048085
Time: 0 ms
--------------------------------------------------
received prefix: 10.0.0.24
start time: 1741056048140
local preference: 186
end time: 1741056048142
Time: 2 ms
--------------------------------------------------
received prefix: 10.0.0.24
start time: 1741056048215
local preference: 186
end time: 1741056048215
Time: 0 ms
--------------------------------------------------
received prefix: 10.0.0.24
start time: 1741056048282
local preference: 186
end time: 1741056048283
Time: 1 ms
--------------------------------------------------
received prefix: 10.0.0.24
start time: 1741056048312
local preference: 187
end time: 1741056048313
Time: 1 ms
--------------------------------------------------
received prefix: 10.0.0.24
start time: 1741056048337
local preference: 187
end time: 1741056048337
Time: 0 ms
--------------------------------------------------
received prefix: 10.0.0.24
start time: 1741056048402
local preference: 186
end time: 1741056048403
Time: 1 ms
--------------------------------------------------
received prefix: 10.0.0.24
start time: 1741056048442
local preference: 186
end time: 1741056048444
Time: 2 ms
--------------------------------------------------
received prefix: 10.0.0.25
start time: 1741056048810
local preference: 175
end time: 1741056048811
Time: 1 ms
--------------------------------------------------
received prefix: 10.0.0.25
start time: 1741056048862
local preference: 175
end time: 1741056048863
Time: 1 ms
--------------------------------------------------
received prefix: 10.0.0.25
start time: 1741056048941
local preference: 175
end time: 1741056048942
Time: 1 ms
--------------------------------------------------
received prefix: 10.0.0.25
start time: 1741056048951
local preference: 175
end time: 1741056048951
Time: 0 ms
--------------------------------------------------
received prefix: 10.0.0.25
start time: 1741056049009
local preference: 174
end time: 1741056049010
Time: 1 ms
--------------------------------------------------
received prefix: 10.0.0.25
start time: 1741056049017
local preference: 174
end time: 1741056049018
Time: 1 ms
--------------------------------------------------
received prefix: 10.0.0.25
start time: 1741056049072
local preference: 174
end time: 1741056049073
Time: 1 ms
--------------------------------------------------
received prefix: 10.0.0.25
start time: 1741056049117
local preference: 174
end time: 1741056049120
Time: 3 ms
--------------------------------------------------
received prefix: 10.0.0.26
start time: 1741056054516
local preference: 190
end time: 1741056054517
Time: 1 ms
--------------------------------------------------
received prefix: 10.0.0.25
start time: 1741056055448
local preference: 175
end time: 1741056055449
Time: 1 ms
--------------------------------------------------
received prefix: 10.0.0.21
start time: 1741056056333
local preference: 203
end time: 1741056056335
Time: 2 ms
--------------------------------------------------
received prefix: 10.0.0.22
start time: 1741056057209
local preference: 197
end time: 1741056057210
Time: 1 ms
--------------------------------------------------
received prefix: 10.0.0.20
start time: 1741056058160
local preference: 194
end time: 1741056058161
Time: 1 ms
--------------------------------------------------
received prefix: 10.0.0.13
start time: 1741056059086
local preference: 205
end time: 1741056059087
Time: 1 ms
--------------------------------------------------
received prefix: 10.0.0.14
start time: 1741056059914
local preference: 198
end time: 1741056059916
Time: 2 ms
--------------------------------------------------
received prefix: 10.0.0.11
start time: 1741056060841
local preference: 196
end time: 1741056060843
Time: 2 ms
--------------------------------------------------
received prefix: 10.0.0.7
start time: 1741056061737
local preference: 210
end time: 1741056061738
Time: 1 ms
--------------------------------------------------
received prefix: 10.0.0.8
start time: 1741056062512
local preference: 197
end time: 1741056062513
Time: 1 ms
--------------------------------------------------
received prefix: 10.0.0.6
start time: 1741056063421
local preference: 210
end time: 1741056063423
Time: 2 ms
--------------------------------------------------
received prefix: 10.0.0.1
start time: 1741056064393
local preference: 201
end time: 1741056064394
Time: 1 ms
--------------------------------------------------
received prefix: 10.0.0.2
start time: 1741056065244
local preference: 204
end time: 1741056065246
Time: 2 ms
--------------------------------------------------
received prefix: 10.0.0.3
start time: 1741056066047
local preference: 189
end time: 1741056066047
Time: 0 ms
--------------------------------------------------
received prefix: 10.0.0.4
start time: 1741056066879
local preference: 167
end time: 1741056066880
Time: 1 ms
--------------------------------------------------
received prefix: 10.0.0.5
start time: 1741056067715
local preference: 196
end time: 1741056067716
Time: 1 ms
--------------------------------------------------
received prefix: 10.0.0.9
start time: 1741056068463
local preference: 211
end time: 1741056068463
Time: 0 ms
--------------------------------------------------
received prefix: 10.0.0.10
start time: 1741056069309
local preference: 209
end time: 1741056069310
Time: 1 ms
--------------------------------------------------
received prefix: 10.0.0.15
start time: 1741056070317
local preference: 197
end time: 1741056070318
Time: 1 ms
--------------------------------------------------
received prefix: 10.0.0.16
start time: 1741056071248
local preference: 183
end time: 1741056071248
Time: 0 ms
--------------------------------------------------
received prefix: 10.0.0.17
start time: 1741056072161
local preference: 201
end time: 1741056072164
Time: 3 ms
--------------------------------------------------
received prefix: 10.0.0.18
start time: 1741056072975
local preference: 214
end time: 1741056072977
Time: 2 ms
--------------------------------------------------
received prefix: 10.0.0.19
start time: 1741056073828
local preference: 210
end time: 1741056073829
Time: 1 ms
--------------------------------------------------
received prefix: 10.0.0.23
start time: 1741056074442
local preference: 213
end time: 1741056074442
Time: 0 ms
--------------------------------------------------
received prefix: 10.0.0.24
start time: 1741056075350
local preference: 213
end time: 1741056075350
Time: 0 ms
--------------------------------------------------
received prefix: 10.0.0.22
start time: 1741056159888
local preference: 205
end time: 1741056159890
Time: 2 ms
--------------------------------------------------
received prefix: 10.0.0.21
start time: 1741056160450
local preference: 211
end time: 1741056160450
Time: 0 ms
--------------------------------------------------
received prefix: 10.0.0.12
start time: 1741056160642
local preference: 212
end time: 1741056160643
Time: 1 ms
--------------------------------------------------
received prefix: 10.0.0.32
start time: 1741056160844
local preference: 206
end time: 1741056160845
Time: 1 ms
--------------------------------------------------
received prefix: 10.0.0.26
start time: 1741056160958
local preference: 185
end time: 1741056160958
Time: 0 ms
--------------------------------------------------
received prefix: 10.0.0.25
start time: 1741056161138
local preference: 184
end time: 1741056161139
Time: 1 ms
--------------------------------------------------
received prefix: 10.0.0.23
start time: 1741056161356
local preference: 190
end time: 1741056161358
Time: 2 ms
--------------------------------------------------
received prefix: 10.0.0.24
start time: 1741056161563
local preference: 185
end time: 1741056161565
Time: 2 ms
--------------------------------------------------
received prefix: 10.0.0.27
start time: 1741056161656
local preference: 185
end time: 1741056161656
Time: 0 ms
--------------------------------------------------
received prefix: 10.0.0.28
start time: 1741056161826
local preference: 192
end time: 1741056161829
Time: 3 ms
--------------------------------------------------
received prefix: 10.0.0.29
start time: 1741056162018
local preference: 193
end time: 1741056162019
Time: 1 ms
--------------------------------------------------
received prefix: 10.0.0.30
start time: 1741056162216
local preference: 206
end time: 1741056162217
Time: 1 ms
--------------------------------------------------
received prefix: 10.0.0.31
start time: 1741056162430
local preference: 206
end time: 1741056162431
Time: 1 ms
--------------------------------------------------
received prefix: 10.0.0.12
start time: 1741056163532
local preference: 212
end time: 1741056163533
Time: 1 ms
--------------------------------------------------
received prefix: 10.0.0.12
start time: 1741056163623
local preference: 211
end time: 1741056163623
Time: 0 ms
--------------------------------------------------
received prefix: 10.0.0.12
start time: 1741056163666
local preference: 211
end time: 1741056163667
Time: 1 ms
--------------------------------------------------
received prefix: 10.0.0.12
start time: 1741056163692
local preference: 210
end time: 1741056163695
Time: 3 ms
--------------------------------------------------
received prefix: 10.0.0.12
start time: 1741056163747
local preference: 211
end time: 1741056163747
Time: 0 ms
--------------------------------------------------
received prefix: 10.0.0.12
start time: 1741056163801
local preference: 210
end time: 1741056163803
Time: 2 ms
--------------------------------------------------
received prefix: 10.0.0.12
start time: 1741056163866
local preference: 211
end time: 1741056163867
Time: 1 ms
--------------------------------------------------
received prefix: 10.0.0.12
start time: 1741056163946
local preference: 211
end time: 1741056163949
Time: 3 ms
--------------------------------------------------
received prefix: 10.0.0.32
start time: 1741056164165
local preference: 206
end time: 1741056164166
Time: 1 ms
--------------------------------------------------
received prefix: 10.0.0.32
start time: 1741056164259
local preference: 205
end time: 1741056164259
Time: 0 ms
--------------------------------------------------
received prefix: 10.0.0.32
start time: 1741056164300
local preference: 205
end time: 1741056164301
Time: 1 ms
--------------------------------------------------
received prefix: 10.0.0.32
start time: 1741056164333
local preference: 205
end time: 1741056164334
Time: 1 ms
--------------------------------------------------
received prefix: 10.0.0.32
start time: 1741056164416
local preference: 205
end time: 1741056164417
Time: 1 ms
--------------------------------------------------
received prefix: 10.0.0.32
start time: 1741056164469
local preference: 204
end time: 1741056164470
Time: 1 ms
--------------------------------------------------
received prefix: 10.0.0.32
start time: 1741056164525
local preference: 206
end time: 1741056164527
Time: 2 ms
--------------------------------------------------
received prefix: 10.0.0.32
start time: 1741056164533
local preference: 205
end time: 1741056164535
Time: 2 ms
--------------------------------------------------
received prefix: 10.0.0.26
start time: 1741056164837
local preference: 184
end time: 1741056164837
Time: 0 ms
--------------------------------------------------
received prefix: 10.0.0.26
start time: 1741056164886
local preference: 184
end time: 1741056164886
Time: 0 ms
--------------------------------------------------
received prefix: 10.0.0.26
start time: 1741056164920
local preference: 183
end time: 1741056164921
Time: 1 ms
--------------------------------------------------
received prefix: 10.0.0.26
start time: 1741056164956
local preference: 183
end time: 1741056164959
Time: 3 ms
--------------------------------------------------
received prefix: 10.0.0.26
start time: 1741056165029
local preference: 183
end time: 1741056165029
Time: 0 ms
--------------------------------------------------
received prefix: 10.0.0.26
start time: 1741056165090
local preference: 183
end time: 1741056165093
Time: 3 ms
--------------------------------------------------
received prefix: 10.0.0.26
start time: 1741056165145
local preference: 184
end time: 1741056165147
Time: 2 ms
--------------------------------------------------
received prefix: 10.0.0.27
start time: 1741056165377
local preference: 185
end time: 1741056165378
Time: 1 ms
--------------------------------------------------
received prefix: 10.0.0.27
start time: 1741056165467
local preference: 185
end time: 1741056165469
Time: 2 ms
--------------------------------------------------
received prefix: 10.0.0.27
start time: 1741056165495
local preference: 184
end time: 1741056165496
Time: 1 ms
--------------------------------------------------
received prefix: 10.0.0.27
start time: 1741056165553
local preference: 184
end time: 1741056165554
Time: 1 ms
--------------------------------------------------
received prefix: 10.0.0.27
start time: 1741056165609
local preference: 184
end time: 1741056165610
Time: 1 ms
--------------------------------------------------
received prefix: 10.0.0.27
start time: 1741056165621
local preference: 183
end time: 1741056165625
Time: 4 ms
--------------------------------------------------
received prefix: 10.0.0.27
start time: 1741056165682
local preference: 185
end time: 1741056165683
Time: 1 ms
--------------------------------------------------
received prefix: 10.0.0.27
start time: 1741056165740
local preference: 184
end time: 1741056165740
Time: 0 ms
--------------------------------------------------
received prefix: 10.0.0.28
start time: 1741056165981
local preference: 192
end time: 1741056165982
Time: 1 ms
--------------------------------------------------
received prefix: 10.0.0.28
start time: 1741056166039
local preference: 191
end time: 1741056166041
Time: 2 ms
--------------------------------------------------
received prefix: 10.0.0.28
start time: 1741056166112
local preference: 191
end time: 1741056166112
Time: 0 ms
--------------------------------------------------
received prefix: 10.0.0.28
start time: 1741056166182
local preference: 190
end time: 1741056166183
Time: 1 ms
--------------------------------------------------
received prefix: 10.0.0.28
start time: 1741056166223
local preference: 191
end time: 1741056166223
Time: 0 ms
--------------------------------------------------
received prefix: 10.0.0.28
start time: 1741056166279
local preference: 190
end time: 1741056166280
Time: 1 ms
--------------------------------------------------
received prefix: 10.0.0.28
start time: 1741056166363
local preference: 192
end time: 1741056166364
Time: 1 ms
--------------------------------------------------
received prefix: 10.0.0.28
start time: 1741056166396
local preference: 191
end time: 1741056166399
Time: 3 ms
--------------------------------------------------
received prefix: 10.0.0.29
start time: 1741056166646
local preference: 192
end time: 1741056166648
Time: 2 ms
--------------------------------------------------
received prefix: 10.0.0.29
start time: 1741056166717
local preference: 192
end time: 1741056166719
Time: 2 ms
--------------------------------------------------
received prefix: 10.0.0.29
start time: 1741056166758
local preference: 191
end time: 1741056166759
Time: 1 ms
--------------------------------------------------
received prefix: 10.0.0.29
start time: 1741056166838
local preference: 191
end time: 1741056166839
Time: 1 ms
--------------------------------------------------
received prefix: 10.0.0.29
start time: 1741056166853
local preference: 191
end time: 1741056166854
Time: 1 ms
--------------------------------------------------
received prefix: 10.0.0.29
start time: 1741056166918
local preference: 191
end time: 1741056166919
Time: 1 ms
--------------------------------------------------
received prefix: 10.0.0.29
start time: 1741056166952
local preference: 192
end time: 1741056166953
Time: 1 ms
--------------------------------------------------
received prefix: 10.0.0.29
start time: 1741056167014
local preference: 192
end time: 1741056167016
Time: 2 ms
--------------------------------------------------
received prefix: 10.0.0.30
start time: 1741056167207
local preference: 206
end time: 1741056167208
Time: 1 ms
--------------------------------------------------
received prefix: 10.0.0.30
start time: 1741056167267
local preference: 205
end time: 1741056167268
Time: 1 ms
--------------------------------------------------
received prefix: 10.0.0.30
start time: 1741056167311
local preference: 205
end time: 1741056167313
Time: 2 ms
--------------------------------------------------
received prefix: 10.0.0.30
start time: 1741056167359
local preference: 205
end time: 1741056167362
Time: 3 ms
--------------------------------------------------
received prefix: 10.0.0.30
start time: 1741056167414
local preference: 205
end time: 1741056167415
Time: 1 ms
--------------------------------------------------
received prefix: 10.0.0.30
start time: 1741056167454
local preference: 204
end time: 1741056167455
Time: 1 ms
--------------------------------------------------
received prefix: 10.0.0.30
start time: 1741056167518
local preference: 206
end time: 1741056167519
Time: 1 ms
--------------------------------------------------
received prefix: 10.0.0.30
start time: 1741056167591
local preference: 205
end time: 1741056167592
Time: 1 ms
--------------------------------------------------
received prefix: 10.0.0.31
start time: 1741056167831
local preference: 206
end time: 1741056167832
Time: 1 ms
--------------------------------------------------
received prefix: 10.0.0.31
start time: 1741056167893
local preference: 205
end time: 1741056167894
Time: 1 ms
--------------------------------------------------
received prefix: 10.0.0.31
start time: 1741056167938
local preference: 205
end time: 1741056167940
Time: 2 ms
--------------------------------------------------
received prefix: 10.0.0.31
start time: 1741056168029
local preference: 205
end time: 1741056168030
Time: 1 ms
--------------------------------------------------
received prefix: 10.0.0.31
start time: 1741056168112
local preference: 205
end time: 1741056168115
Time: 3 ms
--------------------------------------------------
received prefix: 10.0.0.31
start time: 1741056168191
local preference: 204
end time: 1741056168194
Time: 3 ms
--------------------------------------------------
received prefix: 10.0.0.31
start time: 1741056168229
local preference: 206
end time: 1741056168230
Time: 1 ms
--------------------------------------------------
received prefix: 10.0.0.31
start time: 1741056168281
local preference: 205
end time: 1741056168282
Time: 1 ms
--------------------------------------------------
received prefix: 10.0.0.26
start time: 1741056168949
local preference: 190
end time: 1741056168950
Time: 1 ms
--------------------------------------------------
received prefix: 10.0.0.26
start time: 1741056169018
local preference: 190
end time: 1741056169019
Time: 1 ms
--------------------------------------------------
received prefix: 10.0.0.26
start time: 1741056169039
local preference: 190
end time: 1741056169040
Time: 1 ms
--------------------------------------------------
received prefix: 10.0.0.26
start time: 1741056169086
local preference: 189
end time: 1741056169087
Time: 1 ms
--------------------------------------------------
received prefix: 10.0.0.1
start time: 1741056171026
local preference: 209
end time: 1741056171027
Time: 1 ms
--------------------------------------------------
received prefix: 10.0.0.2
start time: 1741056171580
local preference: 212
end time: 1741056171581
Time: 1 ms
--------------------------------------------------
received prefix: 10.0.0.3
start time: 1741056172082
local preference: 197
end time: 1741056172083
Time: 1 ms
--------------------------------------------------
received prefix: 10.0.0.27
start time: 1741056172354
local preference: 184
end time: 1741056172356
Time: 2 ms
--------------------------------------------------
received prefix: 10.0.0.28
start time: 1741056172524
local preference: 165
end time: 1741056172527
Time: 3 ms
--------------------------------------------------
received prefix: 10.0.0.29
start time: 1741056172688
local preference: 191
end time: 1741056172690
Time: 2 ms
--------------------------------------------------
received prefix: 10.0.0.30
start time: 1741056172842
local preference: 213
end time: 1741056172843
Time: 1 ms
--------------------------------------------------
received prefix: 10.0.0.31
start time: 1741056173052
local preference: 205
end time: 1741056173053
Time: 1 ms
--------------------------------------------------
received prefix: 10.0.0.32
start time: 1741056173229
local preference: 205
end time: 1741056173230
Time: 1 ms
--------------------------------------------------
received prefix: 10.0.0.12
start time: 1741056174251
local preference: 203
end time: 1741056174252
Time: 1 ms
--------------------------------------------------
received prefix: 10.0.0.25
start time: 1741056205481
local preference: 183
end time: 1741056205482
Time: 1 ms
--------------------------------------------------
received prefix: 10.0.0.23
start time: 1741056206029
local preference: 191
end time: 1741056206030
Time: 1 ms
--------------------------------------------------
received prefix: 10.0.0.24
start time: 1741056206587
local preference: 186
end time: 1741056206588
Time: 1 ms
--------------------------------------------------
received prefix: 10.0.0.26
start time: 1741056206861
local preference: 176
end time: 1741056206863
Time: 2 ms
--------------------------------------------------
received prefix: 10.0.0.26
start time: 1741056206895
local preference: 175
end time: 1741056206897
Time: 2 ms
--------------------------------------------------
received prefix: 10.0.0.26
start time: 1741056206958
local preference: 175
end time: 1741056206960
Time: 2 ms
--------------------------------------------------
received prefix: 10.0.0.26
start time: 1741056207013
local preference: 176
end time: 1741056207014
Time: 1 ms
--------------------------------------------------
received prefix: 10.0.0.26
start time: 1741056207284
local preference: 176
end time: 1741056207284
Time: 0 ms
--------------------------------------------------
received prefix: 10.0.0.26
start time: 1741056207343
local preference: 175
end time: 1741056207345
Time: 2 ms
--------------------------------------------------
received prefix: 10.0.0.26
start time: 1741056207416
local preference: 175
end time: 1741056207417
Time: 1 ms
--------------------------------------------------
received prefix: 10.0.0.26
start time: 1741056207488
local preference: 176
end time: 1741056207489
Time: 1 ms
--------------------------------------------------
received prefix: 10.0.0.26
start time: 1741056207819
local preference: 176
end time: 1741056207819
Time: 0 ms
--------------------------------------------------
received prefix: 10.0.0.26
start time: 1741056207859
local preference: 176
end time: 1741056207861
Time: 2 ms
--------------------------------------------------
received prefix: 10.0.0.26
start time: 1741056207917
local preference: 175
end time: 1741056207917
Time: 0 ms
--------------------------------------------------
received prefix: 10.0.0.26
start time: 1741056207968
local preference: 176
end time: 1741056207969
Time: 1 ms
--------------------------------------------------
received prefix: 10.0.0.26
start time: 1741056208246
local preference: 176
end time: 1741056208246
Time: 0 ms
--------------------------------------------------
received prefix: 10.0.0.26
start time: 1741056208313
local preference: 176
end time: 1741056208314
Time: 1 ms
--------------------------------------------------
received prefix: 10.0.0.26
start time: 1741056208361
local preference: 175
end time: 1741056208362
Time: 1 ms
--------------------------------------------------
received prefix: 10.0.0.26
start time: 1741056208417
local preference: 176
end time: 1741056208417
Time: 0 ms
--------------------------------------------------
received prefix: 10.0.0.1
start time: 1741056208611
local preference: 215
end time: 1741056208612
Time: 1 ms
--------------------------------------------------
received prefix: 10.0.0.1
start time: 1741056208687
local preference: 215
end time: 1741056208687
Time: 0 ms
--------------------------------------------------
received prefix: 10.0.0.1
start time: 1741056208719
local preference: 215
end time: 1741056208719
Time: 0 ms
--------------------------------------------------
received prefix: 10.0.0.1
start time: 1741056208776
local preference: 214
end time: 1741056208777
Time: 1 ms
--------------------------------------------------
received prefix: 10.0.0.2
start time: 1741056209029
local preference: 206
end time: 1741056209032
Time: 3 ms
--------------------------------------------------
received prefix: 10.0.0.2
start time: 1741056209127
local preference: 207
end time: 1741056209129
Time: 2 ms
--------------------------------------------------
received prefix: 10.0.0.2
start time: 1741056209152
local preference: 208
end time: 1741056209153
Time: 1 ms
--------------------------------------------------
received prefix: 10.0.0.2
start time: 1741056209186
local preference: 208
end time: 1741056209186
Time: 0 ms
--------------------------------------------------
received prefix: 10.0.0.3
start time: 1741056209400
local preference: 204
end time: 1741056209404
Time: 4 ms
--------------------------------------------------
received prefix: 10.0.0.3
start time: 1741056209450
local preference: 204
end time: 1741056209451
Time: 1 ms
--------------------------------------------------
received prefix: 10.0.0.3
start time: 1741056209515
local preference: 203
end time: 1741056209516
Time: 1 ms
--------------------------------------------------
received prefix: 10.0.0.3
start time: 1741056209553
local preference: 203
end time: 1741056209555
Time: 2 ms
--------------------------------------------------
received prefix: 10.0.0.32
start time: 1741056209830
local preference: 212
end time: 1741056209831
Time: 1 ms
--------------------------------------------------
received prefix: 10.0.0.32
start time: 1741056209876
local preference: 212
end time: 1741056209876
Time: 0 ms
--------------------------------------------------
received prefix: 10.0.0.32
start time: 1741056209913
local preference: 211
end time: 1741056209915
Time: 2 ms
--------------------------------------------------
received prefix: 10.0.0.32
start time: 1741056209988
local preference: 211
end time: 1741056209989
Time: 1 ms
--------------------------------------------------
received prefix: 10.0.0.27
start time: 1741056210169
local preference: 191
end time: 1741056210170
Time: 1 ms
--------------------------------------------------
received prefix: 10.0.0.27
start time: 1741056210217
local preference: 191
end time: 1741056210218
Time: 1 ms
--------------------------------------------------
received prefix: 10.0.0.27
start time: 1741056210282
local preference: 190
end time: 1741056210283
Time: 1 ms
--------------------------------------------------
received prefix: 10.0.0.27
start time: 1741056210343
local preference: 190
end time: 1741056210343
Time: 0 ms
--------------------------------------------------
received prefix: 10.0.0.28
start time: 1741056210585
local preference: 198
end time: 1741056210586
Time: 1 ms
--------------------------------------------------
received prefix: 10.0.0.28
start time: 1741056210644
local preference: 198
end time: 1741056210647
Time: 3 ms
--------------------------------------------------
received prefix: 10.0.0.28
start time: 1741056210682
local preference: 197
end time: 1741056210682
Time: 0 ms
--------------------------------------------------
received prefix: 10.0.0.28
start time: 1741056210745
local preference: 197
end time: 1741056210746
Time: 1 ms
--------------------------------------------------
received prefix: 10.0.0.29
start time: 1741056210906
local preference: 199
end time: 1741056210908
Time: 2 ms
--------------------------------------------------
received prefix: 10.0.0.29
start time: 1741056210988
local preference: 198
end time: 1741056210990
Time: 2 ms
--------------------------------------------------
received prefix: 10.0.0.29
start time: 1741056211059
local preference: 198
end time: 1741056211061
Time: 2 ms
--------------------------------------------------
received prefix: 10.0.0.29
start time: 1741056211103
local preference: 198
end time: 1741056211104
Time: 1 ms
--------------------------------------------------
received prefix: 10.0.0.30
start time: 1741056211344
local preference: 212
end time: 1741056211345
Time: 1 ms
--------------------------------------------------
received prefix: 10.0.0.30
start time: 1741056211389
local preference: 212
end time: 1741056211391
Time: 2 ms
--------------------------------------------------
received prefix: 10.0.0.30
start time: 1741056211437
local preference: 211
end time: 1741056211437
Time: 0 ms
--------------------------------------------------
received prefix: 10.0.0.30
start time: 1741056211461
local preference: 211
end time: 1741056211463
Time: 2 ms
--------------------------------------------------
received prefix: 10.0.0.31
start time: 1741056211706
local preference: 212
end time: 1741056211707
Time: 1 ms
--------------------------------------------------
received prefix: 10.0.0.31
start time: 1741056211764
local preference: 212
end time: 1741056211768
Time: 4 ms
--------------------------------------------------
received prefix: 10.0.0.31
start time: 1741056211798
local preference: 211
end time: 1741056211798
Time: 0 ms
--------------------------------------------------
received prefix: 10.0.0.31
start time: 1741056211857
local preference: 211
end time: 1741056211859
Time: 2 ms
--------------------------------------------------
received prefix: 10.0.0.6
start time: 1741056212529
local preference: 215
end time: 1741056212530
Time: 1 ms
--------------------------------------------------
received prefix: 10.0.0.4
start time: 1741056213088
local preference: 175
end time: 1741056213089
Time: 1 ms
--------------------------------------------------
received prefix: 10.0.0.5
start time: 1741056213552
local preference: 204
end time: 1741056213553
Time: 1 ms
--------------------------------------------------
received prefix: 10.0.0.26
start time: 1741056249119
local preference: 184
end time: 1741056249122
Time: 3 ms
--------------------------------------------------
received prefix: 10.0.0.32
start time: 1741056249438
local preference: 197
end time: 1741056249438
Time: 0 ms
--------------------------------------------------
received prefix: 10.0.0.32
start time: 1741056249499
local preference: 197
end time: 1741056249502
Time: 3 ms
--------------------------------------------------
received prefix: 10.0.0.32
start time: 1741056249566
local preference: 196
end time: 1741056249567
Time: 1 ms
--------------------------------------------------
received prefix: 10.0.0.32
start time: 1741056249582
local preference: 197
end time: 1741056249583
Time: 1 ms
--------------------------------------------------
received prefix: 10.0.0.27
start time: 1741056249708
local preference: 176
end time: 1741056249710
Time: 2 ms
--------------------------------------------------
received prefix: 10.0.0.27
start time: 1741056249780
local preference: 176
end time: 1741056249781
Time: 1 ms
--------------------------------------------------
received prefix: 10.0.0.27
start time: 1741056249820
local preference: 175
end time: 1741056249823
Time: 3 ms
--------------------------------------------------
received prefix: 10.0.0.27
start time: 1741056249863
local preference: 176
end time: 1741056249864
Time: 1 ms
--------------------------------------------------
received prefix: 10.0.0.28
start time: 1741056249924
local preference: 183
end time: 1741056249926
Time: 2 ms
--------------------------------------------------
received prefix: 10.0.0.28
start time: 1741056249996
local preference: 182
end time: 1741056249997
Time: 1 ms
--------------------------------------------------
received prefix: 10.0.0.28
start time: 1741056250050
local preference: 182
end time: 1741056250052
Time: 2 ms
--------------------------------------------------
received prefix: 10.0.0.28
start time: 1741056250076
local preference: 183
end time: 1741056250077
Time: 1 ms
--------------------------------------------------
received prefix: 10.0.0.29
start time: 1741056250155
local preference: 184
end time: 1741056250155
Time: 0 ms
--------------------------------------------------
received prefix: 10.0.0.29
start time: 1741056250216
local preference: 183
end time: 1741056250218
Time: 2 ms
--------------------------------------------------
received prefix: 10.0.0.29
start time: 1741056250277
local preference: 183
end time: 1741056250278
Time: 1 ms
--------------------------------------------------
received prefix: 10.0.0.29
start time: 1741056250305
local preference: 184
end time: 1741056250306
Time: 1 ms
--------------------------------------------------
received prefix: 10.0.0.30
start time: 1741056250428
local preference: 197
end time: 1741056250431
Time: 3 ms
--------------------------------------------------
received prefix: 10.0.0.30
start time: 1741056250513
local preference: 197
end time: 1741056250514
Time: 1 ms
--------------------------------------------------
received prefix: 10.0.0.30
start time: 1741056250539
local preference: 196
end time: 1741056250540
Time: 1 ms
--------------------------------------------------
received prefix: 10.0.0.30
start time: 1741056250581
local preference: 197
end time: 1741056250582
Time: 1 ms
--------------------------------------------------
received prefix: 10.0.0.31
start time: 1741056250721
local preference: 197
end time: 1741056250721
Time: 0 ms
--------------------------------------------------
received prefix: 10.0.0.31
start time: 1741056250800
local preference: 197
end time: 1741056250801
Time: 1 ms
--------------------------------------------------
received prefix: 10.0.0.31
start time: 1741056250858
local preference: 196
end time: 1741056250861
Time: 3 ms
--------------------------------------------------
received prefix: 10.0.0.31
start time: 1741056250910
local preference: 197
end time: 1741056250911
Time: 1 ms
--------------------------------------------------
received prefix: 10.0.0.32
start time: 1741056251459
local preference: 197
end time: 1741056251460
Time: 1 ms
--------------------------------------------------
received prefix: 10.0.0.32
start time: 1741056251530
local preference: 197
end time: 1741056251530
Time: 0 ms
--------------------------------------------------
received prefix: 10.0.0.32
start time: 1741056251593
local preference: 196
end time: 1741056251595
Time: 2 ms
--------------------------------------------------
received prefix: 10.0.0.32
start time: 1741056251625
local preference: 197
end time: 1741056251629
Time: 4 ms
--------------------------------------------------
received prefix: 10.0.0.27
start time: 1741056251913
local preference: 176
end time: 1741056251914
Time: 1 ms
--------------------------------------------------
received prefix: 10.0.0.27
start time: 1741056251983
local preference: 176
end time: 1741056251984
Time: 1 ms
--------------------------------------------------
received prefix: 10.0.0.27
start time: 1741056252059
local preference: 175
end time: 1741056252062
Time: 3 ms
--------------------------------------------------
received prefix: 10.0.0.27
start time: 1741056252111
local preference: 176
end time: 1741056252114
Time: 3 ms
--------------------------------------------------
received prefix: 10.0.0.28
start time: 1741056252313
local preference: 183
end time: 1741056252315
Time: 2 ms
--------------------------------------------------
received prefix: 10.0.0.28
start time: 1741056252352
local preference: 182
end time: 1741056252353
Time: 1 ms
--------------------------------------------------
received prefix: 10.0.0.28
start time: 1741056252379
local preference: 182
end time: 1741056252380
Time: 1 ms
--------------------------------------------------
received prefix: 10.0.0.28
start time: 1741056252408
local preference: 183
end time: 1741056252409
Time: 1 ms
--------------------------------------------------
received prefix: 10.0.0.29
start time: 1741056252647
local preference: 184
end time: 1741056252649
Time: 2 ms
--------------------------------------------------
received prefix: 10.0.0.29
start time: 1741056252731
local preference: 183
end time: 1741056252733
Time: 2 ms
--------------------------------------------------
received prefix: 10.0.0.29
start time: 1741056252788
local preference: 183
end time: 1741056252792
Time: 4 ms
--------------------------------------------------
received prefix: 10.0.0.29
start time: 1741056252833
local preference: 184
end time: 1741056252836
Time: 3 ms
--------------------------------------------------
received prefix: 10.0.0.30
start time: 1741056253102
local preference: 197
end time: 1741056253102
Time: 0 ms
--------------------------------------------------
received prefix: 10.0.0.30
start time: 1741056253191
local preference: 197
end time: 1741056253194
Time: 3 ms
--------------------------------------------------
received prefix: 10.0.0.30
start time: 1741056253241
local preference: 196
end time: 1741056253242
Time: 1 ms
--------------------------------------------------
received prefix: 10.0.0.30
start time: 1741056253268
local preference: 197
end time: 1741056253269
Time: 1 ms
--------------------------------------------------
received prefix: 10.0.0.31
start time: 1741056253481
local preference: 197
end time: 1741056253484
Time: 3 ms
--------------------------------------------------
received prefix: 10.0.0.31
start time: 1741056253550
local preference: 197
end time: 1741056253551
Time: 1 ms
--------------------------------------------------
received prefix: 10.0.0.31
start time: 1741056253586
local preference: 196
end time: 1741056253586
Time: 0 ms
--------------------------------------------------
received prefix: 10.0.0.31
start time: 1741056253643
local preference: 197
end time: 1741056253643
Time: 0 ms
--------------------------------------------------
received prefix: 10.0.0.32
start time: 1741056254020
local preference: 197
end time: 1741056254020
Time: 0 ms
--------------------------------------------------
received prefix: 10.0.0.32
start time: 1741056254089
local preference: 197
end time: 1741056254091
Time: 2 ms
--------------------------------------------------
received prefix: 10.0.0.32
start time: 1741056254137
local preference: 196
end time: 1741056254139
Time: 2 ms
--------------------------------------------------
received prefix: 10.0.0.32
start time: 1741056254204
local preference: 197
end time: 1741056254205
Time: 1 ms
--------------------------------------------------
received prefix: 10.0.0.27
start time: 1741056254292
local preference: 176
end time: 1741056254296
Time: 4 ms
--------------------------------------------------
received prefix: 10.0.0.27
start time: 1741056254329
local preference: 176
end time: 1741056254330
Time: 1 ms
--------------------------------------------------
received prefix: 10.0.0.27
start time: 1741056254380
local preference: 175
end time: 1741056254381
Time: 1 ms
--------------------------------------------------
received prefix: 10.0.0.27
start time: 1741056254435
local preference: 176
end time: 1741056254436
Time: 1 ms
--------------------------------------------------
received prefix: 10.0.0.28
start time: 1741056254518
local preference: 183
end time: 1741056254519
Time: 1 ms
--------------------------------------------------
received prefix: 10.0.0.28
start time: 1741056254570
local preference: 183
end time: 1741056254571
Time: 1 ms
--------------------------------------------------
received prefix: 10.0.0.28
start time: 1741056254597
local preference: 182
end time: 1741056254598
Time: 1 ms
--------------------------------------------------
received prefix: 10.0.0.28
start time: 1741056254671
local preference: 183
end time: 1741056254672
Time: 1 ms
--------------------------------------------------
received prefix: 10.0.0.29
start time: 1741056254769
local preference: 184
end time: 1741056254772
Time: 3 ms
--------------------------------------------------
received prefix: 10.0.0.29
start time: 1741056254844
local preference: 184
end time: 1741056254846
Time: 2 ms
--------------------------------------------------
received prefix: 10.0.0.29
start time: 1741056254879
local preference: 183
end time: 1741056254880
Time: 1 ms
--------------------------------------------------
received prefix: 10.0.0.29
start time: 1741056254895
local preference: 184
end time: 1741056254897
Time: 2 ms
--------------------------------------------------
received prefix: 10.0.0.30
start time: 1741056254984
local preference: 197
end time: 1741056254985
Time: 1 ms
--------------------------------------------------
received prefix: 10.0.0.30
start time: 1741056255052
local preference: 197
end time: 1741056255054
Time: 2 ms
--------------------------------------------------
received prefix: 10.0.0.30
start time: 1741056255122
local preference: 196
end time: 1741056255123
Time: 1 ms
--------------------------------------------------
received prefix: 10.0.0.30
start time: 1741056255188
local preference: 197
end time: 1741056255190
Time: 2 ms
--------------------------------------------------
received prefix: 10.0.0.31
start time: 1741056255261
local preference: 197
end time: 1741056255263
Time: 2 ms
--------------------------------------------------
received prefix: 10.0.0.31
start time: 1741056255295
local preference: 197
end time: 1741056255298
Time: 3 ms
--------------------------------------------------
received prefix: 10.0.0.31
start time: 1741056255361
local preference: 196
end time: 1741056255365
Time: 4 ms
--------------------------------------------------
received prefix: 10.0.0.31
start time: 1741056255412
local preference: 197
end time: 1741056255413
Time: 1 ms
--------------------------------------------------
received prefix: 10.0.0.32
start time: 1741056255619
local preference: 197
end time: 1741056255619
Time: 0 ms
--------------------------------------------------
received prefix: 10.0.0.32
start time: 1741056255703
local preference: 197
end time: 1741056255705
Time: 2 ms
--------------------------------------------------
received prefix: 10.0.0.32
start time: 1741056255781
local preference: 197
end time: 1741056255781
Time: 0 ms
--------------------------------------------------
received prefix: 10.0.0.32
start time: 1741056255830
local preference: 197
end time: 1741056255834
Time: 4 ms
--------------------------------------------------
received prefix: 10.0.0.27
start time: 1741056255894
local preference: 176
end time: 1741056255895
Time: 1 ms
--------------------------------------------------
received prefix: 10.0.0.27
start time: 1741056255925
local preference: 176
end time: 1741056255925
Time: 0 ms
--------------------------------------------------
received prefix: 10.0.0.27
start time: 1741056255979
local preference: 176
end time: 1741056255979
Time: 0 ms
--------------------------------------------------
received prefix: 10.0.0.27
start time: 1741056256049
local preference: 176
end time: 1741056256050
Time: 1 ms
--------------------------------------------------
received prefix: 10.0.0.28
start time: 1741056256113
local preference: 183
end time: 1741056256114
Time: 1 ms
--------------------------------------------------
received prefix: 10.0.0.28
start time: 1741056256174
local preference: 183
end time: 1741056256176
Time: 2 ms
--------------------------------------------------
received prefix: 10.0.0.28
start time: 1741056256184
local preference: 182
end time: 1741056256185
Time: 1 ms
--------------------------------------------------
received prefix: 10.0.0.28
start time: 1741056256236
local preference: 183
end time: 1741056256237
Time: 1 ms
--------------------------------------------------
received prefix: 10.0.0.29
start time: 1741056256271
local preference: 184
end time: 1741056256272
Time: 1 ms
--------------------------------------------------
received prefix: 10.0.0.29
start time: 1741056256333
local preference: 184
end time: 1741056256334
Time: 1 ms
--------------------------------------------------
received prefix: 10.0.0.29
start time: 1741056256398
local preference: 183
end time: 1741056256399
Time: 1 ms
--------------------------------------------------
received prefix: 10.0.0.29
start time: 1741056256447
local preference: 184
end time: 1741056256448
Time: 1 ms
--------------------------------------------------
received prefix: 10.0.0.30
start time: 1741056256527
local preference: 197
end time: 1741056256528
Time: 1 ms
--------------------------------------------------
received prefix: 10.0.0.30
start time: 1741056256604
local preference: 197
end time: 1741056256605
Time: 1 ms
--------------------------------------------------
received prefix: 10.0.0.30
start time: 1741056256644
local preference: 197
end time: 1741056256648
Time: 4 ms
--------------------------------------------------
received prefix: 10.0.0.30
start time: 1741056256703
local preference: 197
end time: 1741056256704
Time: 1 ms
--------------------------------------------------
received prefix: 10.0.0.31
start time: 1741056256774
local preference: 197
end time: 1741056256774
Time: 0 ms
--------------------------------------------------
received prefix: 10.0.0.31
start time: 1741056256825
local preference: 197
end time: 1741056256825
Time: 0 ms
--------------------------------------------------
received prefix: 10.0.0.31
start time: 1741056256864
local preference: 197
end time: 1741056256865
Time: 1 ms
--------------------------------------------------
received prefix: 10.0.0.31
start time: 1741056256917
local preference: 197
end time: 1741056256918
Time: 1 ms
--------------------------------------------------
received prefix: 10.0.0.6
start time: 1741056257117
local preference: 187
end time: 1741056257118
Time: 1 ms
--------------------------------------------------
received prefix: 10.0.0.6
start time: 1741056257192
local preference: 187
end time: 1741056257195
Time: 3 ms
--------------------------------------------------
received prefix: 10.0.0.6
start time: 1741056257222
local preference: 188
end time: 1741056257222
Time: 0 ms
--------------------------------------------------
received prefix: 10.0.0.6
start time: 1741056257282
local preference: 188
end time: 1741056257283
Time: 1 ms
--------------------------------------------------
received prefix: 10.0.0.4
start time: 1741056257493
local preference: 182
end time: 1741056257494
Time: 1 ms
--------------------------------------------------
received prefix: 10.0.0.4
start time: 1741056257552
local preference: 182
end time: 1741056257553
Time: 1 ms
--------------------------------------------------
received prefix: 10.0.0.4
start time: 1741056257586
local preference: 181
end time: 1741056257586
Time: 0 ms
--------------------------------------------------
received prefix: 10.0.0.4
start time: 1741056257633
local preference: 181
end time: 1741056257635
Time: 2 ms
--------------------------------------------------
received prefix: 10.0.0.5
start time: 1741056257877
local preference: 211
end time: 1741056257879
Time: 2 ms
--------------------------------------------------
received prefix: 10.0.0.5
start time: 1741056257950
local preference: 211
end time: 1741056257951
Time: 1 ms
--------------------------------------------------
received prefix: 10.0.0.5
start time: 1741056257998
local preference: 210
end time: 1741056258000
Time: 2 ms
--------------------------------------------------
received prefix: 10.0.0.5
start time: 1741056258052
local preference: 210
end time: 1741056258053
Time: 1 ms
--------------------------------------------------
received prefix: 10.0.0.7
start time: 1741056258513
local preference: 212
end time: 1741056258514
Time: 1 ms
--------------------------------------------------
received prefix: 10.0.0.8
start time: 1741056258672
local preference: 205
end time: 1741056258672
Time: 0 ms
--------------------------------------------------
received prefix: 10.0.0.32
start time: 1741056271630
local preference: 205
end time: 1741056271633
Time: 3 ms
--------------------------------------------------
received prefix: 10.0.0.27
start time: 1741056272148
local preference: 184
end time: 1741056272150
Time: 2 ms
--------------------------------------------------
received prefix: 10.0.0.28
start time: 1741056272636
local preference: 191
end time: 1741056272637
Time: 1 ms
--------------------------------------------------
received prefix: 10.0.0.29
start time: 1741056273175
local preference: 192
end time: 1741056273176
Time: 1 ms
--------------------------------------------------
received prefix: 10.0.0.30
start time: 1741056273713
local preference: 205
end time: 1741056273714
Time: 1 ms
--------------------------------------------------
received prefix: 10.0.0.31
start time: 1741056274310
local preference: 205
end time: 1741056274311
Time: 1 ms
--------------------------------------------------
received prefix: 10.0.0.11
start time: 1741056275723
local preference: 204
end time: 1741056275726
Time: 3 ms
--------------------------------------------------
received prefix: 10.0.0.9
start time: 1741056275929
local preference: 212
end time: 1741056275930
Time: 1 ms
--------------------------------------------------
received prefix: 10.0.0.10
start time: 1741056276056
local preference: 215
end time: 1741056276058
Time: 2 ms
--------------------------------------------------
received prefix: 10.0.0.12
start time: 1741056276337
local preference: 211
end time: 1741056276340
Time: 3 ms
--------------------------------------------------
received prefix: 10.0.0.13
start time: 1741056286930
local preference: 213
end time: 1741056286933
Time: 3 ms
--------------------------------------------------
received prefix: 10.0.0.19
start time: 1741056298098
local preference: 217
end time: 1741056298099
Time: 1 ms
--------------------------------------------------
received prefix: 10.0.0.20
start time: 1741056589597
local preference: 215
end time: 1741056589601
Time: 4 ms
--------------------------------------------------
received prefix: 10.0.0.13
start time: 1741056589726
local preference: 228
end time: 1741056589729
Time: 3 ms
--------------------------------------------------
received prefix: 10.0.0.14
start time: 1741056589844
local preference: 220
end time: 1741056589845
Time: 1 ms
--------------------------------------------------
received prefix: 10.0.0.11
start time: 1741056590030
local preference: 218
end time: 1741056590031
Time: 1 ms
--------------------------------------------------
received prefix: 10.0.0.7
start time: 1741056590198
local preference: 234
end time: 1741056590199
Time: 1 ms
--------------------------------------------------
received prefix: 10.0.0.8
start time: 1741056590401
local preference: 219
end time: 1741056590404
Time: 3 ms
--------------------------------------------------
received prefix: 10.0.0.6
start time: 1741056590528
local preference: 234
end time: 1741056590530
Time: 2 ms
--------------------------------------------------
received prefix: 10.0.0.1
start time: 1741056590744
local preference: 223
end time: 1741056590747
Time: 3 ms
--------------------------------------------------
received prefix: 10.0.0.2
start time: 1741056590932
local preference: 227
end time: 1741056590933
Time: 1 ms
--------------------------------------------------
received prefix: 10.0.0.3
start time: 1741056591100
local preference: 209
end time: 1741056591100
Time: 0 ms
--------------------------------------------------
received prefix: 10.0.0.4
start time: 1741056591315
local preference: 183
end time: 1741056591315
Time: 0 ms
--------------------------------------------------
received prefix: 10.0.0.5
start time: 1741056591459
local preference: 218
end time: 1741056591460
Time: 1 ms
--------------------------------------------------
received prefix: 10.0.0.9
start time: 1741056591626
local preference: 235
end time: 1741056591626
Time: 0 ms
--------------------------------------------------
received prefix: 10.0.0.10
start time: 1741056591808
local preference: 232
end time: 1741056591812
Time: 4 ms
--------------------------------------------------
received prefix: 10.0.0.15
start time: 1741056591980
local preference: 218
end time: 1741056591981
Time: 1 ms
--------------------------------------------------
received prefix: 10.0.0.16
start time: 1741056592151
local preference: 88
end time: 1741056592152
Time: 1 ms
--------------------------------------------------
received prefix: 10.0.0.17
start time: 1741056592316
local preference: 222
end time: 1741056592316
Time: 0 ms
--------------------------------------------------
received prefix: 10.0.0.18
start time: 1741056592434
local preference: 237
end time: 1741056592434
Time: 0 ms
--------------------------------------------------
received prefix: 10.0.0.19
start time: 1741056592624
local preference: 233
end time: 1741056592625
Time: 1 ms
--------------------------------------------------
received prefix: 10.0.0.21
start time: 1741056592734
local preference: 226
end time: 1741056592734
Time: 0 ms
--------------------------------------------------
received prefix: 10.0.0.21
start time: 1741056592785
local preference: 226
end time: 1741056592786
Time: 1 ms
--------------------------------------------------
received prefix: 10.0.0.21
start time: 1741056592829
local preference: 225
end time: 1741056592830
Time: 1 ms
--------------------------------------------------
received prefix: 10.0.0.21
start time: 1741056592861
local preference: 225
end time: 1741056592861
Time: 0 ms
--------------------------------------------------
received prefix: 10.0.0.21
start time: 1741056592952
local preference: 225
end time: 1741056592952
Time: 0 ms
--------------------------------------------------
received prefix: 10.0.0.21
start time: 1741056593000
local preference: 225
end time: 1741056593002
Time: 2 ms
--------------------------------------------------
received prefix: 10.0.0.21
start time: 1741056593045
local preference: 226
end time: 1741056593046
Time: 1 ms
--------------------------------------------------
received prefix: 10.0.0.21
start time: 1741056593082
local preference: 226
end time: 1741056593083
Time: 1 ms
--------------------------------------------------
received prefix: 10.0.0.22
start time: 1741056593165
local preference: 218
end time: 1741056593165
Time: 0 ms
--------------------------------------------------
received prefix: 10.0.0.22
start time: 1741056593228
local preference: 218
end time: 1741056593229
Time: 1 ms
--------------------------------------------------
received prefix: 10.0.0.22
start time: 1741056593298
local preference: 217
end time: 1741056593300
Time: 2 ms
--------------------------------------------------
received prefix: 10.0.0.22
start time: 1741056593352
local preference: 217
end time: 1741056593352
Time: 0 ms
--------------------------------------------------
received prefix: 10.0.0.22
start time: 1741056593457
local preference: 217
end time: 1741056593457
Time: 0 ms
--------------------------------------------------
received prefix: 10.0.0.22
start time: 1741056593493
local preference: 217
end time: 1741056593496
Time: 3 ms
--------------------------------------------------
received prefix: 10.0.0.22
start time: 1741056593558
local preference: 218
end time: 1741056593561
Time: 3 ms
--------------------------------------------------
received prefix: 10.0.0.22
start time: 1741056593620
local preference: 218
end time: 1741056593621
Time: 1 ms
--------------------------------------------------
received prefix: 10.0.0.20
start time: 1741056593848
local preference: 215
end time: 1741056593848
Time: 0 ms
--------------------------------------------------
received prefix: 10.0.0.20
start time: 1741056593932
local preference: 214
end time: 1741056593933
Time: 1 ms
--------------------------------------------------
received prefix: 10.0.0.20
start time: 1741056593991
local preference: 214
end time: 1741056593991
Time: 0 ms
--------------------------------------------------
received prefix: 10.0.0.20
start time: 1741056594030
local preference: 213
end time: 1741056594033
Time: 3 ms
--------------------------------------------------
received prefix: 10.0.0.20
start time: 1741056594083
local preference: 213
end time: 1741056594083
Time: 0 ms
--------------------------------------------------
received prefix: 10.0.0.20
start time: 1741056594137
local preference: 213
end time: 1741056594139
Time: 2 ms
--------------------------------------------------
received prefix: 10.0.0.20
start time: 1741056594219
local preference: 215
end time: 1741056594220
Time: 1 ms
--------------------------------------------------
received prefix: 10.0.0.20
start time: 1741056594277
local preference: 214
end time: 1741056594277
Time: 0 ms
--------------------------------------------------
received prefix: 10.0.0.13
start time: 1741056594500
local preference: 228
end time: 1741056594501
Time: 1 ms
--------------------------------------------------
received prefix: 10.0.0.13
start time: 1741056594570
local preference: 228
end time: 1741056594571
Time: 1 ms
--------------------------------------------------
received prefix: 10.0.0.13
start time: 1741056594609
local preference: 227
end time: 1741056594609
Time: 0 ms
--------------------------------------------------
received prefix: 10.0.0.13
start time: 1741056594686
local preference: 227
end time: 1741056594687
Time: 1 ms
--------------------------------------------------
received prefix: 10.0.0.13
start time: 1741056594730
local preference: 227
end time: 1741056594731
Time: 1 ms
--------------------------------------------------
received prefix: 10.0.0.13
start time: 1741056594772
local preference: 227
end time: 1741056594773
Time: 1 ms
--------------------------------------------------
received prefix: 10.0.0.13
start time: 1741056594852
local preference: 228
end time: 1741056594854
Time: 2 ms
--------------------------------------------------
received prefix: 10.0.0.13
start time: 1741056594910
local preference: 228
end time: 1741056594912
Time: 2 ms
--------------------------------------------------
received prefix: 10.0.0.14
start time: 1741056595186
local preference: 220
end time: 1741056595187
Time: 1 ms
--------------------------------------------------
received prefix: 10.0.0.14
start time: 1741056595261
local preference: 219
end time: 1741056595261
Time: 0 ms
--------------------------------------------------
received prefix: 10.0.0.14
start time: 1741056595283
local preference: 219
end time: 1741056595284
Time: 1 ms
--------------------------------------------------
received prefix: 10.0.0.14
start time: 1741056595335
local preference: 218
end time: 1741056595337
Time: 2 ms
--------------------------------------------------
received prefix: 10.0.0.14
start time: 1741056595394
local preference: 219
end time: 1741056595395
Time: 1 ms
--------------------------------------------------
received prefix: 10.0.0.14
start time: 1741056595455
local preference: 218
end time: 1741056595458
Time: 3 ms
--------------------------------------------------
received prefix: 10.0.0.14
start time: 1741056595508
local preference: 220
end time: 1741056595509
Time: 1 ms
--------------------------------------------------
received prefix: 10.0.0.14
start time: 1741056595596
local preference: 219
end time: 1741056595598
Time: 2 ms
--------------------------------------------------
received prefix: 10.0.0.11
start time: 1741056595839
local preference: 217
end time: 1741056595839
Time: 0 ms
--------------------------------------------------
received prefix: 10.0.0.11
start time: 1741056595922
local preference: 217
end time: 1741056595923
Time: 1 ms
--------------------------------------------------
received prefix: 10.0.0.11
start time: 1741056595952
local preference: 217
end time: 1741056595953
Time: 1 ms
--------------------------------------------------
received prefix: 10.0.0.11
start time: 1741056596000
local preference: 216
end time: 1741056596001
Time: 1 ms
--------------------------------------------------
received prefix: 10.0.0.11
start time: 1741056596071
local preference: 216
end time: 1741056596071
Time: 0 ms
--------------------------------------------------
received prefix: 10.0.0.11
start time: 1741056596128
local preference: 216
end time: 1741056596130
Time: 2 ms
--------------------------------------------------
received prefix: 10.0.0.11
start time: 1741056596188
local preference: 217
end time: 1741056596189
Time: 1 ms
--------------------------------------------------
received prefix: 10.0.0.11
start time: 1741056596252
local preference: 217
end time: 1741056596253
Time: 1 ms
--------------------------------------------------
received prefix: 10.0.0.7
start time: 1741056596488
local preference: 234
end time: 1741056596491
Time: 3 ms
--------------------------------------------------
received prefix: 10.0.0.7
start time: 1741056596521
local preference: 233
end time: 1741056596522
Time: 1 ms
--------------------------------------------------
received prefix: 10.0.0.7
start time: 1741056596581
local preference: 233
end time: 1741056596582
Time: 1 ms
--------------------------------------------------
received prefix: 10.0.0.7
start time: 1741056596589
local preference: 233
end time: 1741056596589
Time: 0 ms
--------------------------------------------------
received prefix: 10.0.0.7
start time: 1741056596619
local preference: 233
end time: 1741056596620
Time: 1 ms
--------------------------------------------------
received prefix: 10.0.0.7
start time: 1741056596669
local preference: 232
end time: 1741056596670
Time: 1 ms
--------------------------------------------------
received prefix: 10.0.0.7
start time: 1741056596725
local preference: 234
end time: 1741056596726
Time: 1 ms
--------------------------------------------------
received prefix: 10.0.0.7
start time: 1741056596780
local preference: 233
end time: 1741056596784
Time: 4 ms
--------------------------------------------------
received prefix: 10.0.0.8
start time: 1741056597040
local preference: 219
end time: 1741056597041
Time: 1 ms
--------------------------------------------------
received prefix: 10.0.0.8
start time: 1741056597113
local preference: 218
end time: 1741056597113
Time: 0 ms
--------------------------------------------------
received prefix: 10.0.0.8
start time: 1741056597194
local preference: 218
end time: 1741056597195
Time: 1 ms
--------------------------------------------------
received prefix: 10.0.0.8
start time: 1741056597235
local preference: 217
end time: 1741056597236
Time: 1 ms
--------------------------------------------------
received prefix: 10.0.0.8
start time: 1741056597308
local preference: 217
end time: 1741056597309
Time: 1 ms
--------------------------------------------------
received prefix: 10.0.0.8
start time: 1741056597353
local preference: 217
end time: 1741056597357
Time: 4 ms
--------------------------------------------------
received prefix: 10.0.0.8
start time: 1741056597411
local preference: 218
end time: 1741056597412
Time: 1 ms
--------------------------------------------------
received prefix: 10.0.0.8
start time: 1741056597462
local preference: 218
end time: 1741056597463
Time: 1 ms
--------------------------------------------------
received prefix: 10.0.0.6
start time: 1741056597724
local preference: 234
end time: 1741056597724
Time: 0 ms
--------------------------------------------------
received prefix: 10.0.0.6
start time: 1741056597783
local preference: 233
end time: 1741056597785
Time: 2 ms
--------------------------------------------------
received prefix: 10.0.0.6
start time: 1741056597818
local preference: 233
end time: 1741056597819
Time: 1 ms
--------------------------------------------------
received prefix: 10.0.0.6
start time: 1741056597868
local preference: 232
end time: 1741056597871
Time: 3 ms
--------------------------------------------------
received prefix: 10.0.0.6
start time: 1741056597948
local preference: 233
end time: 1741056597948
Time: 0 ms
--------------------------------------------------
received prefix: 10.0.0.6
start time: 1741056598010
local preference: 232
end time: 1741056598011
Time: 1 ms
--------------------------------------------------
received prefix: 10.0.0.6
start time: 1741056598054
local preference: 234
end time: 1741056598056
Time: 2 ms
--------------------------------------------------
received prefix: 10.0.0.6
start time: 1741056598095
local preference: 233
end time: 1741056598096
Time: 1 ms
--------------------------------------------------
received prefix: 10.0.0.1
start time: 1741056598387
local preference: 222
end time: 1741056598387
Time: 0 ms
--------------------------------------------------
received prefix: 10.0.0.1
start time: 1741056598444
local preference: 222
end time: 1741056598445
Time: 1 ms
--------------------------------------------------
received prefix: 10.0.0.1
start time: 1741056598495
local preference: 221
end time: 1741056598495
Time: 0 ms
--------------------------------------------------
received prefix: 10.0.0.1
start time: 1741056598548
local preference: 221
end time: 1741056598549
Time: 1 ms
--------------------------------------------------
received prefix: 10.0.0.1
start time: 1741056598619
local preference: 221
end time: 1741056598620
Time: 1 ms
--------------------------------------------------
received prefix: 10.0.0.1
start time: 1741056598650
local preference: 221
end time: 1741056598651
Time: 1 ms
--------------------------------------------------
received prefix: 10.0.0.1
start time: 1741056598687
local preference: 222
end time: 1741056598688
Time: 1 ms
--------------------------------------------------
received prefix: 10.0.0.1
start time: 1741056598755
local preference: 222
end time: 1741056598756
Time: 1 ms
--------------------------------------------------
received prefix: 10.0.0.2
start time: 1741056599012
local preference: 226
end time: 1741056599014
Time: 2 ms
--------------------------------------------------
received prefix: 10.0.0.2
start time: 1741056599058
local preference: 226
end time: 1741056599059
Time: 1 ms
--------------------------------------------------
received prefix: 10.0.0.2
start time: 1741056599111
local preference: 225
end time: 1741056599111
Time: 0 ms
--------------------------------------------------
received prefix: 10.0.0.2
start time: 1741056599184
local preference: 225
end time: 1741056599185
Time: 1 ms
--------------------------------------------------
received prefix: 10.0.0.2
start time: 1741056599242
local preference: 225
end time: 1741056599243
Time: 1 ms
--------------------------------------------------
received prefix: 10.0.0.2
start time: 1741056599295
local preference: 225
end time: 1741056599296
Time: 1 ms
--------------------------------------------------
received prefix: 10.0.0.2
start time: 1741056599378
local preference: 226
end time: 1741056599380
Time: 2 ms
--------------------------------------------------
received prefix: 10.0.0.2
start time: 1741056599447
local preference: 226
end time: 1741056599448
Time: 1 ms
--------------------------------------------------
received prefix: 10.0.0.3
start time: 1741056599675
local preference: 209
end time: 1741056599676
Time: 1 ms
--------------------------------------------------
received prefix: 10.0.0.3
start time: 1741056599739
local preference: 208
end time: 1741056599740
Time: 1 ms
--------------------------------------------------
received prefix: 10.0.0.3
start time: 1741056599813
local preference: 208
end time: 1741056599814
Time: 1 ms
--------------------------------------------------
received prefix: 10.0.0.3
start time: 1741056599854
local preference: 207
end time: 1741056599855
Time: 1 ms
--------------------------------------------------
received prefix: 10.0.0.3
start time: 1741056599943
local preference: 207
end time: 1741056599944
Time: 1 ms
--------------------------------------------------
received prefix: 10.0.0.3
start time: 1741056599955
local preference: 207
end time: 1741056599956
Time: 1 ms
--------------------------------------------------
received prefix: 10.0.0.3
start time: 1741056600054
local preference: 208
end time: 1741056600054
Time: 0 ms
--------------------------------------------------
received prefix: 10.0.0.3
start time: 1741056600127
local preference: 208
end time: 1741056600128
Time: 1 ms
--------------------------------------------------
received prefix: 10.0.0.4
start time: 1741056600411
local preference: 182
end time: 1741056600412
Time: 1 ms
--------------------------------------------------
received prefix: 10.0.0.4
start time: 1741056600473
local preference: 182
end time: 1741056600475
Time: 2 ms
--------------------------------------------------
received prefix: 10.0.0.4
start time: 1741056600514
local preference: 181
end time: 1741056600515
Time: 1 ms
--------------------------------------------------
received prefix: 10.0.0.4
start time: 1741056600568
local preference: 181
end time: 1741056600569
Time: 1 ms
--------------------------------------------------
received prefix: 10.0.0.4
start time: 1741056600647
local preference: 181
end time: 1741056600648
Time: 1 ms
--------------------------------------------------
received prefix: 10.0.0.4
start time: 1741056600703
local preference: 181
end time: 1741056600705
Time: 2 ms
--------------------------------------------------
received prefix: 10.0.0.4
start time: 1741056600770
local preference: 182
end time: 1741056600771
Time: 1 ms
--------------------------------------------------
received prefix: 10.0.0.4
start time: 1741056600791
local preference: 182
end time: 1741056600795
Time: 4 ms
--------------------------------------------------
received prefix: 10.0.0.5
start time: 1741056601044
local preference: 217
end time: 1741056601044
Time: 0 ms
--------------------------------------------------
received prefix: 10.0.0.5
start time: 1741056601122
local preference: 217
end time: 1741056601123
Time: 1 ms
--------------------------------------------------
received prefix: 10.0.0.5
start time: 1741056601190
local preference: 216
end time: 1741056601191
Time: 1 ms
--------------------------------------------------
received prefix: 10.0.0.5
start time: 1741056601253
local preference: 216
end time: 1741056601254
Time: 1 ms
--------------------------------------------------
received prefix: 10.0.0.5
start time: 1741056601291
local preference: 216
end time: 1741056601292
Time: 1 ms
--------------------------------------------------
received prefix: 10.0.0.5
start time: 1741056601350
local preference: 216
end time: 1741056601352
Time: 2 ms
--------------------------------------------------
received prefix: 10.0.0.5
start time: 1741056601426
local preference: 217
end time: 1741056601428
Time: 2 ms
--------------------------------------------------
received prefix: 10.0.0.5
start time: 1741056601485
local preference: 217
end time: 1741056601486
Time: 1 ms
--------------------------------------------------
received prefix: 10.0.0.9
start time: 1741056601727
local preference: 234
end time: 1741056601728
Time: 1 ms
--------------------------------------------------
received prefix: 10.0.0.9
start time: 1741056601799
local preference: 234
end time: 1741056601800
Time: 1 ms
--------------------------------------------------
received prefix: 10.0.0.9
start time: 1741056601855
local preference: 233
end time: 1741056601856
Time: 1 ms
--------------------------------------------------
received prefix: 10.0.0.9
start time: 1741056601863
local preference: 233
end time: 1741056601864
Time: 1 ms
--------------------------------------------------
received prefix: 10.0.0.9
start time: 1741056601934
local preference: 233
end time: 1741056601936
Time: 2 ms
--------------------------------------------------
received prefix: 10.0.0.9
start time: 1741056601956
local preference: 232
end time: 1741056601956
Time: 0 ms
--------------------------------------------------
received prefix: 10.0.0.9
start time: 1741056602012
local preference: 234
end time: 1741056602013
Time: 1 ms
--------------------------------------------------
received prefix: 10.0.0.9
start time: 1741056602066
local preference: 234
end time: 1741056602067
Time: 1 ms
--------------------------------------------------
received prefix: 10.0.0.10
start time: 1741056602308
local preference: 232
end time: 1741056602309
Time: 1 ms
--------------------------------------------------
received prefix: 10.0.0.10
start time: 1741056602375
local preference: 231
end time: 1741056602375
Time: 0 ms
--------------------------------------------------
received prefix: 10.0.0.10
start time: 1741056602434
local preference: 231
end time: 1741056602434
Time: 0 ms
--------------------------------------------------
received prefix: 10.0.0.10
start time: 1741056602462
local preference: 230
end time: 1741056602463
Time: 1 ms
--------------------------------------------------
received prefix: 10.0.0.10
start time: 1741056602529
local preference: 231
end time: 1741056602531
Time: 2 ms
--------------------------------------------------
received prefix: 10.0.0.10
start time: 1741056602606
local preference: 230
end time: 1741056602607
Time: 1 ms
--------------------------------------------------
received prefix: 10.0.0.10
start time: 1741056602655
local preference: 232
end time: 1741056602655
Time: 0 ms
--------------------------------------------------
received prefix: 10.0.0.10
start time: 1741056602730
local preference: 231
end time: 1741056602733
Time: 3 ms
--------------------------------------------------
received prefix: 10.0.0.15
start time: 1741056602972
local preference: 218
end time: 1741056602973
Time: 1 ms
--------------------------------------------------
received prefix: 10.0.0.15
start time: 1741056603031
local preference: 218
end time: 1741056603032
Time: 1 ms
--------------------------------------------------
received prefix: 10.0.0.15
start time: 1741056603101
local preference: 217
end time: 1741056603101
Time: 0 ms
--------------------------------------------------
received prefix: 10.0.0.15
start time: 1741056603176
local preference: 217
end time: 1741056603178
Time: 2 ms
--------------------------------------------------
received prefix: 10.0.0.15
start time: 1741056603240
local preference: 217
end time: 1741056603240
Time: 0 ms
--------------------------------------------------
received prefix: 10.0.0.15
start time: 1741056603250
local preference: 216
end time: 1741056603251
Time: 1 ms
--------------------------------------------------
received prefix: 10.0.0.15
start time: 1741056603321
local preference: 218
end time: 1741056603323
Time: 2 ms
--------------------------------------------------
received prefix: 10.0.0.15
start time: 1741056603415
local preference: 217
end time: 1741056603417
Time: 2 ms
--------------------------------------------------
received prefix: 10.0.0.16
start time: 1741056603624
local preference: 73
end time: 1741056603626
Time: 2 ms
--------------------------------------------------
received prefix: 10.0.0.16
start time: 1741056603687
local preference: 78
end time: 1741056603687
Time: 0 ms
--------------------------------------------------
received prefix: 10.0.0.16
start time: 1741056603735
local preference: 80
end time: 1741056603735
Time: 0 ms
--------------------------------------------------
received prefix: 10.0.0.16
start time: 1741056603794
local preference: 84
end time: 1741056603796
Time: 2 ms
--------------------------------------------------
received prefix: 10.0.0.16
start time: 1741056603812
local preference: 81
end time: 1741056603813
Time: 1 ms
--------------------------------------------------
received prefix: 10.0.0.16
start time: 1741056603860
local preference: 86
end time: 1741056603862
Time: 2 ms
--------------------------------------------------
received prefix: 10.0.0.16
start time: 1741056603909
local preference: 74
end time: 1741056603912
Time: 3 ms
--------------------------------------------------
received prefix: 10.0.0.16
start time: 1741056603994
local preference: 78
end time: 1741056603996
Time: 2 ms
--------------------------------------------------
received prefix: 10.0.0.17
start time: 1741056604197
local preference: 223
end time: 1741056604199
Time: 2 ms
--------------------------------------------------
received prefix: 10.0.0.17
start time: 1741056604300
local preference: 222
end time: 1741056604305
Time: 5 ms
--------------------------------------------------
received prefix: 10.0.0.17
start time: 1741056604331
local preference: 222
end time: 1741056604332
Time: 1 ms
--------------------------------------------------
received prefix: 10.0.0.17
start time: 1741056604383
local preference: 222
end time: 1741056604385
Time: 2 ms
--------------------------------------------------
received prefix: 10.0.0.17
start time: 1741056604481
local preference: 222
end time: 1741056604481
Time: 0 ms
--------------------------------------------------
received prefix: 10.0.0.17
start time: 1741056604499
local preference: 221
end time: 1741056604501
Time: 2 ms
--------------------------------------------------
received prefix: 10.0.0.17
start time: 1741056604576
local preference: 223
end time: 1741056604577
Time: 1 ms
--------------------------------------------------
received prefix: 10.0.0.17
start time: 1741056604633
local preference: 222
end time: 1741056604635
Time: 2 ms
--------------------------------------------------
received prefix: 10.0.0.18
start time: 1741056604869
local preference: 238
end time: 1741056604872
Time: 3 ms
--------------------------------------------------
received prefix: 10.0.0.18
start time: 1741056604965
local preference: 237
end time: 1741056604971
Time: 6 ms
--------------------------------------------------
received prefix: 10.0.0.18
start time: 1741056605003
local preference: 237
end time: 1741056605007
Time: 4 ms
--------------------------------------------------
received prefix: 10.0.0.18
start time: 1741056605044
local preference: 236
end time: 1741056605045
Time: 1 ms
--------------------------------------------------
received prefix: 10.0.0.18
start time: 1741056605109
local preference: 236
end time: 1741056605111
Time: 2 ms
--------------------------------------------------
received prefix: 10.0.0.18
start time: 1741056605190
local preference: 236
end time: 1741056605191
Time: 1 ms
--------------------------------------------------
received prefix: 10.0.0.18
start time: 1741056605221
local preference: 237
end time: 1741056605222
Time: 1 ms
--------------------------------------------------
received prefix: 10.0.0.18
start time: 1741056605272
local preference: 237
end time: 1741056605274
Time: 2 ms
--------------------------------------------------
received prefix: 10.0.0.19
start time: 1741056605604
local preference: 233
end time: 1741056605605
Time: 1 ms
--------------------------------------------------
received prefix: 10.0.0.19
start time: 1741056605680
local preference: 233
end time: 1741056605681
Time: 1 ms
--------------------------------------------------
received prefix: 10.0.0.19
start time: 1741056605757
local preference: 232
end time: 1741056605758
Time: 1 ms
--------------------------------------------------
received prefix: 10.0.0.19
start time: 1741056605831
local preference: 232
end time: 1741056605834
Time: 3 ms
--------------------------------------------------
received prefix: 10.0.0.19
start time: 1741056605898
local preference: 232
end time: 1741056605898
Time: 0 ms
--------------------------------------------------
received prefix: 10.0.0.19
start time: 1741056605908
local preference: 231
end time: 1741056605910
Time: 2 ms
--------------------------------------------------
received prefix: 10.0.0.19
start time: 1741056605974
local preference: 233
end time: 1741056605975
Time: 1 ms
--------------------------------------------------
received prefix: 10.0.0.19
start time: 1741056606057
local preference: 232
end time: 1741056606058
Time: 1 ms
--------------------------------------------------
received prefix: 10.0.0.23
start time: 1741056606550
local preference: 226
end time: 1741056606551
Time: 1 ms
--------------------------------------------------
received prefix: 10.0.0.23
start time: 1741056606591
local preference: 226
end time: 1741056606594
Time: 3 ms
--------------------------------------------------
received prefix: 10.0.0.23
start time: 1741056606662
local preference: 227
end time: 1741056606664
Time: 2 ms
--------------------------------------------------
received prefix: 10.0.0.23
start time: 1741056606718
local preference: 227
end time: 1741056606719
Time: 1 ms
--------------------------------------------------
received prefix: 10.0.0.23
start time: 1741056606787
local preference: 233
end time: 1741056606788
Time: 1 ms
--------------------------------------------------
received prefix: 10.0.0.23
start time: 1741056606815
local preference: 233
end time: 1741056606817
Time: 2 ms
--------------------------------------------------
received prefix: 10.0.0.23
start time: 1741056606864
local preference: 227
end time: 1741056606864
Time: 0 ms
--------------------------------------------------
received prefix: 10.0.0.23
start time: 1741056606940
local preference: 227
end time: 1741056606942
Time: 2 ms
--------------------------------------------------
received prefix: 10.0.0.24
start time: 1741056607341
local preference: 206
end time: 1741056607342
Time: 1 ms
--------------------------------------------------
received prefix: 10.0.0.24
start time: 1741056607438
local preference: 206
end time: 1741056607442
Time: 4 ms
--------------------------------------------------
received prefix: 10.0.0.24
start time: 1741056607453
local preference: 208
end time: 1741056607454
Time: 1 ms
--------------------------------------------------
received prefix: 10.0.0.24
start time: 1741056607498
local preference: 208
end time: 1741056607499
Time: 1 ms
--------------------------------------------------
received prefix: 10.0.0.24
start time: 1741056607548
local preference: 213
end time: 1741056607548
Time: 0 ms
--------------------------------------------------
received prefix: 10.0.0.24
start time: 1741056607597
local preference: 213
end time: 1741056607600
Time: 3 ms
--------------------------------------------------
received prefix: 10.0.0.24
start time: 1741056607685
local preference: 207
end time: 1741056607686
Time: 1 ms
--------------------------------------------------
received prefix: 10.0.0.24
start time: 1741056607701
local preference: 207
end time: 1741056607705
Time: 4 ms
--------------------------------------------------
received prefix: 10.0.0.25
start time: 1741056608217
local preference: 182
end time: 1741056608218
Time: 1 ms
--------------------------------------------------
received prefix: 10.0.0.25
start time: 1741056608281
local preference: 182
end time: 1741056608281
Time: 0 ms
--------------------------------------------------
received prefix: 10.0.0.25
start time: 1741056608352
local preference: 181
end time: 1741056608353
Time: 1 ms
--------------------------------------------------
received prefix: 10.0.0.25
start time: 1741056608392
local preference: 181
end time: 1741056608393
Time: 1 ms
--------------------------------------------------
received prefix: 10.0.0.25
start time: 1741056608431
local preference: 181
end time: 1741056608432
Time: 1 ms
--------------------------------------------------
received prefix: 10.0.0.25
start time: 1741056608511
local preference: 181
end time: 1741056608512
Time: 1 ms
--------------------------------------------------
received prefix: 10.0.0.25
start time: 1741056608547
local preference: 180
end time: 1741056608548
Time: 1 ms
--------------------------------------------------
received prefix: 10.0.0.25
start time: 1741056608591
local preference: 180
end time: 1741056608594
Time: 3 ms
--------------------------------------------------
received prefix: 10.0.0.26
start time: 1741056613883
local preference: 200
end time: 1741056613884
Time: 1 ms
--------------------------------------------------
received prefix: 10.0.0.25
start time: 1741056614865
local preference: 182
end time: 1741056614866
Time: 1 ms
--------------------------------------------------
received prefix: 10.0.0.21
start time: 1741056615748
local preference: 216
end time: 1741056615750
Time: 2 ms
--------------------------------------------------
received prefix: 10.0.0.22
start time: 1741056616651
local preference: 208
end time: 1741056616651
Time: 0 ms
--------------------------------------------------
received prefix: 10.0.0.20
start time: 1741056617599
local preference: 205
end time: 1741056617601
Time: 2 ms
--------------------------------------------------
received prefix: 10.0.0.13
start time: 1741056618386
local preference: 218
end time: 1741056618387
Time: 1 ms
--------------------------------------------------
received prefix: 10.0.0.14
start time: 1741056619262
local preference: 210
end time: 1741056619262
Time: 0 ms
--------------------------------------------------
received prefix: 10.0.0.11
start time: 1741056620106
local preference: 207
end time: 1741056620107
Time: 1 ms
--------------------------------------------------
received prefix: 10.0.0.7
start time: 1741056621115
local preference: 224
end time: 1741056621115
Time: 0 ms
--------------------------------------------------
received prefix: 10.0.0.8
start time: 1741056622134
local preference: 208
end time: 1741056622136
Time: 2 ms
--------------------------------------------------
received prefix: 10.0.0.6
start time: 1741056623083
local preference: 224
end time: 1741056623084
Time: 1 ms
--------------------------------------------------
received prefix: 10.0.0.1
start time: 1741056623954
local preference: 212
end time: 1741056623955
Time: 1 ms
--------------------------------------------------
received prefix: 10.0.0.2
start time: 1741056624853
local preference: 216
end time: 1741056624853
Time: 0 ms
--------------------------------------------------
received prefix: 10.0.0.3
start time: 1741056625638
local preference: 198
end time: 1741056625639
Time: 1 ms
--------------------------------------------------
received prefix: 10.0.0.4
start time: 1741056626607
local preference: 172
end time: 1741056626608
Time: 1 ms
--------------------------------------------------
received prefix: 10.0.0.5
start time: 1741056627668
local preference: 207
end time: 1741056627669
Time: 1 ms
--------------------------------------------------
received prefix: 10.0.0.9
start time: 1741056628643
local preference: 224
end time: 1741056628644
Time: 1 ms
--------------------------------------------------
received prefix: 10.0.0.10
start time: 1741056629403
local preference: 222
end time: 1741056629404
Time: 1 ms
--------------------------------------------------
received prefix: 10.0.0.15
start time: 1741056630340
local preference: 208
end time: 1741056630341
Time: 1 ms
--------------------------------------------------
received prefix: 10.0.0.16
start time: 1741056631156
local preference: 202
end time: 1741056631158
Time: 2 ms
--------------------------------------------------
received prefix: 10.0.0.17
start time: 1741056631991
local preference: 213
end time: 1741056631992
Time: 1 ms
--------------------------------------------------
received prefix: 10.0.0.18
start time: 1741056632983
local preference: 227
end time: 1741056632983
Time: 0 ms
--------------------------------------------------
received prefix: 10.0.0.19
start time: 1741056633924
local preference: 223
end time: 1741056633927
Time: 3 ms
--------------------------------------------------
received prefix: 10.0.0.23
start time: 1741056634814
local preference: 228
end time: 1741056634814
Time: 0 ms
--------------------------------------------------
received prefix: 10.0.0.24
start time: 1741056635751
local preference: 229
end time: 1741056635754
Time: 3 ms
--------------------------------------------------
received prefix: 10.0.0.22
start time: 1741056735465
local preference: 218
end time: 1741056735466
Time: 1 ms
--------------------------------------------------
received prefix: 10.0.0.21
start time: 1741056736025
local preference: 226
end time: 1741056736027
Time: 2 ms
--------------------------------------------------
received prefix: 10.0.0.12
start time: 1741056736241
local preference: 226
end time: 1741056736242
Time: 1 ms
--------------------------------------------------
received prefix: 10.0.0.32
start time: 1741056736440
local preference: 219
end time: 1741056736441
Time: 1 ms
--------------------------------------------------
received prefix: 10.0.0.26
start time: 1741056736671
local preference: 193
end time: 1741056736672
Time: 1 ms
--------------------------------------------------
received prefix: 10.0.0.25
start time: 1741056736789
local preference: 192
end time: 1741056736791
Time: 2 ms
--------------------------------------------------
received prefix: 10.0.0.23
start time: 1741056736967
local preference: 220
end time: 1741056736968
Time: 1 ms
--------------------------------------------------
received prefix: 10.0.0.24
start time: 1741056737132
local preference: 199
end time: 1741056737133
Time: 1 ms
--------------------------------------------------
received prefix: 10.0.0.27
start time: 1741056737387
local preference: 194
end time: 1741056737388
Time: 1 ms
--------------------------------------------------
received prefix: 10.0.0.28
start time: 1741056737555
local preference: 202
end time: 1741056737556
Time: 1 ms
--------------------------------------------------
received prefix: 10.0.0.29
start time: 1741056737771
local preference: 203
end time: 1741056737772
Time: 1 ms
--------------------------------------------------
received prefix: 10.0.0.30
start time: 1741056737939
local preference: 219
end time: 1741056737939
Time: 0 ms
--------------------------------------------------
received prefix: 10.0.0.31
start time: 1741056738134
local preference: 219
end time: 1741056738134
Time: 0 ms
--------------------------------------------------
received prefix: 10.0.0.12
start time: 1741056739206
local preference: 225
end time: 1741056739209
Time: 3 ms
--------------------------------------------------
received prefix: 10.0.0.12
start time: 1741056739262
local preference: 225
end time: 1741056739264
Time: 2 ms
--------------------------------------------------
received prefix: 10.0.0.12
start time: 1741056739319
local preference: 224
end time: 1741056739320
Time: 1 ms
--------------------------------------------------
received prefix: 10.0.0.12
start time: 1741056739346
local preference: 224
end time: 1741056739347
Time: 1 ms
--------------------------------------------------
received prefix: 10.0.0.12
start time: 1741056739443
local preference: 224
end time: 1741056739444
Time: 1 ms
--------------------------------------------------
received prefix: 10.0.0.12
start time: 1741056739516
local preference: 224
end time: 1741056739517
Time: 1 ms
--------------------------------------------------
received prefix: 10.0.0.12
start time: 1741056739581
local preference: 225
end time: 1741056739582
Time: 1 ms
--------------------------------------------------
received prefix: 10.0.0.12
start time: 1741056739655
local preference: 225
end time: 1741056739655
Time: 0 ms
--------------------------------------------------
received prefix: 10.0.0.32
start time: 1741056739890
local preference: 219
end time: 1741056739892
Time: 2 ms
--------------------------------------------------
received prefix: 10.0.0.32
start time: 1741056739980
local preference: 218
end time: 1741056739981
Time: 1 ms
--------------------------------------------------
received prefix: 10.0.0.32
start time: 1741056740019
local preference: 218
end time: 1741056740020
Time: 1 ms
--------------------------------------------------
received prefix: 10.0.0.32
start time: 1741056740063
local preference: 217
end time: 1741056740066
Time: 3 ms
--------------------------------------------------
received prefix: 10.0.0.32
start time: 1741056740177
local preference: 217
end time: 1741056740178
Time: 1 ms
--------------------------------------------------
received prefix: 10.0.0.32
start time: 1741056740196
local preference: 217
end time: 1741056740196
Time: 0 ms
--------------------------------------------------
received prefix: 10.0.0.32
start time: 1741056740251
local preference: 218
end time: 1741056740254
Time: 3 ms
--------------------------------------------------
received prefix: 10.0.0.32
start time: 1741056740291
local preference: 218
end time: 1741056740291
Time: 0 ms
--------------------------------------------------
received prefix: 10.0.0.26
start time: 1741056740542
local preference: 192
end time: 1741056740545
Time: 3 ms
--------------------------------------------------
received prefix: 10.0.0.26
start time: 1741056740581
local preference: 192
end time: 1741056740581
Time: 0 ms
--------------------------------------------------
received prefix: 10.0.0.26
start time: 1741056740629
local preference: 191
end time: 1741056740630
Time: 1 ms
--------------------------------------------------
received prefix: 10.0.0.26
start time: 1741056740656
local preference: 191
end time: 1741056740657
Time: 1 ms
--------------------------------------------------
received prefix: 10.0.0.26
start time: 1741056740688
local preference: 191
end time: 1741056740689
Time: 1 ms
--------------------------------------------------
received prefix: 10.0.0.26
start time: 1741056740694
local preference: 191
end time: 1741056740697
Time: 3 ms
--------------------------------------------------
received prefix: 10.0.0.26
start time: 1741056740750
local preference: 192
end time: 1741056740751
Time: 1 ms
--------------------------------------------------
received prefix: 10.0.0.27
start time: 1741056741065
local preference: 193
end time: 1741056741069
Time: 4 ms
--------------------------------------------------
received prefix: 10.0.0.27
start time: 1741056741142
local preference: 193
end time: 1741056741143
Time: 1 ms
--------------------------------------------------
received prefix: 10.0.0.27
start time: 1741056741183
local preference: 192
end time: 1741056741184
Time: 1 ms
--------------------------------------------------
received prefix: 10.0.0.27
start time: 1741056741210
local preference: 192
end time: 1741056741211
Time: 1 ms
--------------------------------------------------
received prefix: 10.0.0.27
start time: 1741056741250
local preference: 192
end time: 1741056741251
Time: 1 ms
--------------------------------------------------
received prefix: 10.0.0.27
start time: 1741056741330
local preference: 192
end time: 1741056741332
Time: 2 ms
--------------------------------------------------
received prefix: 10.0.0.27
start time: 1741056741347
local preference: 193
end time: 1741056741349
Time: 2 ms
--------------------------------------------------
received prefix: 10.0.0.27
start time: 1741056741420
local preference: 193
end time: 1741056741421
Time: 1 ms
--------------------------------------------------
received prefix: 10.0.0.28
start time: 1741056741664
local preference: 201
end time: 1741056741665
Time: 1 ms
--------------------------------------------------
received prefix: 10.0.0.28
start time: 1741056741741
local preference: 201
end time: 1741056741742
Time: 1 ms
--------------------------------------------------
received prefix: 10.0.0.28
start time: 1741056741802
local preference: 200
end time: 1741056741808
Time: 6 ms
--------------------------------------------------
received prefix: 10.0.0.28
start time: 1741056741825
local preference: 200
end time: 1741056741826
Time: 1 ms
--------------------------------------------------
received prefix: 10.0.0.28
start time: 1741056741892
local preference: 200
end time: 1741056741893
Time: 1 ms
--------------------------------------------------
received prefix: 10.0.0.28
start time: 1741056741926
local preference: 200
end time: 1741056741928
Time: 2 ms
--------------------------------------------------
received prefix: 10.0.0.28
start time: 1741056741990
local preference: 201
end time: 1741056741991
Time: 1 ms
--------------------------------------------------
received prefix: 10.0.0.28
start time: 1741056742057
local preference: 201
end time: 1741056742057
Time: 0 ms
--------------------------------------------------
received prefix: 10.0.0.29
start time: 1741056742308
local preference: 202
end time: 1741056742309
Time: 1 ms
--------------------------------------------------
received prefix: 10.0.0.29
start time: 1741056742383
local preference: 202
end time: 1741056742384
Time: 1 ms
--------------------------------------------------
received prefix: 10.0.0.29
start time: 1741056742487
local preference: 201
end time: 1741056742488
Time: 1 ms
--------------------------------------------------
received prefix: 10.0.0.29
start time: 1741056742548
local preference: 201
end time: 1741056742548
Time: 0 ms
--------------------------------------------------
received prefix: 10.0.0.29
start time: 1741056742582
local preference: 201
end time: 1741056742583
Time: 1 ms
--------------------------------------------------
received prefix: 10.0.0.29
start time: 1741056742630
local preference: 201
end time: 1741056742633
Time: 3 ms
--------------------------------------------------
received prefix: 10.0.0.29
start time: 1741056742696
local preference: 202
end time: 1741056742698
Time: 2 ms
--------------------------------------------------
received prefix: 10.0.0.29
start time: 1741056742705
local preference: 202
end time: 1741056742707
Time: 2 ms
--------------------------------------------------
received prefix: 10.0.0.30
start time: 1741056742954
local preference: 218
end time: 1741056742955
Time: 1 ms
--------------------------------------------------
received prefix: 10.0.0.30
start time: 1741056743013
local preference: 218
end time: 1741056743014
Time: 1 ms
--------------------------------------------------
received prefix: 10.0.0.30
start time: 1741056743065
local preference: 218
end time: 1741056743066
Time: 1 ms
--------------------------------------------------
received prefix: 10.0.0.30
start time: 1741056743129
local preference: 217
end time: 1741056743130
Time: 1 ms
--------------------------------------------------
received prefix: 10.0.0.30
start time: 1741056743146
local preference: 217
end time: 1741056743147
Time: 1 ms
--------------------------------------------------
received prefix: 10.0.0.30
start time: 1741056743209
local preference: 217
end time: 1741056743214
Time: 5 ms
--------------------------------------------------
received prefix: 10.0.0.30
start time: 1741056743284
local preference: 218
end time: 1741056743285
Time: 1 ms
--------------------------------------------------
received prefix: 10.0.0.30
start time: 1741056743371
local preference: 218
end time: 1741056743373
Time: 2 ms
--------------------------------------------------
received prefix: 10.0.0.31
start time: 1741056743595
local preference: 219
end time: 1741056743596
Time: 1 ms
--------------------------------------------------
received prefix: 10.0.0.31
start time: 1741056743642
local preference: 218
end time: 1741056743643
Time: 1 ms
--------------------------------------------------
received prefix: 10.0.0.31
start time: 1741056743697
local preference: 218
end time: 1741056743699
Time: 2 ms
--------------------------------------------------
received prefix: 10.0.0.31
start time: 1741056743748
local preference: 217
end time: 1741056743749
Time: 1 ms
--------------------------------------------------
received prefix: 10.0.0.31
start time: 1741056743823
local preference: 217
end time: 1741056743825
Time: 2 ms
--------------------------------------------------
received prefix: 10.0.0.31
start time: 1741056743880
local preference: 217
end time: 1741056743882
Time: 2 ms
--------------------------------------------------
received prefix: 10.0.0.31
start time: 1741056743936
local preference: 218
end time: 1741056743937
Time: 1 ms
--------------------------------------------------
received prefix: 10.0.0.31
start time: 1741056744000
local preference: 218
end time: 1741056744004
Time: 4 ms
--------------------------------------------------
received prefix: 10.0.0.26
start time: 1741056744658
local preference: 200
end time: 1741056744659
Time: 1 ms
--------------------------------------------------
received prefix: 10.0.0.26
start time: 1741056744714
local preference: 200
end time: 1741056744716
Time: 2 ms
--------------------------------------------------
received prefix: 10.0.0.26
start time: 1741056744778
local preference: 199
end time: 1741056744779
Time: 1 ms
--------------------------------------------------
received prefix: 10.0.0.26
start time: 1741056744839
local preference: 199
end time: 1741056744840
Time: 1 ms
--------------------------------------------------
received prefix: 10.0.0.1
start time: 1741056746805
local preference: 222
end time: 1741056746806
Time: 1 ms
--------------------------------------------------
received prefix: 10.0.0.2
start time: 1741056747284
local preference: 226
end time: 1741056747284
Time: 0 ms
--------------------------------------------------
received prefix: 10.0.0.3
start time: 1741056747768
local preference: 208
end time: 1741056747770
Time: 2 ms
--------------------------------------------------
received prefix: 10.0.0.27
start time: 1741056747989
local preference: 193
end time: 1741056747990
Time: 1 ms
--------------------------------------------------
received prefix: 10.0.0.28
start time: 1741056748142
local preference: 169
end time: 1741056748145
Time: 3 ms
--------------------------------------------------
received prefix: 10.0.0.29
start time: 1741056748346
local preference: 201
end time: 1741056748347
Time: 1 ms
--------------------------------------------------
received prefix: 10.0.0.30
start time: 1741056748520
local preference: 227
end time: 1741056748520
Time: 0 ms
--------------------------------------------------
received prefix: 10.0.0.31
start time: 1741056748718
local preference: 218
end time: 1741056748718
Time: 0 ms
--------------------------------------------------
received prefix: 10.0.0.32
start time: 1741056748925
local preference: 218
end time: 1741056748927
Time: 2 ms
--------------------------------------------------
received prefix: 10.0.0.12
start time: 1741056749891
local preference: 215
end time: 1741056749893
Time: 2 ms
--------------------------------------------------
received prefix: 10.0.0.25
start time: 1741056786344
local preference: 191
end time: 1741056786345
Time: 1 ms
--------------------------------------------------
received prefix: 10.0.0.23
start time: 1741056786936
local preference: 228
end time: 1741056786936
Time: 0 ms
--------------------------------------------------
received prefix: 10.0.0.24
start time: 1741056787549
local preference: 207
end time: 1741056787550
Time: 1 ms
--------------------------------------------------
received prefix: 10.0.0.26
start time: 1741056787883
local preference: 182
end time: 1741056787884
Time: 1 ms
--------------------------------------------------
received prefix: 10.0.0.26
start time: 1741056787941
local preference: 181
end time: 1741056787942
Time: 1 ms
--------------------------------------------------
received prefix: 10.0.0.26
start time: 1741056787987
local preference: 181
end time: 1741056787988
Time: 1 ms
--------------------------------------------------
received prefix: 10.0.0.26
start time: 1741056788040
local preference: 182
end time: 1741056788042
Time: 2 ms
--------------------------------------------------
received prefix: 10.0.0.26
start time: 1741056788292
local preference: 182
end time: 1741056788293
Time: 1 ms
--------------------------------------------------
received prefix: 10.0.0.26
start time: 1741056788354
local preference: 181
end time: 1741056788355
Time: 1 ms
--------------------------------------------------
received prefix: 10.0.0.26
start time: 1741056788415
local preference: 181
end time: 1741056788417
Time: 2 ms
--------------------------------------------------
received prefix: 10.0.0.26
start time: 1741056788485
local preference: 182
end time: 1741056788486
Time: 1 ms
--------------------------------------------------
received prefix: 10.0.0.26
start time: 1741056788858
local preference: 182
end time: 1741056788859
Time: 1 ms
--------------------------------------------------
received prefix: 10.0.0.26
start time: 1741056788919
local preference: 182
end time: 1741056788920
Time: 1 ms
--------------------------------------------------
received prefix: 10.0.0.26
start time: 1741056788963
local preference: 181
end time: 1741056788964
Time: 1 ms
--------------------------------------------------
received prefix: 10.0.0.26
start time: 1741056789026
local preference: 182
end time: 1741056789027
Time: 1 ms
--------------------------------------------------
received prefix: 10.0.0.26
start time: 1741056789308
local preference: 182
end time: 1741056789310
Time: 2 ms
--------------------------------------------------
received prefix: 10.0.0.26
start time: 1741056789396
local preference: 182
end time: 1741056789398
Time: 2 ms
--------------------------------------------------
received prefix: 10.0.0.26
start time: 1741056789468
local preference: 181
end time: 1741056789472
Time: 4 ms
--------------------------------------------------
received prefix: 10.0.0.26
start time: 1741056789487
local preference: 182
end time: 1741056789488
Time: 1 ms
--------------------------------------------------
received prefix: 10.0.0.1
start time: 1741056789619
local preference: 230
end time: 1741056789620
Time: 1 ms
--------------------------------------------------
received prefix: 10.0.0.1
start time: 1741056789695
local preference: 230
end time: 1741056789696
Time: 1 ms
--------------------------------------------------
received prefix: 10.0.0.1
start time: 1741056789721
local preference: 229
end time: 1741056789722
Time: 1 ms
--------------------------------------------------
received prefix: 10.0.0.1
start time: 1741056789760
local preference: 229
end time: 1741056789761
Time: 1 ms
--------------------------------------------------
received prefix: 10.0.0.2
start time: 1741056790034
local preference: 234
end time: 1741056790035
Time: 1 ms
--------------------------------------------------
received prefix: 10.0.0.2
start time: 1741056790086
local preference: 234
end time: 1741056790087
Time: 1 ms
--------------------------------------------------
received prefix: 10.0.0.2
start time: 1741056790131
local preference: 233
end time: 1741056790132
Time: 1 ms
--------------------------------------------------
received prefix: 10.0.0.2
start time: 1741056790191
local preference: 233
end time: 1741056790191
Time: 0 ms
--------------------------------------------------
received prefix: 10.0.0.3
start time: 1741056790454
local preference: 216
end time: 1741056790455
Time: 1 ms
--------------------------------------------------
received prefix: 10.0.0.3
start time: 1741056790522
local preference: 216
end time: 1741056790523
Time: 1 ms
--------------------------------------------------
received prefix: 10.0.0.3
start time: 1741056790589
local preference: 215
end time: 1741056790590
Time: 1 ms
--------------------------------------------------
received prefix: 10.0.0.3
start time: 1741056790624
local preference: 215
end time: 1741056790625
Time: 1 ms
--------------------------------------------------
received prefix: 10.0.0.32
start time: 1741056790918
local preference: 226
end time: 1741056790918
Time: 0 ms
--------------------------------------------------
received prefix: 10.0.0.32
start time: 1741056790966
local preference: 226
end time: 1741056790967
Time: 1 ms
--------------------------------------------------
received prefix: 10.0.0.32
start time: 1741056791017
local preference: 225
end time: 1741056791020
Time: 3 ms
--------------------------------------------------
received prefix: 10.0.0.32
start time: 1741056791094
local preference: 225
end time: 1741056791096
Time: 2 ms
--------------------------------------------------
received prefix: 10.0.0.27
start time: 1741056791315
local preference: 201
end time: 1741056791315
Time: 0 ms
--------------------------------------------------
received prefix: 10.0.0.27
start time: 1741056791380
local preference: 201
end time: 1741056791381
Time: 1 ms
--------------------------------------------------
received prefix: 10.0.0.27
start time: 1741056791419
local preference: 200
end time: 1741056791421
Time: 2 ms
--------------------------------------------------
received prefix: 10.0.0.27
start time: 1741056791471
local preference: 200
end time: 1741056791472
Time: 1 ms
--------------------------------------------------
received prefix: 10.0.0.28
start time: 1741056791694
local preference: 209
end time: 1741056791695
Time: 1 ms
--------------------------------------------------
received prefix: 10.0.0.28
start time: 1741056791744
local preference: 209
end time: 1741056791745
Time: 1 ms
--------------------------------------------------
received prefix: 10.0.0.28
start time: 1741056791802
local preference: 208
end time: 1741056791802
Time: 0 ms
--------------------------------------------------
received prefix: 10.0.0.28
start time: 1741056791869
local preference: 208
end time: 1741056791872
Time: 3 ms
--------------------------------------------------
received prefix: 10.0.0.29
start time: 1741056792105
local preference: 210
end time: 1741056792109
Time: 4 ms
--------------------------------------------------
received prefix: 10.0.0.29
start time: 1741056792156
local preference: 210
end time: 1741056792157
Time: 1 ms
--------------------------------------------------
received prefix: 10.0.0.29
start time: 1741056792205
local preference: 209
end time: 1741056792206
Time: 1 ms
--------------------------------------------------
received prefix: 10.0.0.29
start time: 1741056792271
local preference: 209
end time: 1741056792275
Time: 4 ms
--------------------------------------------------
received prefix: 10.0.0.30
start time: 1741056792484
local preference: 226
end time: 1741056792485
Time: 1 ms
--------------------------------------------------
received prefix: 10.0.0.30
start time: 1741056792544
local preference: 226
end time: 1741056792545
Time: 1 ms
--------------------------------------------------
received prefix: 10.0.0.30
start time: 1741056792593
local preference: 225
end time: 1741056792596
Time: 3 ms
--------------------------------------------------
received prefix: 10.0.0.30
start time: 1741056792640
local preference: 225
end time: 1741056792643
Time: 3 ms
--------------------------------------------------
received prefix: 10.0.0.31
start time: 1741056792888
local preference: 226
end time: 1741056792889
Time: 1 ms
--------------------------------------------------
received prefix: 10.0.0.31
start time: 1741056792952
local preference: 226
end time: 1741056792953
Time: 1 ms
--------------------------------------------------
received prefix: 10.0.0.31
start time: 1741056792990
local preference: 225
end time: 1741056792991
Time: 1 ms
--------------------------------------------------
received prefix: 10.0.0.31
start time: 1741056793044
local preference: 225
end time: 1741056793046
Time: 2 ms
--------------------------------------------------
received prefix: 10.0.0.6
start time: 1741056793848
local preference: 233
end time: 1741056793849
Time: 1 ms
--------------------------------------------------
received prefix: 10.0.0.4
start time: 1741056794372
local preference: 182
end time: 1741056794373
Time: 1 ms
--------------------------------------------------
received prefix: 10.0.0.5
start time: 1741056794904
local preference: 217
end time: 1741056794905
Time: 1 ms
--------------------------------------------------
received prefix: 10.0.0.26
start time: 1741056832923
local preference: 192
end time: 1741056832924
Time: 1 ms
--------------------------------------------------
received prefix: 10.0.0.32
start time: 1741056833202
local preference: 208
end time: 1741056833204
Time: 2 ms
--------------------------------------------------
received prefix: 10.0.0.32
start time: 1741056833229
local preference: 208
end time: 1741056833234
Time: 5 ms
--------------------------------------------------
received prefix: 10.0.0.32
start time: 1741056833260
local preference: 207
end time: 1741056833260
Time: 0 ms
--------------------------------------------------
received prefix: 10.0.0.32
start time: 1741056833330
local preference: 208
end time: 1741056833332
Time: 2 ms
--------------------------------------------------
received prefix: 10.0.0.27
start time: 1741056833402
local preference: 183
end time: 1741056833403
Time: 1 ms
--------------------------------------------------
received prefix: 10.0.0.27
start time: 1741056833492
local preference: 182
end time: 1741056833493
Time: 1 ms
--------------------------------------------------
received prefix: 10.0.0.27
start time: 1741056833519
local preference: 182
end time: 1741056833521
Time: 2 ms
--------------------------------------------------
received prefix: 10.0.0.27
start time: 1741056833581
local preference: 183
end time: 1741056833582
Time: 1 ms
--------------------------------------------------
received prefix: 10.0.0.28
start time: 1741056833658
local preference: 191
end time: 1741056833658
Time: 0 ms
--------------------------------------------------
received prefix: 10.0.0.28
start time: 1741056833728
local preference: 190
end time: 1741056833731
Time: 3 ms
--------------------------------------------------
received prefix: 10.0.0.28
start time: 1741056833736
local preference: 190
end time: 1741056833737
Time: 1 ms
--------------------------------------------------
received prefix: 10.0.0.28
start time: 1741056833805
local preference: 191
end time: 1741056833806
Time: 1 ms
--------------------------------------------------
received prefix: 10.0.0.29
start time: 1741056833948
local preference: 192
end time: 1741056833949
Time: 1 ms
--------------------------------------------------
received prefix: 10.0.0.29
start time: 1741056834005
local preference: 191
end time: 1741056834009
Time: 4 ms
--------------------------------------------------
received prefix: 10.0.0.29
start time: 1741056834033
local preference: 191
end time: 1741056834034
Time: 1 ms
--------------------------------------------------
received prefix: 10.0.0.29
start time: 1741056834088
local preference: 192
end time: 1741056834089
Time: 1 ms
--------------------------------------------------
received prefix: 10.0.0.30
start time: 1741056834171
local preference: 208
end time: 1741056834172
Time: 1 ms
--------------------------------------------------
received prefix: 10.0.0.30
start time: 1741056834238
local preference: 208
end time: 1741056834239
Time: 1 ms
--------------------------------------------------
received prefix: 10.0.0.30
start time: 1741056834284
local preference: 207
end time: 1741056834284
Time: 0 ms
--------------------------------------------------
received prefix: 10.0.0.30
start time: 1741056834316
local preference: 208
end time: 1741056834317
Time: 1 ms
--------------------------------------------------
received prefix: 10.0.0.31
start time: 1741056834389
local preference: 208
end time: 1741056834389
Time: 0 ms
--------------------------------------------------
received prefix: 10.0.0.31
start time: 1741056834428
local preference: 208
end time: 1741056834429
Time: 1 ms
--------------------------------------------------
received prefix: 10.0.0.31
start time: 1741056834492
local preference: 207
end time: 1741056834493
Time: 1 ms
--------------------------------------------------
received prefix: 10.0.0.31
start time: 1741056834553
local preference: 208
end time: 1741056834553
Time: 0 ms
--------------------------------------------------
received prefix: 10.0.0.32
start time: 1741056835266
local preference: 208
end time: 1741056835270
Time: 4 ms
--------------------------------------------------
received prefix: 10.0.0.32
start time: 1741056835356
local preference: 208
end time: 1741056835357
Time: 1 ms
--------------------------------------------------
received prefix: 10.0.0.32
start time: 1741056835383
local preference: 207
end time: 1741056835385
Time: 2 ms
--------------------------------------------------
received prefix: 10.0.0.32
start time: 1741056835433
local preference: 208
end time: 1741056835434
Time: 1 ms
--------------------------------------------------
received prefix: 10.0.0.27
start time: 1741056835760
local preference: 183
end time: 1741056835761
Time: 1 ms
--------------------------------------------------
received prefix: 10.0.0.27
start time: 1741056835808
local preference: 182
end time: 1741056835811
Time: 3 ms
--------------------------------------------------
received prefix: 10.0.0.27
start time: 1741056835855
local preference: 182
end time: 1741056835856
Time: 1 ms
--------------------------------------------------
received prefix: 10.0.0.27
start time: 1741056835885
local preference: 183
end time: 1741056835886
Time: 1 ms
--------------------------------------------------
received prefix: 10.0.0.28
start time: 1741056836171
local preference: 191
end time: 1741056836172
Time: 1 ms
--------------------------------------------------
received prefix: 10.0.0.28
start time: 1741056836239
local preference: 190
end time: 1741056836240
Time: 1 ms
--------------------------------------------------
received prefix: 10.0.0.28
start time: 1741056836313
local preference: 190
end time: 1741056836314
Time: 1 ms
--------------------------------------------------
received prefix: 10.0.0.28
start time: 1741056836383
local preference: 191
end time: 1741056836383
Time: 0 ms
--------------------------------------------------
received prefix: 10.0.0.29
start time: 1741056836596
local preference: 192
end time: 1741056836597
Time: 1 ms
--------------------------------------------------
received prefix: 10.0.0.29
start time: 1741056836659
local preference: 191
end time: 1741056836662
Time: 3 ms
--------------------------------------------------
received prefix: 10.0.0.29
start time: 1741056836706
local preference: 191
end time: 1741056836708
Time: 2 ms
--------------------------------------------------
received prefix: 10.0.0.29
start time: 1741056836757
local preference: 192
end time: 1741056836757
Time: 0 ms
--------------------------------------------------
received prefix: 10.0.0.30
start time: 1741056836959
local preference: 208
end time: 1741056836960
Time: 1 ms
--------------------------------------------------
received prefix: 10.0.0.30
start time: 1741056837010
local preference: 208
end time: 1741056837011
Time: 1 ms
--------------------------------------------------
received prefix: 10.0.0.30
start time: 1741056837056
local preference: 207
end time: 1741056837057
Time: 1 ms
--------------------------------------------------
received prefix: 10.0.0.30
start time: 1741056837104
local preference: 208
end time: 1741056837105
Time: 1 ms
--------------------------------------------------
received prefix: 10.0.0.31
start time: 1741056837391
local preference: 208
end time: 1741056837392
Time: 1 ms
--------------------------------------------------
received prefix: 10.0.0.31
start time: 1741056837457
local preference: 208
end time: 1741056837460
Time: 3 ms
--------------------------------------------------
received prefix: 10.0.0.31
start time: 1741056837493
local preference: 207
end time: 1741056837494
Time: 1 ms
--------------------------------------------------
received prefix: 10.0.0.31
start time: 1741056837525
local preference: 208
end time: 1741056837526
Time: 1 ms
--------------------------------------------------
received prefix: 10.0.0.32
start time: 1741056837950
local preference: 208
end time: 1741056837951
Time: 1 ms
--------------------------------------------------
received prefix: 10.0.0.32
start time: 1741056838002
local preference: 208
end time: 1741056838006
Time: 4 ms
--------------------------------------------------
received prefix: 10.0.0.32
start time: 1741056838041
local preference: 207
end time: 1741056838041
Time: 0 ms
--------------------------------------------------
received prefix: 10.0.0.32
start time: 1741056838087
local preference: 208
end time: 1741056838087
Time: 0 ms
--------------------------------------------------
received prefix: 10.0.0.27
start time: 1741056838214
local preference: 183
end time: 1741056838215
Time: 1 ms
--------------------------------------------------
received prefix: 10.0.0.27
start time: 1741056838264
local preference: 183
end time: 1741056838266
Time: 2 ms
--------------------------------------------------
received prefix: 10.0.0.27
start time: 1741056838314
local preference: 182
end time: 1741056838315
Time: 1 ms
--------------------------------------------------
received prefix: 10.0.0.27
start time: 1741056838377
local preference: 183
end time: 1741056838378
Time: 1 ms
--------------------------------------------------
received prefix: 10.0.0.28
start time: 1741056838451
local preference: 191
end time: 1741056838451
Time: 0 ms
--------------------------------------------------
received prefix: 10.0.0.28
start time: 1741056838490
local preference: 191
end time: 1741056838491
Time: 1 ms
--------------------------------------------------
received prefix: 10.0.0.28
start time: 1741056838552
local preference: 190
end time: 1741056838553
Time: 1 ms
--------------------------------------------------
received prefix: 10.0.0.28
start time: 1741056838614
local preference: 191
end time: 1741056838616
Time: 2 ms
--------------------------------------------------
received prefix: 10.0.0.29
start time: 1741056838657
local preference: 192
end time: 1741056838658
Time: 1 ms
--------------------------------------------------
received prefix: 10.0.0.29
start time: 1741056838707
local preference: 192
end time: 1741056838708
Time: 1 ms
--------------------------------------------------
received prefix: 10.0.0.29
start time: 1741056838766
local preference: 191
end time: 1741056838767
Time: 1 ms
--------------------------------------------------
received prefix: 10.0.0.29
start time: 1741056838837
local preference: 192
end time: 1741056838838
Time: 1 ms
--------------------------------------------------
received prefix: 10.0.0.30
start time: 1741056838940
local preference: 208
end time: 1741056838941
Time: 1 ms
--------------------------------------------------
received prefix: 10.0.0.30
start time: 1741056838990
local preference: 208
end time: 1741056838990
Time: 0 ms
--------------------------------------------------
received prefix: 10.0.0.30
start time: 1741056839049
local preference: 207
end time: 1741056839050
Time: 1 ms
--------------------------------------------------
received prefix: 10.0.0.30
start time: 1741056839080
local preference: 208
end time: 1741056839081
Time: 1 ms
--------------------------------------------------
received prefix: 10.0.0.31
start time: 1741056839180
local preference: 208
end time: 1741056839181
Time: 1 ms
--------------------------------------------------
received prefix: 10.0.0.31
start time: 1741056839230
local preference: 208
end time: 1741056839231
Time: 1 ms
--------------------------------------------------
received prefix: 10.0.0.31
start time: 1741056839270
local preference: 207
end time: 1741056839271
Time: 1 ms
--------------------------------------------------
received prefix: 10.0.0.31
start time: 1741056839334
local preference: 208
end time: 1741056839337
Time: 3 ms
--------------------------------------------------
received prefix: 10.0.0.32
start time: 1741056839585
local preference: 208
end time: 1741056839586
Time: 1 ms
--------------------------------------------------
received prefix: 10.0.0.32
start time: 1741056839634
local preference: 208
end time: 1741056839637
Time: 3 ms
--------------------------------------------------
received prefix: 10.0.0.32
start time: 1741056839664
local preference: 208
end time: 1741056839666
Time: 2 ms
--------------------------------------------------
received prefix: 10.0.0.32
start time: 1741056839704
local preference: 208
end time: 1741056839704
Time: 0 ms
--------------------------------------------------
received prefix: 10.0.0.27
start time: 1741056839787
local preference: 183
end time: 1741056839788
Time: 1 ms
--------------------------------------------------
received prefix: 10.0.0.27
start time: 1741056839847
local preference: 183
end time: 1741056839848
Time: 1 ms
--------------------------------------------------
received prefix: 10.0.0.27
start time: 1741056839907
local preference: 182
end time: 1741056839908
Time: 1 ms
--------------------------------------------------
received prefix: 10.0.0.27
start time: 1741056839950
local preference: 183
end time: 1741056839950
Time: 0 ms
--------------------------------------------------
received prefix: 10.0.0.28
start time: 1741056840040
local preference: 191
end time: 1741056840041
Time: 1 ms
--------------------------------------------------
received prefix: 10.0.0.28
start time: 1741056840049
local preference: 191
end time: 1741056840050
Time: 1 ms
--------------------------------------------------
received prefix: 10.0.0.28
start time: 1741056840116
local preference: 190
end time: 1741056840118
Time: 2 ms
--------------------------------------------------
received prefix: 10.0.0.28
start time: 1741056840174
local preference: 191
end time: 1741056840175
Time: 1 ms
--------------------------------------------------
received prefix: 10.0.0.29
start time: 1741056840291
local preference: 192
end time: 1741056840292
Time: 1 ms
--------------------------------------------------
received prefix: 10.0.0.29
start time: 1741056840376
local preference: 192
end time: 1741056840377
Time: 1 ms
--------------------------------------------------
received prefix: 10.0.0.29
start time: 1741056840441
local preference: 191
end time: 1741056840442
Time: 1 ms
--------------------------------------------------
received prefix: 10.0.0.29
start time: 1741056840458
local preference: 192
end time: 1741056840459
Time: 1 ms
--------------------------------------------------
received prefix: 10.0.0.30
start time: 1741056840567
local preference: 208
end time: 1741056840567
Time: 0 ms
--------------------------------------------------
received prefix: 10.0.0.30
start time: 1741056840634
local preference: 208
end time: 1741056840640
Time: 6 ms
--------------------------------------------------
received prefix: 10.0.0.30
start time: 1741056840659
local preference: 208
end time: 1741056840660
Time: 1 ms
--------------------------------------------------
received prefix: 10.0.0.30
start time: 1741056840713
local preference: 208
end time: 1741056840715
Time: 2 ms
--------------------------------------------------
received prefix: 10.0.0.31
start time: 1741056840790
local preference: 208
end time: 1741056840791
Time: 1 ms
--------------------------------------------------
received prefix: 10.0.0.31
start time: 1741056840853
local preference: 208
end time: 1741056840855
Time: 2 ms
--------------------------------------------------
received prefix: 10.0.0.31
start time: 1741056840894
local preference: 208
end time: 1741056840895
Time: 1 ms
--------------------------------------------------
received prefix: 10.0.0.31
start time: 1741056840953
local preference: 208
end time: 1741056840954
Time: 1 ms
--------------------------------------------------
received prefix: 10.0.0.6
start time: 1741056841106
local preference: 206
end time: 1741056841107
Time: 1 ms
--------------------------------------------------
received prefix: 10.0.0.6
start time: 1741056841155
local preference: 207
end time: 1741056841156
Time: 1 ms
--------------------------------------------------
received prefix: 10.0.0.6
start time: 1741056841214
local preference: 213
end time: 1741056841215
Time: 1 ms
--------------------------------------------------
received prefix: 10.0.0.6
start time: 1741056841295
local preference: 214
end time: 1741056841298
Time: 3 ms
--------------------------------------------------
received prefix: 10.0.0.4
start time: 1741056841559
local preference: 190
end time: 1741056841561
Time: 2 ms
--------------------------------------------------
received prefix: 10.0.0.4
start time: 1741056841617
local preference: 190
end time: 1741056841618
Time: 1 ms
--------------------------------------------------
received prefix: 10.0.0.4
start time: 1741056841624
local preference: 189
end time: 1741056841626
Time: 2 ms
--------------------------------------------------
received prefix: 10.0.0.4
start time: 1741056841676
local preference: 189
end time: 1741056841677
Time: 1 ms
--------------------------------------------------
received prefix: 10.0.0.5
start time: 1741056841876
local preference: 225
end time: 1741056841877
Time: 1 ms
--------------------------------------------------
received prefix: 10.0.0.5
start time: 1741056841936
local preference: 225
end time: 1741056841937
Time: 1 ms
--------------------------------------------------
received prefix: 10.0.0.5
start time: 1741056841951
local preference: 224
end time: 1741056841952
Time: 1 ms
--------------------------------------------------
received prefix: 10.0.0.5
start time: 1741056841998
local preference: 224
end time: 1741056841999
Time: 1 ms
--------------------------------------------------
received prefix: 10.0.0.7
start time: 1741056842480
local preference: 233
end time: 1741056842482
Time: 2 ms
--------------------------------------------------
received prefix: 10.0.0.8
start time: 1741056842678
local preference: 218
end time: 1741056842679
Time: 1 ms
--------------------------------------------------
received prefix: 10.0.0.32
start time: 1741056859353
local preference: 218
end time: 1741056859355
Time: 2 ms
--------------------------------------------------
received prefix: 10.0.0.27
start time: 1741056859970
local preference: 193
end time: 1741056859976
Time: 6 ms
--------------------------------------------------
received prefix: 10.0.0.28
start time: 1741056860572
local preference: 201
end time: 1741056860572
Time: 0 ms
--------------------------------------------------
received prefix: 10.0.0.29
start time: 1741056861190
local preference: 202
end time: 1741056861191
Time: 1 ms
--------------------------------------------------
received prefix: 10.0.0.30
start time: 1741056861799
local preference: 218
end time: 1741056861800
Time: 1 ms
--------------------------------------------------
received prefix: 10.0.0.31
start time: 1741056862383
local preference: 218
end time: 1741056862385
Time: 2 ms
--------------------------------------------------
received prefix: 10.0.0.11
start time: 1741056863628
local preference: 217
end time: 1741056863630
Time: 2 ms
--------------------------------------------------
received prefix: 10.0.0.9
start time: 1741056863859
local preference: 234
end time: 1741056863859
Time: 0 ms
--------------------------------------------------
received prefix: 10.0.0.10
start time: 1741056864045
local preference: 231
end time: 1741056864046
Time: 1 ms
--------------------------------------------------
received prefix: 10.0.0.12
start time: 1741056864260
local preference: 225
end time: 1741056864261
Time: 1 ms
--------------------------------------------------
received prefix: 10.0.0.18
start time: 1741056882823
local preference: 237
end time: 1741056882825
Time: 2 ms
--------------------------------------------------
received prefix: 10.0.0.19
start time: 1741056883051
local preference: 233
end time: 1741056883054
Time: 3 ms
--------------------------------------------------
received prefix: 10.0.0.20
start time: 1741057347482
local preference: 215
end time: 1741057347501
Time: 19 ms
--------------------------------------------------
received prefix: 10.0.0.13
start time: 1741057347614
local preference: 228
end time: 1741057347615
Time: 1 ms
--------------------------------------------------
received prefix: 10.0.0.14
start time: 1741057347722
local preference: 220
end time: 1741057347723
Time: 1 ms
--------------------------------------------------
received prefix: 10.0.0.11
start time: 1741057347921
local preference: 218
end time: 1741057347922
Time: 1 ms
--------------------------------------------------
received prefix: 10.0.0.7
start time: 1741057348129
local preference: 234
end time: 1741057348131
Time: 2 ms
--------------------------------------------------
received prefix: 10.0.0.8
start time: 1741057348330
local preference: 219
end time: 1741057348333
Time: 3 ms
--------------------------------------------------
received prefix: 10.0.0.6
start time: 1741057348546
local preference: 234
end time: 1741057348547
Time: 1 ms
--------------------------------------------------
received prefix: 10.0.0.1
start time: 1741057348748
local preference: 223
end time: 1741057348749
Time: 1 ms
--------------------------------------------------
received prefix: 10.0.0.2
start time: 1741057348983
local preference: 227
end time: 1741057348985
Time: 2 ms
--------------------------------------------------
received prefix: 10.0.0.3
start time: 1741057349129
local preference: 209
end time: 1741057349132
Time: 3 ms
--------------------------------------------------
received prefix: 10.0.0.4
start time: 1741057349341
local preference: 183
end time: 1741057349342
Time: 1 ms
--------------------------------------------------
received prefix: 10.0.0.5
start time: 1741057349523
local preference: 218
end time: 1741057349523
Time: 0 ms
--------------------------------------------------
received prefix: 10.0.0.9
start time: 1741057349764
local preference: 235
end time: 1741057349765
Time: 1 ms
--------------------------------------------------
received prefix: 10.0.0.10
start time: 1741057349960
local preference: 232
end time: 1741057349962
Time: 2 ms
--------------------------------------------------
received prefix: 10.0.0.15
start time: 1741057350163
local preference: 218
end time: 1741057350165
Time: 2 ms
--------------------------------------------------
received prefix: 10.0.0.16
start time: 1741057350318
local preference: 88
end time: 1741057350319
Time: 1 ms
--------------------------------------------------
received prefix: 10.0.0.17
start time: 1741057350517
local preference: 222
end time: 1741057350518
Time: 1 ms
--------------------------------------------------
received prefix: 10.0.0.18
start time: 1741057350729
local preference: 237
end time: 1741057350730
Time: 1 ms
--------------------------------------------------
received prefix: 10.0.0.19
start time: 1741057350957
local preference: 233
end time: 1741057350958
Time: 1 ms
--------------------------------------------------
received prefix: 10.0.0.21
start time: 1741057351074
local preference: 226
end time: 1741057351076
Time: 2 ms
--------------------------------------------------
received prefix: 10.0.0.21
start time: 1741057351128
local preference: 226
end time: 1741057351129
Time: 1 ms
--------------------------------------------------
received prefix: 10.0.0.21
start time: 1741057351221
local preference: 225
end time: 1741057351222
Time: 1 ms
--------------------------------------------------
received prefix: 10.0.0.21
start time: 1741057351264
local preference: 225
end time: 1741057351266
Time: 2 ms
--------------------------------------------------
received prefix: 10.0.0.21
start time: 1741057351354
local preference: 225
end time: 1741057351357
Time: 3 ms
--------------------------------------------------
received prefix: 10.0.0.21
start time: 1741057351423
local preference: 225
end time: 1741057351423
Time: 0 ms
--------------------------------------------------
received prefix: 10.0.0.21
start time: 1741057351513
local preference: 226
end time: 1741057351514
Time: 1 ms
--------------------------------------------------
received prefix: 10.0.0.21
start time: 1741057351565
local preference: 226
end time: 1741057351567
Time: 2 ms
--------------------------------------------------
received prefix: 10.0.0.22
start time: 1741057351694
local preference: 218
end time: 1741057351696
Time: 2 ms
--------------------------------------------------
received prefix: 10.0.0.22
start time: 1741057351764
local preference: 218
end time: 1741057351765
Time: 1 ms
--------------------------------------------------
received prefix: 10.0.0.22
start time: 1741057351846
local preference: 217
end time: 1741057351847
Time: 1 ms
--------------------------------------------------
received prefix: 10.0.0.22
start time: 1741057351915
local preference: 217
end time: 1741057351917
Time: 2 ms
--------------------------------------------------
received prefix: 10.0.0.22
start time: 1741057351944
local preference: 217
end time: 1741057351945
Time: 1 ms
--------------------------------------------------
received prefix: 10.0.0.22
start time: 1741057351998
local preference: 217
end time: 1741057351998
Time: 0 ms
--------------------------------------------------
received prefix: 10.0.0.22
start time: 1741057352059
local preference: 218
end time: 1741057352060
Time: 1 ms
--------------------------------------------------
received prefix: 10.0.0.22
start time: 1741057352127
local preference: 218
end time: 1741057352130
Time: 3 ms
--------------------------------------------------
received prefix: 10.0.0.20
start time: 1741057352424
local preference: 215
end time: 1741057352425
Time: 1 ms
--------------------------------------------------
received prefix: 10.0.0.20
start time: 1741057352482
local preference: 214
end time: 1741057352483
Time: 1 ms
--------------------------------------------------
received prefix: 10.0.0.20
start time: 1741057352559
local preference: 214
end time: 1741057352559
Time: 0 ms
--------------------------------------------------
received prefix: 10.0.0.20
start time: 1741057352623
local preference: 213
end time: 1741057352623
Time: 0 ms
--------------------------------------------------
received prefix: 10.0.0.20
start time: 1741057352685
local preference: 213
end time: 1741057352686
Time: 1 ms
--------------------------------------------------
received prefix: 10.0.0.20
start time: 1741057352754
local preference: 213
end time: 1741057352755
Time: 1 ms
--------------------------------------------------
received prefix: 10.0.0.20
start time: 1741057352813
local preference: 215
end time: 1741057352814
Time: 1 ms
--------------------------------------------------
received prefix: 10.0.0.20
start time: 1741057352902
local preference: 214
end time: 1741057352905
Time: 3 ms
--------------------------------------------------
received prefix: 10.0.0.13
start time: 1741057353153
local preference: 228
end time: 1741057353154
Time: 1 ms
--------------------------------------------------
received prefix: 10.0.0.13
start time: 1741057353217
local preference: 228
end time: 1741057353218
Time: 1 ms
--------------------------------------------------
received prefix: 10.0.0.13
start time: 1741057353279
local preference: 227
end time: 1741057353280
Time: 1 ms
--------------------------------------------------
received prefix: 10.0.0.13
start time: 1741057353343
local preference: 227
end time: 1741057353346
Time: 3 ms
--------------------------------------------------
received prefix: 10.0.0.13
start time: 1741057353384
local preference: 227
end time: 1741057353385
Time: 1 ms
--------------------------------------------------
received prefix: 10.0.0.13
start time: 1741057353445
local preference: 227
end time: 1741057353445
Time: 0 ms
--------------------------------------------------
received prefix: 10.0.0.13
start time: 1741057353553
local preference: 228
end time: 1741057353553
Time: 0 ms
--------------------------------------------------
received prefix: 10.0.0.13
start time: 1741057353578
local preference: 228
end time: 1741057353581
Time: 3 ms
--------------------------------------------------
received prefix: 10.0.0.14
start time: 1741057353855
local preference: 220
end time: 1741057353857
Time: 2 ms
--------------------------------------------------
received prefix: 10.0.0.14
start time: 1741057353924
local preference: 219
end time: 1741057353924
Time: 0 ms
--------------------------------------------------
received prefix: 10.0.0.14
start time: 1741057353975
local preference: 219
end time: 1741057353976
Time: 1 ms
--------------------------------------------------
received prefix: 10.0.0.14
start time: 1741057354044
local preference: 218
end time: 1741057354045
Time: 1 ms
--------------------------------------------------
received prefix: 10.0.0.14
start time: 1741057354115
local preference: 219
end time: 1741057354116
Time: 1 ms
--------------------------------------------------
received prefix: 10.0.0.14
start time: 1741057354183
local preference: 218
end time: 1741057354184
Time: 1 ms
--------------------------------------------------
received prefix: 10.0.0.14
start time: 1741057354262
local preference: 220
end time: 1741057354263
Time: 1 ms
--------------------------------------------------
received prefix: 10.0.0.14
start time: 1741057354333
local preference: 219
end time: 1741057354336
Time: 3 ms
--------------------------------------------------
received prefix: 10.0.0.11
start time: 1741057354595
local preference: 217
end time: 1741057354596
Time: 1 ms
--------------------------------------------------
received prefix: 10.0.0.11
start time: 1741057354654
local preference: 217
end time: 1741057354656
Time: 2 ms
--------------------------------------------------
received prefix: 10.0.0.11
start time: 1741057354729
local preference: 217
end time: 1741057354730
Time: 1 ms
--------------------------------------------------
received prefix: 10.0.0.11
start time: 1741057354798
local preference: 216
end time: 1741057354799
Time: 1 ms
--------------------------------------------------
received prefix: 10.0.0.11
start time: 1741057354834
local preference: 216
end time: 1741057354837
Time: 3 ms
--------------------------------------------------
received prefix: 10.0.0.11
start time: 1741057354883
local preference: 216
end time: 1741057354883
Time: 0 ms
--------------------------------------------------
received prefix: 10.0.0.11
start time: 1741057354950
local preference: 217
end time: 1741057354951
Time: 1 ms
--------------------------------------------------
received prefix: 10.0.0.11
start time: 1741057354997
local preference: 217
end time: 1741057354998
Time: 1 ms
--------------------------------------------------
received prefix: 10.0.0.7
start time: 1741057355253
local preference: 234
end time: 1741057355254
Time: 1 ms
--------------------------------------------------
received prefix: 10.0.0.7
start time: 1741057355311
local preference: 233
end time: 1741057355313
Time: 2 ms
--------------------------------------------------
received prefix: 10.0.0.7
start time: 1741057355364
local preference: 233
end time: 1741057355365
Time: 1 ms
--------------------------------------------------
received prefix: 10.0.0.7
start time: 1741057355422
local preference: 233
end time: 1741057355422
Time: 0 ms
--------------------------------------------------
received prefix: 10.0.0.7
start time: 1741057355488
local preference: 233
end time: 1741057355489
Time: 1 ms
--------------------------------------------------
received prefix: 10.0.0.7
start time: 1741057355546
local preference: 232
end time: 1741057355546
Time: 0 ms
--------------------------------------------------
received prefix: 10.0.0.7
start time: 1741057355625
local preference: 234
end time: 1741057355627
Time: 2 ms
--------------------------------------------------
received prefix: 10.0.0.7
start time: 1741057355697
local preference: 233
end time: 1741057355698
Time: 1 ms
--------------------------------------------------
received prefix: 10.0.0.8
start time: 1741057356000
local preference: 219
end time: 1741057356002
Time: 2 ms
--------------------------------------------------
received prefix: 10.0.0.8
start time: 1741057356094
local preference: 218
end time: 1741057356095
Time: 1 ms
--------------------------------------------------
received prefix: 10.0.0.8
start time: 1741057356181
local preference: 218
end time: 1741057356183
Time: 2 ms
--------------------------------------------------
received prefix: 10.0.0.8
start time: 1741057356235
local preference: 217
end time: 1741057356238
Time: 3 ms
--------------------------------------------------
received prefix: 10.0.0.8
start time: 1741057356306
local preference: 217
end time: 1741057356309
Time: 3 ms
--------------------------------------------------
received prefix: 10.0.0.8
start time: 1741057356377
local preference: 217
end time: 1741057356379
Time: 2 ms
--------------------------------------------------
received prefix: 10.0.0.8
start time: 1741057356449
local preference: 218
end time: 1741057356451
Time: 2 ms
--------------------------------------------------
received prefix: 10.0.0.8
start time: 1741057356517
local preference: 218
end time: 1741057356519
Time: 2 ms
--------------------------------------------------
received prefix: 10.0.0.6
start time: 1741057356767
local preference: 234
end time: 1741057356768
Time: 1 ms
--------------------------------------------------
received prefix: 10.0.0.6
start time: 1741057356849
local preference: 233
end time: 1741057356851
Time: 2 ms
--------------------------------------------------
received prefix: 10.0.0.6
start time: 1741057356905
local preference: 233
end time: 1741057356906
Time: 1 ms
--------------------------------------------------
received prefix: 10.0.0.6
start time: 1741057356958
local preference: 232
end time: 1741057356959
Time: 1 ms
--------------------------------------------------
received prefix: 10.0.0.6
start time: 1741057357049
local preference: 233
end time: 1741057357050
Time: 1 ms
--------------------------------------------------
received prefix: 10.0.0.6
start time: 1741057357095
local preference: 232
end time: 1741057357098
Time: 3 ms
--------------------------------------------------
received prefix: 10.0.0.6
start time: 1741057357131
local preference: 234
end time: 1741057357134
Time: 3 ms
--------------------------------------------------
received prefix: 10.0.0.6
start time: 1741057357194
local preference: 233
end time: 1741057357195
Time: 1 ms
--------------------------------------------------
received prefix: 10.0.0.1
start time: 1741057357482
local preference: 222
end time: 1741057357484
Time: 2 ms
--------------------------------------------------
received prefix: 10.0.0.1
start time: 1741057357552
local preference: 222
end time: 1741057357554
Time: 2 ms
--------------------------------------------------
received prefix: 10.0.0.1
start time: 1741057357598
local preference: 221
end time: 1741057357599
Time: 1 ms
--------------------------------------------------
received prefix: 10.0.0.1
start time: 1741057357661
local preference: 221
end time: 1741057357662
Time: 1 ms
--------------------------------------------------
received prefix: 10.0.0.1
start time: 1741057357743
local preference: 221
end time: 1741057357748
Time: 5 ms
--------------------------------------------------
received prefix: 10.0.0.1
start time: 1741057357816
local preference: 221
end time: 1741057357817
Time: 1 ms
--------------------------------------------------
received prefix: 10.0.0.1
start time: 1741057357886
local preference: 222
end time: 1741057357887
Time: 1 ms
--------------------------------------------------
received prefix: 10.0.0.1
start time: 1741057357918
local preference: 222
end time: 1741057357919
Time: 1 ms
--------------------------------------------------
received prefix: 10.0.0.2
start time: 1741057358192
local preference: 226
end time: 1741057358193
Time: 1 ms
--------------------------------------------------
received prefix: 10.0.0.2
start time: 1741057358265
local preference: 226
end time: 1741057358267
Time: 2 ms
--------------------------------------------------
received prefix: 10.0.0.2
start time: 1741057358333
local preference: 225
end time: 1741057358334
Time: 1 ms
--------------------------------------------------
received prefix: 10.0.0.2
start time: 1741057358387
local preference: 225
end time: 1741057358388
Time: 1 ms
--------------------------------------------------
received prefix: 10.0.0.2
start time: 1741057358473
local preference: 225
end time: 1741057358475
Time: 2 ms
--------------------------------------------------
received prefix: 10.0.0.2
start time: 1741057358518
local preference: 225
end time: 1741057358519
Time: 1 ms
--------------------------------------------------
received prefix: 10.0.0.2
start time: 1741057358585
local preference: 226
end time: 1741057358586
Time: 1 ms
--------------------------------------------------
received prefix: 10.0.0.2
start time: 1741057358655
local preference: 226
end time: 1741057358655
Time: 0 ms
--------------------------------------------------
received prefix: 10.0.0.3
start time: 1741057358877
local preference: 209
end time: 1741057358879
Time: 2 ms
--------------------------------------------------
received prefix: 10.0.0.3
start time: 1741057358928
local preference: 208
end time: 1741057358929
Time: 1 ms
--------------------------------------------------
received prefix: 10.0.0.3
start time: 1741057358978
local preference: 208
end time: 1741057358979
Time: 1 ms
--------------------------------------------------
received prefix: 10.0.0.3
start time: 1741057358997
local preference: 207
end time: 1741057358998
Time: 1 ms
--------------------------------------------------
received prefix: 10.0.0.3
start time: 1741057359033
local preference: 207
end time: 1741057359035
Time: 2 ms
--------------------------------------------------
received prefix: 10.0.0.3
start time: 1741057359077
local preference: 207
end time: 1741057359080
Time: 3 ms
--------------------------------------------------
received prefix: 10.0.0.3
start time: 1741057359149
local preference: 208
end time: 1741057359151
Time: 2 ms
--------------------------------------------------
received prefix: 10.0.0.3
start time: 1741057359227
local preference: 208
end time: 1741057359228
Time: 1 ms
--------------------------------------------------
received prefix: 10.0.0.4
start time: 1741057359448
local preference: 182
end time: 1741057359449
Time: 1 ms
--------------------------------------------------
received prefix: 10.0.0.4
start time: 1741057359503
local preference: 182
end time: 1741057359505
Time: 2 ms
--------------------------------------------------
received prefix: 10.0.0.4
start time: 1741057359558
local preference: 181
end time: 1741057359561
Time: 3 ms
--------------------------------------------------
received prefix: 10.0.0.4
start time: 1741057359616
local preference: 181
end time: 1741057359617
Time: 1 ms
--------------------------------------------------
received prefix: 10.0.0.4
start time: 1741057359692
local preference: 181
end time: 1741057359693
Time: 1 ms
--------------------------------------------------
received prefix: 10.0.0.4
start time: 1741057359773
local preference: 181
end time: 1741057359774
Time: 1 ms
--------------------------------------------------
received prefix: 10.0.0.4
start time: 1741057359829
local preference: 182
end time: 1741057359830
Time: 1 ms
--------------------------------------------------
received prefix: 10.0.0.4
start time: 1741057359893
local preference: 182
end time: 1741057359893
Time: 0 ms
--------------------------------------------------
received prefix: 10.0.0.5
start time: 1741057360131
local preference: 217
end time: 1741057360132
Time: 1 ms
--------------------------------------------------
received prefix: 10.0.0.5
start time: 1741057360197
local preference: 217
end time: 1741057360198
Time: 1 ms
--------------------------------------------------
received prefix: 10.0.0.5
start time: 1741057360272
local preference: 216
end time: 1741057360273
Time: 1 ms
--------------------------------------------------
received prefix: 10.0.0.5
start time: 1741057360299
local preference: 216
end time: 1741057360300
Time: 1 ms
--------------------------------------------------
received prefix: 10.0.0.5
start time: 1741057360351
local preference: 216
end time: 1741057360352
Time: 1 ms
--------------------------------------------------
received prefix: 10.0.0.5
start time: 1741057360420
local preference: 216
end time: 1741057360421
Time: 1 ms
--------------------------------------------------
received prefix: 10.0.0.5
start time: 1741057360431
local preference: 217
end time: 1741057360434
Time: 3 ms
--------------------------------------------------
received prefix: 10.0.0.5
start time: 1741057360496
local preference: 217
end time: 1741057360497
Time: 1 ms
--------------------------------------------------
received prefix: 10.0.0.9
start time: 1741057360772
local preference: 234
end time: 1741057360775
Time: 3 ms
--------------------------------------------------
received prefix: 10.0.0.9
start time: 1741057360844
local preference: 234
end time: 1741057360847
Time: 3 ms
--------------------------------------------------
received prefix: 10.0.0.9
start time: 1741057360897
local preference: 233
end time: 1741057360900
Time: 3 ms
--------------------------------------------------
received prefix: 10.0.0.9
start time: 1741057360938
local preference: 233
end time: 1741057360939
Time: 1 ms
--------------------------------------------------
received prefix: 10.0.0.9
start time: 1741057361013
local preference: 233
end time: 1741057361015
Time: 2 ms
--------------------------------------------------
received prefix: 10.0.0.9
start time: 1741057361091
local preference: 232
end time: 1741057361092
Time: 1 ms
--------------------------------------------------
received prefix: 10.0.0.9
start time: 1741057361202
local preference: 234
end time: 1741057361202
Time: 0 ms
--------------------------------------------------
received prefix: 10.0.0.9
start time: 1741057361237
local preference: 234
end time: 1741057361238
Time: 1 ms
--------------------------------------------------
received prefix: 10.0.0.10
start time: 1741057361480
local preference: 232
end time: 1741057361482
Time: 2 ms
--------------------------------------------------
received prefix: 10.0.0.10
start time: 1741057361508
local preference: 231
end time: 1741057361510
Time: 2 ms
--------------------------------------------------
received prefix: 10.0.0.10
start time: 1741057361585
local preference: 231
end time: 1741057361586
Time: 1 ms
--------------------------------------------------
received prefix: 10.0.0.10
start time: 1741057361634
local preference: 230
end time: 1741057361637
Time: 3 ms
--------------------------------------------------
received prefix: 10.0.0.10
start time: 1741057361712
local preference: 231
end time: 1741057361713
Time: 1 ms
--------------------------------------------------
received prefix: 10.0.0.10
start time: 1741057361758
local preference: 230
end time: 1741057361760
Time: 2 ms
--------------------------------------------------
received prefix: 10.0.0.10
start time: 1741057361822
local preference: 232
end time: 1741057361825
Time: 3 ms
--------------------------------------------------
received prefix: 10.0.0.10
start time: 1741057361885
local preference: 231
end time: 1741057361886
Time: 1 ms
--------------------------------------------------
received prefix: 10.0.0.15
start time: 1741057362162
local preference: 218
end time: 1741057362163
Time: 1 ms
--------------------------------------------------
received prefix: 10.0.0.15
start time: 1741057362224
local preference: 218
end time: 1741057362224
Time: 0 ms
--------------------------------------------------
received prefix: 10.0.0.15
start time: 1741057362282
local preference: 217
end time: 1741057362283
Time: 1 ms
--------------------------------------------------
received prefix: 10.0.0.15
start time: 1741057362337
local preference: 217
end time: 1741057362338
Time: 1 ms
--------------------------------------------------
received prefix: 10.0.0.15
start time: 1741057362384
local preference: 217
end time: 1741057362385
Time: 1 ms
--------------------------------------------------
received prefix: 10.0.0.15
start time: 1741057362425
local preference: 216
end time: 1741057362427
Time: 2 ms
--------------------------------------------------
received prefix: 10.0.0.15
start time: 1741057362489
local preference: 218
end time: 1741057362490
Time: 1 ms
--------------------------------------------------
received prefix: 10.0.0.15
start time: 1741057362551
local preference: 217
end time: 1741057362552
Time: 1 ms
--------------------------------------------------
received prefix: 10.0.0.16
start time: 1741057362784
local preference: 73
end time: 1741057362785
Time: 1 ms
--------------------------------------------------
received prefix: 10.0.0.16
start time: 1741057362861
local preference: 78
end time: 1741057362863
Time: 2 ms
--------------------------------------------------
received prefix: 10.0.0.16
start time: 1741057362920
local preference: 80
end time: 1741057362923
Time: 3 ms
--------------------------------------------------
received prefix: 10.0.0.16
start time: 1741057362958
local preference: 84
end time: 1741057362959
Time: 1 ms
--------------------------------------------------
received prefix: 10.0.0.16
start time: 1741057363021
local preference: 81
end time: 1741057363022
Time: 1 ms
--------------------------------------------------
received prefix: 10.0.0.16
start time: 1741057363086
local preference: 86
end time: 1741057363086
Time: 0 ms
--------------------------------------------------
received prefix: 10.0.0.16
start time: 1741057363198
local preference: 74
end time: 1741057363199
Time: 1 ms
--------------------------------------------------
received prefix: 10.0.0.16
start time: 1741057363270
local preference: 78
end time: 1741057363270
Time: 0 ms
--------------------------------------------------
received prefix: 10.0.0.17
start time: 1741057363504
local preference: 223
end time: 1741057363505
Time: 1 ms
--------------------------------------------------
received prefix: 10.0.0.17
start time: 1741057363592
local preference: 222
end time: 1741057363592
Time: 0 ms
--------------------------------------------------
received prefix: 10.0.0.17
start time: 1741057363670
local preference: 222
end time: 1741057363673
Time: 3 ms
--------------------------------------------------
received prefix: 10.0.0.17
start time: 1741057363752
local preference: 222
end time: 1741057363753
Time: 1 ms
--------------------------------------------------
received prefix: 10.0.0.17
start time: 1741057363822
local preference: 222
end time: 1741057363823
Time: 1 ms
--------------------------------------------------
received prefix: 10.0.0.17
start time: 1741057363872
local preference: 221
end time: 1741057363874
Time: 2 ms
--------------------------------------------------
received prefix: 10.0.0.17
start time: 1741057363937
local preference: 223
end time: 1741057363938
Time: 1 ms
--------------------------------------------------
received prefix: 10.0.0.17
start time: 1741057364024
local preference: 222
end time: 1741057364025
Time: 1 ms
--------------------------------------------------
received prefix: 10.0.0.18
start time: 1741057364269
local preference: 238
end time: 1741057364270
Time: 1 ms
--------------------------------------------------
received prefix: 10.0.0.18
start time: 1741057364359
local preference: 237
end time: 1741057364359
Time: 0 ms
--------------------------------------------------
received prefix: 10.0.0.18
start time: 1741057364431
local preference: 237
end time: 1741057364433
Time: 2 ms
--------------------------------------------------
received prefix: 10.0.0.18
start time: 1741057364476
local preference: 236
end time: 1741057364476
Time: 0 ms
--------------------------------------------------
received prefix: 10.0.0.18
start time: 1741057364592
local preference: 236
end time: 1741057364593
Time: 1 ms
--------------------------------------------------
received prefix: 10.0.0.18
start time: 1741057364654
local preference: 236
end time: 1741057364654
Time: 0 ms
--------------------------------------------------
received prefix: 10.0.0.18
start time: 1741057364726
local preference: 237
end time: 1741057364728
Time: 2 ms
--------------------------------------------------
received prefix: 10.0.0.18
start time: 1741057364794
local preference: 237
end time: 1741057364796
Time: 2 ms
--------------------------------------------------
received prefix: 10.0.0.19
start time: 1741057365063
local preference: 233
end time: 1741057365063
Time: 0 ms
--------------------------------------------------
received prefix: 10.0.0.19
start time: 1741057365130
local preference: 233
end time: 1741057365131
Time: 1 ms
--------------------------------------------------
received prefix: 10.0.0.19
start time: 1741057365180
local preference: 232
end time: 1741057365180
Time: 0 ms
--------------------------------------------------
received prefix: 10.0.0.19
start time: 1741057365247
local preference: 232
end time: 1741057365248
Time: 1 ms
--------------------------------------------------
received prefix: 10.0.0.19
start time: 1741057365316
local preference: 232
end time: 1741057365317
Time: 1 ms
--------------------------------------------------
received prefix: 10.0.0.19
start time: 1741057365379
local preference: 231
end time: 1741057365379
Time: 0 ms
--------------------------------------------------
received prefix: 10.0.0.19
start time: 1741057365450
local preference: 233
end time: 1741057365450
Time: 0 ms
--------------------------------------------------
received prefix: 10.0.0.19
start time: 1741057365508
local preference: 232
end time: 1741057365510
Time: 2 ms
--------------------------------------------------
received prefix: 10.0.0.23
start time: 1741057365956
local preference: 226
end time: 1741057365958
Time: 2 ms
--------------------------------------------------
received prefix: 10.0.0.23
start time: 1741057365989
local preference: 226
end time: 1741057365990
Time: 1 ms
--------------------------------------------------
received prefix: 10.0.0.23
start time: 1741057366031
local preference: 227
end time: 1741057366032
Time: 1 ms
--------------------------------------------------
received prefix: 10.0.0.23
start time: 1741057366102
local preference: 227
end time: 1741057366104
Time: 2 ms
--------------------------------------------------
received prefix: 10.0.0.23
start time: 1741057366161
local preference: 233
end time: 1741057366161
Time: 0 ms
--------------------------------------------------
received prefix: 10.0.0.23
start time: 1741057366229
local preference: 233
end time: 1741057366230
Time: 1 ms
--------------------------------------------------
received prefix: 10.0.0.23
start time: 1741057366300
local preference: 227
end time: 1741057366301
Time: 1 ms
--------------------------------------------------
received prefix: 10.0.0.23
start time: 1741057366358
local preference: 227
end time: 1741057366359
Time: 1 ms
--------------------------------------------------
received prefix: 10.0.0.24
start time: 1741057366738
local preference: 206
end time: 1741057366741
Time: 3 ms
--------------------------------------------------
received prefix: 10.0.0.24
start time: 1741057366809
local preference: 206
end time: 1741057366810
Time: 1 ms
--------------------------------------------------
received prefix: 10.0.0.24
start time: 1741057366880
local preference: 208
end time: 1741057366881
Time: 1 ms
--------------------------------------------------
received prefix: 10.0.0.24
start time: 1741057366954
local preference: 208
end time: 1741057366957
Time: 3 ms
--------------------------------------------------
received prefix: 10.0.0.24
start time: 1741057367020
local preference: 213
end time: 1741057367021
Time: 1 ms
--------------------------------------------------
received prefix: 10.0.0.24
start time: 1741057367058
local preference: 213
end time: 1741057367059
Time: 1 ms
--------------------------------------------------
received prefix: 10.0.0.24
start time: 1741057367121
local preference: 207
end time: 1741057367122
Time: 1 ms
--------------------------------------------------
received prefix: 10.0.0.24
start time: 1741057367157
local preference: 207
end time: 1741057367157
Time: 0 ms
--------------------------------------------------
received prefix: 10.0.0.25
start time: 1741057367592
local preference: 182
end time: 1741057367593
Time: 1 ms
--------------------------------------------------
received prefix: 10.0.0.25
start time: 1741057367666
local preference: 182
end time: 1741057367669
Time: 3 ms
--------------------------------------------------
received prefix: 10.0.0.25
start time: 1741057367729
local preference: 181
end time: 1741057367729
Time: 0 ms
--------------------------------------------------
received prefix: 10.0.0.25
start time: 1741057367797
local preference: 181
end time: 1741057367797
Time: 0 ms
--------------------------------------------------
received prefix: 10.0.0.25
start time: 1741057367862
local preference: 181
end time: 1741057367863
Time: 1 ms
--------------------------------------------------
received prefix: 10.0.0.25
start time: 1741057367877
local preference: 181
end time: 1741057367878
Time: 1 ms
--------------------------------------------------
received prefix: 10.0.0.25
start time: 1741057367960
local preference: 180
end time: 1741057367961
Time: 1 ms
--------------------------------------------------
received prefix: 10.0.0.25
start time: 1741057368033
local preference: 180
end time: 1741057368034
Time: 1 ms
--------------------------------------------------
received prefix: 10.0.0.26
start time: 1741057373213
local preference: 200
end time: 1741057373214
Time: 1 ms
--------------------------------------------------
received prefix: 10.0.0.25
start time: 1741057374157
local preference: 182
end time: 1741057374158
Time: 1 ms
--------------------------------------------------
received prefix: 10.0.0.21
start time: 1741057375134
local preference: 216
end time: 1741057375135
Time: 1 ms
--------------------------------------------------
received prefix: 10.0.0.22
start time: 1741057376015
local preference: 208
end time: 1741057376017
Time: 2 ms
--------------------------------------------------
received prefix: 10.0.0.20
start time: 1741057376914
local preference: 205
end time: 1741057376915
Time: 1 ms
--------------------------------------------------
received prefix: 10.0.0.13
start time: 1741057377866
local preference: 218
end time: 1741057377867
Time: 1 ms
--------------------------------------------------
received prefix: 10.0.0.14
start time: 1741057378775
local preference: 210
end time: 1741057378777
Time: 2 ms
--------------------------------------------------
received prefix: 10.0.0.11
start time: 1741057379733
local preference: 207
end time: 1741057379735
Time: 2 ms
--------------------------------------------------
received prefix: 10.0.0.7
start time: 1741057380648
local preference: 224
end time: 1741057380649
Time: 1 ms
--------------------------------------------------
received prefix: 10.0.0.8
start time: 1741057381535
local preference: 208
end time: 1741057381537
Time: 2 ms
--------------------------------------------------
received prefix: 10.0.0.6
start time: 1741057382571
local preference: 224
end time: 1741057382572
Time: 1 ms
--------------------------------------------------
received prefix: 10.0.0.1
start time: 1741057383436
local preference: 212
end time: 1741057383437
Time: 1 ms
--------------------------------------------------
received prefix: 10.0.0.2
start time: 1741057384329
local preference: 216
end time: 1741057384330
Time: 1 ms
--------------------------------------------------
received prefix: 10.0.0.3
start time: 1741057385152
local preference: 198
end time: 1741057385152
Time: 0 ms
--------------------------------------------------
received prefix: 10.0.0.4
start time: 1741057386208
local preference: 172
end time: 1741057386208
Time: 0 ms
--------------------------------------------------
received prefix: 10.0.0.5
start time: 1741057387160
local preference: 207
end time: 1741057387160
Time: 0 ms
--------------------------------------------------
received prefix: 10.0.0.9
start time: 1741057388181
local preference: 224
end time: 1741057388182
Time: 1 ms
--------------------------------------------------
received prefix: 10.0.0.10
start time: 1741057389128
local preference: 222
end time: 1741057389128
Time: 0 ms
--------------------------------------------------
received prefix: 10.0.0.15
start time: 1741057389975
local preference: 208
end time: 1741057389976
Time: 1 ms
--------------------------------------------------
received prefix: 10.0.0.16
start time: 1741057390809
local preference: 202
end time: 1741057390810
Time: 1 ms
--------------------------------------------------
received prefix: 10.0.0.17
start time: 1741057391851
local preference: 213
end time: 1741057391852
Time: 1 ms
--------------------------------------------------
received prefix: 10.0.0.18
start time: 1741057392711
local preference: 227
end time: 1741057392713
Time: 2 ms
--------------------------------------------------
received prefix: 10.0.0.19
start time: 1741057393677
local preference: 223
end time: 1741057393679
Time: 2 ms
--------------------------------------------------
received prefix: 10.0.0.23
start time: 1741057394613
local preference: 228
end time: 1741057394614
Time: 1 ms
--------------------------------------------------
received prefix: 10.0.0.24
start time: 1741057395597
local preference: 229
end time: 1741057395601
Time: 4 ms
--------------------------------------------------
received prefix: 10.0.0.22
start time: 1741057487750
local preference: 218
end time: 1741057487752
Time: 2 ms
--------------------------------------------------
received prefix: 10.0.0.21
start time: 1741057488292
local preference: 226
end time: 1741057488293
Time: 1 ms
--------------------------------------------------
received prefix: 10.0.0.12
start time: 1741057488492
local preference: 226
end time: 1741057488493
Time: 1 ms
--------------------------------------------------
received prefix: 10.0.0.32
start time: 1741057488685
local preference: 219
end time: 1741057488685
Time: 0 ms
--------------------------------------------------
received prefix: 10.0.0.26
start time: 1741057488895
local preference: 193
end time: 1741057488895
Time: 0 ms
--------------------------------------------------
received prefix: 10.0.0.25
start time: 1741057489093
local preference: 192
end time: 1741057489094
Time: 1 ms
--------------------------------------------------
received prefix: 10.0.0.23
start time: 1741057489320
local preference: 220
end time: 1741057489321
Time: 1 ms
--------------------------------------------------
received prefix: 10.0.0.24
start time: 1741057489536
local preference: 199
end time: 1741057489537
Time: 1 ms
--------------------------------------------------
received prefix: 10.0.0.27
start time: 1741057489756
local preference: 194
end time: 1741057489757
Time: 1 ms
--------------------------------------------------
received prefix: 10.0.0.28
start time: 1741057489975
local preference: 202
end time: 1741057489976
Time: 1 ms
--------------------------------------------------
received prefix: 10.0.0.29
start time: 1741057490185
local preference: 203
end time: 1741057490185
Time: 0 ms
--------------------------------------------------
received prefix: 10.0.0.30
start time: 1741057490388
local preference: 219
end time: 1741057490389
Time: 1 ms
--------------------------------------------------
received prefix: 10.0.0.31
start time: 1741057490579
local preference: 219
end time: 1741057490580
Time: 1 ms
--------------------------------------------------
received prefix: 10.0.0.12
start time: 1741057491712
local preference: 225
end time: 1741057491713
Time: 1 ms
--------------------------------------------------
received prefix: 10.0.0.12
start time: 1741057491774
local preference: 225
end time: 1741057491777
Time: 3 ms
--------------------------------------------------
received prefix: 10.0.0.12
start time: 1741057491851
local preference: 224
end time: 1741057491851
Time: 0 ms
--------------------------------------------------
received prefix: 10.0.0.12
start time: 1741057491896
local preference: 224
end time: 1741057491897
Time: 1 ms
--------------------------------------------------
received prefix: 10.0.0.12
start time: 1741057491988
local preference: 224
end time: 1741057491988
Time: 0 ms
--------------------------------------------------
received prefix: 10.0.0.12
start time: 1741057492024
local preference: 224
end time: 1741057492025
Time: 1 ms
--------------------------------------------------
received prefix: 10.0.0.12
start time: 1741057492088
local preference: 225
end time: 1741057492089
Time: 1 ms
--------------------------------------------------
received prefix: 10.0.0.12
start time: 1741057492173
local preference: 225
end time: 1741057492174
Time: 1 ms
--------------------------------------------------
received prefix: 10.0.0.32
start time: 1741057492423
local preference: 219
end time: 1741057492424
Time: 1 ms
--------------------------------------------------
received prefix: 10.0.0.32
start time: 1741057492498
local preference: 218
end time: 1741057492501
Time: 3 ms
--------------------------------------------------
received prefix: 10.0.0.32
start time: 1741057492579
local preference: 218
end time: 1741057492580
Time: 1 ms
--------------------------------------------------
received prefix: 10.0.0.32
start time: 1741057492592
local preference: 217
end time: 1741057492593
Time: 1 ms
--------------------------------------------------
received prefix: 10.0.0.32
start time: 1741057492637
local preference: 217
end time: 1741057492640
Time: 3 ms
--------------------------------------------------
received prefix: 10.0.0.32
start time: 1741057492664
local preference: 217
end time: 1741057492669
Time: 5 ms
--------------------------------------------------
received prefix: 10.0.0.32
start time: 1741057492745
local preference: 218
end time: 1741057492746
Time: 1 ms
--------------------------------------------------
received prefix: 10.0.0.32
start time: 1741057492809
local preference: 218
end time: 1741057492811
Time: 2 ms
--------------------------------------------------
received prefix: 10.0.0.26
start time: 1741057493085
local preference: 192
end time: 1741057493086
Time: 1 ms
--------------------------------------------------
received prefix: 10.0.0.26
start time: 1741057493134
local preference: 192
end time: 1741057493137
Time: 3 ms
--------------------------------------------------
received prefix: 10.0.0.26
start time: 1741057493207
local preference: 191
end time: 1741057493209
Time: 2 ms
--------------------------------------------------
received prefix: 10.0.0.26
start time: 1741057493270
local preference: 191
end time: 1741057493272
Time: 2 ms
--------------------------------------------------
received prefix: 10.0.0.26
start time: 1741057493316
local preference: 191
end time: 1741057493316
Time: 0 ms
--------------------------------------------------
received prefix: 10.0.0.26
start time: 1741057493392
local preference: 191
end time: 1741057493393
Time: 1 ms
--------------------------------------------------
received prefix: 10.0.0.26
start time: 1741057493461
local preference: 192
end time: 1741057493461
Time: 0 ms
--------------------------------------------------
received prefix: 10.0.0.27
start time: 1741057493702
local preference: 193
end time: 1741057493703
Time: 1 ms
--------------------------------------------------
received prefix: 10.0.0.27
start time: 1741057493727
local preference: 193
end time: 1741057493727
Time: 0 ms
--------------------------------------------------
received prefix: 10.0.0.27
start time: 1741057493785
local preference: 192
end time: 1741057493786
Time: 1 ms
--------------------------------------------------
received prefix: 10.0.0.27
start time: 1741057493829
local preference: 192
end time: 1741057493829
Time: 0 ms
--------------------------------------------------
received prefix: 10.0.0.27
start time: 1741057493899
local preference: 192
end time: 1741057493900
Time: 1 ms
--------------------------------------------------
received prefix: 10.0.0.27
start time: 1741057493943
local preference: 192
end time: 1741057493943
Time: 0 ms
--------------------------------------------------
received prefix: 10.0.0.27
start time: 1741057494030
local preference: 193
end time: 1741057494031
Time: 1 ms
--------------------------------------------------
received prefix: 10.0.0.27
start time: 1741057494100
local preference: 193
end time: 1741057494101
Time: 1 ms
--------------------------------------------------
received prefix: 10.0.0.28
start time: 1741057494368
local preference: 201
end time: 1741057494369
Time: 1 ms
--------------------------------------------------
received prefix: 10.0.0.28
start time: 1741057494424
local preference: 201
end time: 1741057494424
Time: 0 ms
--------------------------------------------------
received prefix: 10.0.0.28
start time: 1741057494481
local preference: 200
end time: 1741057494481
Time: 0 ms
--------------------------------------------------
received prefix: 10.0.0.28
start time: 1741057494540
local preference: 200
end time: 1741057494543
Time: 3 ms
--------------------------------------------------
received prefix: 10.0.0.28
start time: 1741057494593
local preference: 200
end time: 1741057494594
Time: 1 ms
--------------------------------------------------
received prefix: 10.0.0.28
start time: 1741057494659
local preference: 200
end time: 1741057494659
Time: 0 ms
--------------------------------------------------
received prefix: 10.0.0.28
start time: 1741057494705
local preference: 201
end time: 1741057494706
Time: 1 ms
--------------------------------------------------
received prefix: 10.0.0.28
start time: 1741057494777
local preference: 201
end time: 1741057494780
Time: 3 ms
--------------------------------------------------
received prefix: 10.0.0.29
start time: 1741057495081
local preference: 202
end time: 1741057495083
Time: 2 ms
--------------------------------------------------
received prefix: 10.0.0.29
start time: 1741057495142
local preference: 202
end time: 1741057495143
Time: 1 ms
--------------------------------------------------
received prefix: 10.0.0.29
start time: 1741057495193
local preference: 201
end time: 1741057495194
Time: 1 ms
--------------------------------------------------
received prefix: 10.0.0.29
start time: 1741057495264
local preference: 201
end time: 1741057495264
Time: 0 ms
--------------------------------------------------
received prefix: 10.0.0.29
start time: 1741057495358
local preference: 201
end time: 1741057495360
Time: 2 ms
--------------------------------------------------
received prefix: 10.0.0.29
start time: 1741057495426
local preference: 201
end time: 1741057495426
Time: 0 ms
--------------------------------------------------
received prefix: 10.0.0.29
start time: 1741057495493
local preference: 202
end time: 1741057495493
Time: 0 ms
--------------------------------------------------
received prefix: 10.0.0.29
start time: 1741057495561
local preference: 202
end time: 1741057495562
Time: 1 ms
--------------------------------------------------
received prefix: 10.0.0.30
start time: 1741057495794
local preference: 218
end time: 1741057495794
Time: 0 ms
--------------------------------------------------
received prefix: 10.0.0.30
start time: 1741057495855
local preference: 218
end time: 1741057495855
Time: 0 ms
--------------------------------------------------
received prefix: 10.0.0.30
start time: 1741057495925
local preference: 218
end time: 1741057495925
Time: 0 ms
--------------------------------------------------
received prefix: 10.0.0.30
start time: 1741057495996
local preference: 217
end time: 1741057495997
Time: 1 ms
--------------------------------------------------
received prefix: 10.0.0.30
start time: 1741057496109
local preference: 217
end time: 1741057496110
Time: 1 ms
--------------------------------------------------
received prefix: 10.0.0.30
start time: 1741057496197
local preference: 217
end time: 1741057496198
Time: 1 ms
--------------------------------------------------
received prefix: 10.0.0.30
start time: 1741057496270
local preference: 218
end time: 1741057496272
Time: 2 ms
--------------------------------------------------
received prefix: 10.0.0.30
start time: 1741057496335
local preference: 218
end time: 1741057496337
Time: 2 ms
--------------------------------------------------
received prefix: 10.0.0.31
start time: 1741057496578
local preference: 219
end time: 1741057496578
Time: 0 ms
--------------------------------------------------
received prefix: 10.0.0.31
start time: 1741057496664
local preference: 218
end time: 1741057496665
Time: 1 ms
--------------------------------------------------
received prefix: 10.0.0.31
start time: 1741057496745
local preference: 218
end time: 1741057496746
Time: 1 ms
--------------------------------------------------
received prefix: 10.0.0.31
start time: 1741057496795
local preference: 217
end time: 1741057496796
Time: 1 ms
--------------------------------------------------
received prefix: 10.0.0.31
start time: 1741057496862
local preference: 217
end time: 1741057496862
Time: 0 ms
--------------------------------------------------
received prefix: 10.0.0.31
start time: 1741057496933
local preference: 217
end time: 1741057496935
Time: 2 ms
--------------------------------------------------
received prefix: 10.0.0.31
start time: 1741057497012
local preference: 218
end time: 1741057497013
Time: 1 ms
--------------------------------------------------
received prefix: 10.0.0.31
start time: 1741057497061
local preference: 218
end time: 1741057497061
Time: 0 ms
--------------------------------------------------
received prefix: 10.0.0.26
start time: 1741057497930
local preference: 200
end time: 1741057497931
Time: 1 ms
--------------------------------------------------
received prefix: 10.0.0.26
start time: 1741057497988
local preference: 200
end time: 1741057497989
Time: 1 ms
--------------------------------------------------
received prefix: 10.0.0.26
start time: 1741057498014
local preference: 199
end time: 1741057498017
Time: 3 ms
--------------------------------------------------
received prefix: 10.0.0.26
start time: 1741057498072
local preference: 199
end time: 1741057498073
Time: 1 ms
--------------------------------------------------
received prefix: 10.0.0.1
start time: 1741057500130
local preference: 222
end time: 1741057500131
Time: 1 ms
--------------------------------------------------
received prefix: 10.0.0.2
start time: 1741057500642
local preference: 226
end time: 1741057500642
Time: 0 ms
--------------------------------------------------
received prefix: 10.0.0.3
start time: 1741057501106
local preference: 208
end time: 1741057501107
Time: 1 ms
--------------------------------------------------
received prefix: 10.0.0.27
start time: 1741057501382
local preference: 193
end time: 1741057501384
Time: 2 ms
--------------------------------------------------
received prefix: 10.0.0.28
start time: 1741057501654
local preference: 169
end time: 1741057501655
Time: 1 ms
--------------------------------------------------
received prefix: 10.0.0.29
start time: 1741057501811
local preference: 201
end time: 1741057501813
Time: 2 ms
--------------------------------------------------
received prefix: 10.0.0.30
start time: 1741057501990
local preference: 227
end time: 1741057501994
Time: 4 ms
--------------------------------------------------
received prefix: 10.0.0.31
start time: 1741057502224
local preference: 218
end time: 1741057502225
Time: 1 ms
--------------------------------------------------
received prefix: 10.0.0.32
start time: 1741057502428
local preference: 218
end time: 1741057502429
Time: 1 ms
--------------------------------------------------
received prefix: 10.0.0.12
start time: 1741057503403
local preference: 215
end time: 1741057503404
Time: 1 ms
--------------------------------------------------
received prefix: 10.0.0.25
start time: 1741057538423
local preference: 191
end time: 1741057538424
Time: 1 ms
--------------------------------------------------
received prefix: 10.0.0.23
start time: 1741057538911
local preference: 228
end time: 1741057538914
Time: 3 ms
--------------------------------------------------
received prefix: 10.0.0.24
start time: 1741057539355
local preference: 207
end time: 1741057539355
Time: 0 ms
--------------------------------------------------
received prefix: 10.0.0.26
start time: 1741057539756
local preference: 182
end time: 1741057539757
Time: 1 ms
--------------------------------------------------
received prefix: 10.0.0.26
start time: 1741057539812
local preference: 181
end time: 1741057539813
Time: 1 ms
--------------------------------------------------
received prefix: 10.0.0.26
start time: 1741057539893
local preference: 181
end time: 1741057539896
Time: 3 ms
--------------------------------------------------
received prefix: 10.0.0.26
start time: 1741057539922
local preference: 182
end time: 1741057539923
Time: 1 ms
--------------------------------------------------
received prefix: 10.0.0.26
start time: 1741057540280
local preference: 182
end time: 1741057540281
Time: 1 ms
--------------------------------------------------
received prefix: 10.0.0.26
start time: 1741057540319
local preference: 181
end time: 1741057540320
Time: 1 ms
--------------------------------------------------
received prefix: 10.0.0.26
start time: 1741057540373
local preference: 181
end time: 1741057540374
Time: 1 ms
--------------------------------------------------
received prefix: 10.0.0.26
start time: 1741057540441
local preference: 182
end time: 1741057540445
Time: 4 ms
--------------------------------------------------
received prefix: 10.0.0.26
start time: 1741057540849
local preference: 182
end time: 1741057540851
Time: 2 ms
--------------------------------------------------
received prefix: 10.0.0.26
start time: 1741057540901
local preference: 182
end time: 1741057540902
Time: 1 ms
--------------------------------------------------
received prefix: 10.0.0.26
start time: 1741057540935
local preference: 181
end time: 1741057540935
Time: 0 ms
--------------------------------------------------
received prefix: 10.0.0.26
start time: 1741057540980
local preference: 182
end time: 1741057540983
Time: 3 ms
--------------------------------------------------
received prefix: 10.0.0.26
start time: 1741057541155
local preference: 182
end time: 1741057541156
Time: 1 ms
--------------------------------------------------
received prefix: 10.0.0.26
start time: 1741057541211
local preference: 182
end time: 1741057541213
Time: 2 ms
--------------------------------------------------
received prefix: 10.0.0.26
start time: 1741057541267
local preference: 181
end time: 1741057541268
Time: 1 ms
--------------------------------------------------
received prefix: 10.0.0.26
start time: 1741057541296
local preference: 182
end time: 1741057541298
Time: 2 ms
--------------------------------------------------
received prefix: 10.0.0.1
start time: 1741057541485
local preference: 230
end time: 1741057541486
Time: 1 ms
--------------------------------------------------
received prefix: 10.0.0.1
start time: 1741057541562
local preference: 230
end time: 1741057541563
Time: 1 ms
--------------------------------------------------
received prefix: 10.0.0.1
start time: 1741057541629
local preference: 229
end time: 1741057541630
Time: 1 ms
--------------------------------------------------
received prefix: 10.0.0.1
start time: 1741057541685
local preference: 229
end time: 1741057541688
Time: 3 ms
--------------------------------------------------
received prefix: 10.0.0.2
start time: 1741057541955
local preference: 234
end time: 1741057541956
Time: 1 ms
--------------------------------------------------
received prefix: 10.0.0.2
start time: 1741057542023
local preference: 234
end time: 1741057542024
Time: 1 ms
--------------------------------------------------
received prefix: 10.0.0.2
start time: 1741057542095
local preference: 233
end time: 1741057542096
Time: 1 ms
--------------------------------------------------
received prefix: 10.0.0.2
start time: 1741057542158
local preference: 233
end time: 1741057542159
Time: 1 ms
--------------------------------------------------
received prefix: 10.0.0.3
start time: 1741057542347
local preference: 216
end time: 1741057542349
Time: 2 ms
--------------------------------------------------
received prefix: 10.0.0.3
start time: 1741057542414
local preference: 216
end time: 1741057542415
Time: 1 ms
--------------------------------------------------
received prefix: 10.0.0.3
start time: 1741057542450
local preference: 215
end time: 1741057542450
Time: 0 ms
--------------------------------------------------
received prefix: 10.0.0.3
start time: 1741057542491
local preference: 215
end time: 1741057542492
Time: 1 ms
--------------------------------------------------
received prefix: 10.0.0.32
start time: 1741057542790
local preference: 226
end time: 1741057542790
Time: 0 ms
--------------------------------------------------
received prefix: 10.0.0.32
start time: 1741057542843
local preference: 226
end time: 1741057542844
Time: 1 ms
--------------------------------------------------
received prefix: 10.0.0.32
start time: 1741057542911
local preference: 225
end time: 1741057542912
Time: 1 ms
--------------------------------------------------
received prefix: 10.0.0.32
start time: 1741057542977
local preference: 225
end time: 1741057542979
Time: 2 ms
--------------------------------------------------
received prefix: 10.0.0.27
start time: 1741057543253
local preference: 201
end time: 1741057543254
Time: 1 ms
--------------------------------------------------
received prefix: 10.0.0.27
start time: 1741057543306
local preference: 201
end time: 1741057543308
Time: 2 ms
--------------------------------------------------
received prefix: 10.0.0.27
start time: 1741057543372
local preference: 200
end time: 1741057543374
Time: 2 ms
--------------------------------------------------
received prefix: 10.0.0.27
start time: 1741057543394
local preference: 200
end time: 1741057543394
Time: 0 ms
--------------------------------------------------
received prefix: 10.0.0.28
start time: 1741057543669
local preference: 209
end time: 1741057543669
Time: 0 ms
--------------------------------------------------
received prefix: 10.0.0.28
start time: 1741057543739
local preference: 209
end time: 1741057543741
Time: 2 ms
--------------------------------------------------
received prefix: 10.0.0.28
start time: 1741057543758
local preference: 208
end time: 1741057543759
Time: 1 ms
--------------------------------------------------
received prefix: 10.0.0.28
start time: 1741057543827
local preference: 208
end time: 1741057543828
Time: 1 ms
--------------------------------------------------
received prefix: 10.0.0.29
start time: 1741057544076
local preference: 210
end time: 1741057544077
Time: 1 ms
--------------------------------------------------
received prefix: 10.0.0.29
start time: 1741057544139
local preference: 210
end time: 1741057544139
Time: 0 ms
--------------------------------------------------
received prefix: 10.0.0.29
start time: 1741057544209
local preference: 209
end time: 1741057544210
Time: 1 ms
--------------------------------------------------
received prefix: 10.0.0.29
start time: 1741057544252
local preference: 209
end time: 1741057544252
Time: 0 ms
--------------------------------------------------
received prefix: 10.0.0.30
start time: 1741057544482
local preference: 226
end time: 1741057544482
Time: 0 ms
--------------------------------------------------
received prefix: 10.0.0.30
start time: 1741057544552
local preference: 226
end time: 1741057544553
Time: 1 ms
--------------------------------------------------
received prefix: 10.0.0.30
start time: 1741057544598
local preference: 225
end time: 1741057544599
Time: 1 ms
--------------------------------------------------
received prefix: 10.0.0.30
start time: 1741057544626
local preference: 225
end time: 1741057544626
Time: 0 ms
--------------------------------------------------
received prefix: 10.0.0.31
start time: 1741057544926
local preference: 226
end time: 1741057544927
Time: 1 ms
--------------------------------------------------
received prefix: 10.0.0.31
start time: 1741057544984
local preference: 226
end time: 1741057544985
Time: 1 ms
--------------------------------------------------
received prefix: 10.0.0.31
start time: 1741057545020
local preference: 225
end time: 1741057545021
Time: 1 ms
--------------------------------------------------
received prefix: 10.0.0.31
start time: 1741057545065
local preference: 225
end time: 1741057545068
Time: 3 ms
--------------------------------------------------
received prefix: 10.0.0.6
start time: 1741057545756
local preference: 233
end time: 1741057545757
Time: 1 ms
--------------------------------------------------
received prefix: 10.0.0.4
start time: 1741057546325
local preference: 182
end time: 1741057546327
Time: 2 ms
--------------------------------------------------
received prefix: 10.0.0.5
start time: 1741057546827
local preference: 217
end time: 1741057546828
Time: 1 ms
--------------------------------------------------
received prefix: 10.0.0.26
start time: 1741057584085
local preference: 192
end time: 1741057584086
Time: 1 ms
--------------------------------------------------
received prefix: 10.0.0.32
start time: 1741057584427
local preference: 208
end time: 1741057584428
Time: 1 ms
--------------------------------------------------
received prefix: 10.0.0.32
start time: 1741057584479
local preference: 208
end time: 1741057584480
Time: 1 ms
--------------------------------------------------
received prefix: 10.0.0.32
start time: 1741057584563
local preference: 207
end time: 1741057584564
Time: 1 ms
--------------------------------------------------
received prefix: 10.0.0.32
start time: 1741057584614
local preference: 208
end time: 1741057584616
Time: 2 ms
--------------------------------------------------
received prefix: 10.0.0.27
start time: 1741057584730
local preference: 183
end time: 1741057584731
Time: 1 ms
--------------------------------------------------
received prefix: 10.0.0.27
start time: 1741057584810
local preference: 182
end time: 1741057584812
Time: 2 ms
--------------------------------------------------
received prefix: 10.0.0.27
start time: 1741057584882
local preference: 182
end time: 1741057584885
Time: 3 ms
--------------------------------------------------
received prefix: 10.0.0.27
start time: 1741057584964
local preference: 183
end time: 1741057584965
Time: 1 ms
--------------------------------------------------
received prefix: 10.0.0.28
start time: 1741057585079
local preference: 191
end time: 1741057585080
Time: 1 ms
--------------------------------------------------
received prefix: 10.0.0.28
start time: 1741057585138
local preference: 190
end time: 1741057585141
Time: 3 ms
--------------------------------------------------
received prefix: 10.0.0.28
start time: 1741057585170
local preference: 190
end time: 1741057585171
Time: 1 ms
--------------------------------------------------
received prefix: 10.0.0.28
start time: 1741057585208
local preference: 191
end time: 1741057585209
Time: 1 ms
--------------------------------------------------
received prefix: 10.0.0.29
start time: 1741057585379
local preference: 192
end time: 1741057585380
Time: 1 ms
--------------------------------------------------
received prefix: 10.0.0.29
start time: 1741057585430
local preference: 191
end time: 1741057585433
Time: 3 ms
--------------------------------------------------
received prefix: 10.0.0.29
start time: 1741057585457
local preference: 191
end time: 1741057585457
Time: 0 ms
--------------------------------------------------
received prefix: 10.0.0.29
start time: 1741057585498
local preference: 192
end time: 1741057585499
Time: 1 ms
--------------------------------------------------
received prefix: 10.0.0.30
start time: 1741057585595
local preference: 208
end time: 1741057585596
Time: 1 ms
--------------------------------------------------
received prefix: 10.0.0.30
start time: 1741057585660
local preference: 208
end time: 1741057585661
Time: 1 ms
--------------------------------------------------
received prefix: 10.0.0.30
start time: 1741057585727
local preference: 207
end time: 1741057585727
Time: 0 ms
--------------------------------------------------
received prefix: 10.0.0.30
start time: 1741057585789
local preference: 208
end time: 1741057585790
Time: 1 ms
--------------------------------------------------
received prefix: 10.0.0.31
start time: 1741057585877
local preference: 208
end time: 1741057585878
Time: 1 ms
--------------------------------------------------
received prefix: 10.0.0.31
start time: 1741057585930
local preference: 208
end time: 1741057585931
Time: 1 ms
--------------------------------------------------
received prefix: 10.0.0.31
start time: 1741057585972
local preference: 207
end time: 1741057585972
Time: 0 ms
--------------------------------------------------
received prefix: 10.0.0.31
start time: 1741057586015
local preference: 208
end time: 1741057586018
Time: 3 ms
--------------------------------------------------
received prefix: 10.0.0.32
start time: 1741057586840
local preference: 208
end time: 1741057586840
Time: 0 ms
--------------------------------------------------
received prefix: 10.0.0.32
start time: 1741057586914
local preference: 208
end time: 1741057586914
Time: 0 ms
--------------------------------------------------
received prefix: 10.0.0.32
start time: 1741057586973
local preference: 207
end time: 1741057586974
Time: 1 ms
--------------------------------------------------
received prefix: 10.0.0.32
start time: 1741057587028
local preference: 208
end time: 1741057587029
Time: 1 ms
--------------------------------------------------
received prefix: 10.0.0.27
start time: 1741057587362
local preference: 183
end time: 1741057587362
Time: 0 ms
--------------------------------------------------
received prefix: 10.0.0.27
start time: 1741057587435
local preference: 182
end time: 1741057587436
Time: 1 ms
--------------------------------------------------
received prefix: 10.0.0.27
start time: 1741057587494
local preference: 182
end time: 1741057587495
Time: 1 ms
--------------------------------------------------
received prefix: 10.0.0.27
start time: 1741057587549
local preference: 183
end time: 1741057587550
Time: 1 ms
--------------------------------------------------
received prefix: 10.0.0.28
start time: 1741057587760
local preference: 191
end time: 1741057587760
Time: 0 ms
--------------------------------------------------
received prefix: 10.0.0.28
start time: 1741057587812
local preference: 190
end time: 1741057587814
Time: 2 ms
--------------------------------------------------
received prefix: 10.0.0.28
start time: 1741057587860
local preference: 190
end time: 1741057587861
Time: 1 ms
--------------------------------------------------
received prefix: 10.0.0.28
start time: 1741057587927
local preference: 191
end time: 1741057587928
Time: 1 ms
--------------------------------------------------
received prefix: 10.0.0.29
start time: 1741057588176
local preference: 192
end time: 1741057588176
Time: 0 ms
--------------------------------------------------
received prefix: 10.0.0.29
start time: 1741057588230
local preference: 191
end time: 1741057588235
Time: 5 ms
--------------------------------------------------
received prefix: 10.0.0.29
start time: 1741057588297
local preference: 191
end time: 1741057588298
Time: 1 ms
--------------------------------------------------
received prefix: 10.0.0.29
start time: 1741057588361
local preference: 192
end time: 1741057588361
Time: 0 ms
--------------------------------------------------
received prefix: 10.0.0.30
start time: 1741057588729
local preference: 208
end time: 1741057588730
Time: 1 ms
--------------------------------------------------
received prefix: 10.0.0.30
start time: 1741057588769
local preference: 208
end time: 1741057588771
Time: 2 ms
--------------------------------------------------
received prefix: 10.0.0.30
start time: 1741057588830
local preference: 207
end time: 1741057588830
Time: 0 ms
--------------------------------------------------
received prefix: 10.0.0.30
start time: 1741057588895
local preference: 208
end time: 1741057588897
Time: 2 ms
--------------------------------------------------
received prefix: 10.0.0.31
start time: 1741057589169
local preference: 208
end time: 1741057589170
Time: 1 ms
--------------------------------------------------
received prefix: 10.0.0.31
start time: 1741057589233
local preference: 208
end time: 1741057589235
Time: 2 ms
--------------------------------------------------
received prefix: 10.0.0.31
start time: 1741057589297
local preference: 207
end time: 1741057589299
Time: 2 ms
--------------------------------------------------
received prefix: 10.0.0.31
start time: 1741057589357
local preference: 208
end time: 1741057589359
Time: 2 ms
--------------------------------------------------
received prefix: 10.0.0.32
start time: 1741057589892
local preference: 208
end time: 1741057589893
Time: 1 ms
--------------------------------------------------
received prefix: 10.0.0.32
start time: 1741057589933
local preference: 208
end time: 1741057589933
Time: 0 ms
--------------------------------------------------
received prefix: 10.0.0.32
start time: 1741057589988
local preference: 207
end time: 1741057589989
Time: 1 ms
--------------------------------------------------
received prefix: 10.0.0.32
start time: 1741057590057
local preference: 208
end time: 1741057590058
Time: 1 ms
--------------------------------------------------
received prefix: 10.0.0.27
start time: 1741057590108
local preference: 183
end time: 1741057590109
Time: 1 ms
--------------------------------------------------
received prefix: 10.0.0.27
start time: 1741057590179
local preference: 183
end time: 1741057590180
Time: 1 ms
--------------------------------------------------
received prefix: 10.0.0.27
start time: 1741057590224
local preference: 182
end time: 1741057590225
Time: 1 ms
--------------------------------------------------
received prefix: 10.0.0.27
start time: 1741057590263
local preference: 183
end time: 1741057590264
Time: 1 ms
--------------------------------------------------
received prefix: 10.0.0.28
start time: 1741057590349
local preference: 191
end time: 1741057590350
Time: 1 ms
--------------------------------------------------
received prefix: 10.0.0.28
start time: 1741057590394
local preference: 191
end time: 1741057590394
Time: 0 ms
--------------------------------------------------
received prefix: 10.0.0.28
start time: 1741057590462
local preference: 190
end time: 1741057590463
Time: 1 ms
--------------------------------------------------
received prefix: 10.0.0.28
start time: 1741057590525
local preference: 191
end time: 1741057590526
Time: 1 ms
--------------------------------------------------
received prefix: 10.0.0.29
start time: 1741057590624
local preference: 192
end time: 1741057590625
Time: 1 ms
--------------------------------------------------
received prefix: 10.0.0.29
start time: 1741057590716
local preference: 192
end time: 1741057590717
Time: 1 ms
--------------------------------------------------
received prefix: 10.0.0.29
start time: 1741057590781
local preference: 191
end time: 1741057590782
Time: 1 ms
--------------------------------------------------
received prefix: 10.0.0.29
start time: 1741057590822
local preference: 192
end time: 1741057590823
Time: 1 ms
--------------------------------------------------
received prefix: 10.0.0.30
start time: 1741057590912
local preference: 208
end time: 1741057590913
Time: 1 ms
--------------------------------------------------
received prefix: 10.0.0.30
start time: 1741057590985
local preference: 208
end time: 1741057590986
Time: 1 ms
--------------------------------------------------
received prefix: 10.0.0.30
start time: 1741057591040
local preference: 207
end time: 1741057591042
Time: 2 ms
--------------------------------------------------
received prefix: 10.0.0.30
start time: 1741057591104
local preference: 208
end time: 1741057591107
Time: 3 ms
--------------------------------------------------
received prefix: 10.0.0.31
start time: 1741057591197
local preference: 208
end time: 1741057591197
Time: 0 ms
--------------------------------------------------
received prefix: 10.0.0.31
start time: 1741057591262
local preference: 208
end time: 1741057591262
Time: 0 ms
--------------------------------------------------
received prefix: 10.0.0.31
start time: 1741057591305
local preference: 207
end time: 1741057591306
Time: 1 ms
--------------------------------------------------
received prefix: 10.0.0.31
start time: 1741057591349
local preference: 208
end time: 1741057591349
Time: 0 ms
--------------------------------------------------
received prefix: 10.0.0.32
start time: 1741057591677
local preference: 208
end time: 1741057591680
Time: 3 ms
--------------------------------------------------
received prefix: 10.0.0.32
start time: 1741057591747
local preference: 208
end time: 1741057591748
Time: 1 ms
--------------------------------------------------
received prefix: 10.0.0.32
start time: 1741057591788
local preference: 208
end time: 1741057591790
Time: 2 ms
--------------------------------------------------
received prefix: 10.0.0.32
start time: 1741057591842
local preference: 208
end time: 1741057591843
Time: 1 ms
--------------------------------------------------
received prefix: 10.0.0.27
start time: 1741057591930
local preference: 183
end time: 1741057591931
Time: 1 ms
--------------------------------------------------
received prefix: 10.0.0.27
start time: 1741057591991
local preference: 183
end time: 1741057591992
Time: 1 ms
--------------------------------------------------
received prefix: 10.0.0.27
start time: 1741057592063
local preference: 182
end time: 1741057592064
Time: 1 ms
--------------------------------------------------
received prefix: 10.0.0.27
start time: 1741057592127
local preference: 183
end time: 1741057592128
Time: 1 ms
--------------------------------------------------
received prefix: 10.0.0.28
start time: 1741057592272
local preference: 191
end time: 1741057592276
Time: 4 ms
--------------------------------------------------
received prefix: 10.0.0.28
start time: 1741057592297
local preference: 191
end time: 1741057592298
Time: 1 ms
--------------------------------------------------
received prefix: 10.0.0.28
start time: 1741057592360
local preference: 190
end time: 1741057592361
Time: 1 ms
--------------------------------------------------
received prefix: 10.0.0.28
start time: 1741057592399
local preference: 191
end time: 1741057592401
Time: 2 ms
--------------------------------------------------
received prefix: 10.0.0.29
start time: 1741057592506
local preference: 192
end time: 1741057592507
Time: 1 ms
--------------------------------------------------
received prefix: 10.0.0.29
start time: 1741057592576
local preference: 192
end time: 1741057592576
Time: 0 ms
--------------------------------------------------
received prefix: 10.0.0.29
start time: 1741057592628
local preference: 191
end time: 1741057592629
Time: 1 ms
--------------------------------------------------
received prefix: 10.0.0.29
start time: 1741057592662
local preference: 192
end time: 1741057592663
Time: 1 ms
--------------------------------------------------
received prefix: 10.0.0.30
start time: 1741057592738
local preference: 208
end time: 1741057592741
Time: 3 ms
--------------------------------------------------
received prefix: 10.0.0.30
start time: 1741057592796
local preference: 208
end time: 1741057592797
Time: 1 ms
--------------------------------------------------
received prefix: 10.0.0.30
start time: 1741057592849
local preference: 208
end time: 1741057592851
Time: 2 ms
--------------------------------------------------
received prefix: 10.0.0.30
start time: 1741057592915
local preference: 208
end time: 1741057592916
Time: 1 ms
--------------------------------------------------
received prefix: 10.0.0.31
start time: 1741057592996
local preference: 208
end time: 1741057592996
Time: 0 ms
--------------------------------------------------
received prefix: 10.0.0.31
start time: 1741057593067
local preference: 208
end time: 1741057593069
Time: 2 ms
--------------------------------------------------
received prefix: 10.0.0.31
start time: 1741057593123
local preference: 208
end time: 1741057593124
Time: 1 ms
--------------------------------------------------
received prefix: 10.0.0.31
start time: 1741057593195
local preference: 208
end time: 1741057593196
Time: 1 ms
--------------------------------------------------
received prefix: 10.0.0.6
start time: 1741057593307
local preference: 206
end time: 1741057593307
Time: 0 ms
--------------------------------------------------
received prefix: 10.0.0.6
start time: 1741057593373
local preference: 207
end time: 1741057593373
Time: 0 ms
--------------------------------------------------
received prefix: 10.0.0.6
start time: 1741057593433
local preference: 213
end time: 1741057593436
Time: 3 ms
--------------------------------------------------
received prefix: 10.0.0.6
start time: 1741057593490
local preference: 214
end time: 1741057593492
Time: 2 ms
--------------------------------------------------
received prefix: 10.0.0.4
start time: 1741057593761
local preference: 190
end time: 1741057593762
Time: 1 ms
--------------------------------------------------
received prefix: 10.0.0.4
start time: 1741057593823
local preference: 190
end time: 1741057593824
Time: 1 ms
--------------------------------------------------
received prefix: 10.0.0.4
start time: 1741057593893
local preference: 189
end time: 1741057593894
Time: 1 ms
--------------------------------------------------
received prefix: 10.0.0.4
start time: 1741057593921
local preference: 189
end time: 1741057593921
Time: 0 ms
--------------------------------------------------
received prefix: 10.0.0.5
start time: 1741057594191
local preference: 225
end time: 1741057594192
Time: 1 ms
--------------------------------------------------
received prefix: 10.0.0.5
start time: 1741057594257
local preference: 225
end time: 1741057594260
Time: 3 ms
--------------------------------------------------
received prefix: 10.0.0.5
start time: 1741057594298
local preference: 224
end time: 1741057594298
Time: 0 ms
--------------------------------------------------
received prefix: 10.0.0.5
start time: 1741057594339
local preference: 224
end time: 1741057594340
Time: 1 ms
--------------------------------------------------
received prefix: 10.0.0.7
start time: 1741057594893
local preference: 233
end time: 1741057594894
Time: 1 ms
--------------------------------------------------
received prefix: 10.0.0.8
start time: 1741057595074
local preference: 218
end time: 1741057595075
Time: 1 ms
--------------------------------------------------
received prefix: 10.0.0.32
start time: 1741057610257
local preference: 218
end time: 1741057610259
Time: 2 ms
--------------------------------------------------
received prefix: 10.0.0.27
start time: 1741057610859
local preference: 193
end time: 1741057610863
Time: 4 ms
--------------------------------------------------
received prefix: 10.0.0.28
start time: 1741057611324
local preference: 201
end time: 1741057611325
Time: 1 ms
--------------------------------------------------
received prefix: 10.0.0.29
start time: 1741057611893
local preference: 202
end time: 1741057611897
Time: 4 ms
--------------------------------------------------
received prefix: 10.0.0.30
start time: 1741057612365
local preference: 218
end time: 1741057612370
Time: 5 ms
--------------------------------------------------
received prefix: 10.0.0.31
start time: 1741057612977
local preference: 218
end time: 1741057612978
Time: 1 ms
--------------------------------------------------
received prefix: 10.0.0.11
start time: 1741057614578
local preference: 217
end time: 1741057614580
Time: 2 ms
--------------------------------------------------
received prefix: 10.0.0.9
start time: 1741057614814
local preference: 234
end time: 1741057614815
Time: 1 ms
--------------------------------------------------
received prefix: 10.0.0.10
start time: 1741057615069
local preference: 231
end time: 1741057615069
Time: 0 ms
--------------------------------------------------
received prefix: 10.0.0.12
start time: 1741057615277
local preference: 225
end time: 1741057615277
Time: 0 ms
--------------------------------------------------
received prefix: 10.0.0.18
start time: 1741057633767
local preference: 237
end time: 1741057633768
Time: 1 ms
--------------------------------------------------
received prefix: 10.0.0.19
start time: 1741057633990
local preference: 233
end time: 1741057633992
Time: 2 ms
--------------------------------------------------
